年,月,日,时,分,NEE,RE,GPP,LE,Hs
/,/,/,/,/,mg CO2 m-2 s-1,mg CO2 m-2 s-1,mg CO2 m-2 s-1,W m-2,W m-2
2017,1,1,0,30,-0.091352877,2.075730245,0.00000025 ,-12.7046,11.1653
2017,1,1,1,0,-0.09206892,2.092000245,0.00000025 ,25.3849,11.1097
2017,1,1,1,30,-0.091221287,2.072740245,0.00000025 ,-8.56611,11.347
2017,1,1,2,0,-0.093864968,2.132810245,0.00000025 ,88.7408,10.8864
2017,1,1,2,30,-0.101176349,2.298940245,0.00000025 ,29.0679,10.3444
2017,1,1,3,0,-0.096391142,2.190210245,0.00000025 ,89.5253,10.5149
2017,1,1,3,30,-0.096128843,2.184250245,0.00000025 ,89.7172,10.8449
2017,1,1,4,0,-0.098960446,2.248590245,0.00000025 ,88.9658,10.5149
2017,1,1,4,30,-0.101405201,2.304140245,0.00000025 ,87.9258,9.22984
2017,1,1,5,0,-0.178776542,4.062180245,0.00000025 ,11.2741,0.237059
2017,1,1,5,30,-0.299209027,6.798660245,0.00000025 ,87.275,0.734315
2017,1,1,6,0,-0.484800957,11.01570024,0.00000025 ,87.463,2.42413
2017,1,1,6,30,-0.206170566,4.684630245,0.00000025 ,95.9722,5.01136
2017,1,1,7,0,-0.175827872,3.995180245,0.00000025 ,146.334,7.61389
2017,1,1,7,30,-0.261071281,5.932090245,0.00000025 ,266.28,14.3348
2017,1,1,8,0,-0.150310874,3.415380245,0.00000025 ,171.416,9.58715
2017,1,1,8,30,-0.11072828,2.515980245,0.00000025 ,174.942,9.48423
2017,1,1,9,0,-0.192184628,4.366840245,0.00000025 ,216.249,14.578
2017,1,1,9,30,-0.0686534,1.559950245,0.00000025 ,157.137,9.27871
2017,1,1,10,0,-0.125950899,2.861870245,0.00000025 ,175.463,10.3448
2017,1,1,10,30,-0.079982894,1.817380245,0.00000025 ,139.876,9.83501
2017,1,1,11,0,-0.057154027,1.298660278,0.00000028 ,91.3623,6.6854
2017,1,1,11,30,-0.052200701,1.186110307,0.00000031 ,36.6367,4.42629
2017,1,1,12,0,-0.069992184,1.590370334,0.00000033 ,18.7733,0.552394
2017,1,1,12,30,-0.029332181,0.666489366,0.00000037 ,81.0681,1.4269
2017,1,1,13,0,-0.030671141,0.696913402,0.00000040 ,-23.72,1.48245
2017,1,1,13,30,-0.062974349,1.430910437,0.00000044 ,27.8076,-10.0717
2017,1,1,14,0,-0.020871743,0.474250438,0.00000044 ,-7.58424,-3.49294
2017,1,1,14,30,-0.044814943,1.018290416,0.00000042 ,27.8076,-3.64218
2017,1,1,15,0,-0.15346155,3.486970418,0.00000042 ,50.7532,11.7049
2017,1,1,15,30,-0.1041281,2.366010394,0.00000039 ,75.1082,11.2263
2017,1,1,16,0,-0.019459726,0.442166361,0.00000036 ,-9.67812,-3.17468
2017,1,1,16,30,-0.017282023,0.392684343,0.00000034 ,-10.4103,-2.88854
2017,1,1,17,0,-0.01867045,0.424232324,0.00000032 ,-13.6029,-2.12835
2017,1,1,17,30,-0.016885185,0.38366732,0.00000032 ,-24.7485,4.64207
2017,1,1,18,0,-0.008136965,0.184889316,0.00000032 ,-20.6545,7.65294
2017,1,1,18,30,-0.047481949,1.078890312,0.00000031 ,106.76,9.97991
2017,1,1,19,0,-0.161664134,3.673350308,0.00000031 ,-4.53554,7.50602
2017,1,1,19,30,-0.099058148,2.250810304,0.00000030 ,100.98,17.2584
2017,1,1,20,0,-0.061419036,1.3955703,0.00000030 ,46.3594,5.30205
2017,1,1,20,30,-0.052340213,1.189280296,0.00000030 ,-5.09791,8.46353
2017,1,1,21,0,-0.077341854,1.757370292,0.00000029 ,-44.8991,10.4637
2017,1,1,21,30,-0.069879958,1.587820288,0.00000029 ,87.4543,10.941
2017,1,1,22,0,-0.065037098,1.477780284,0.00000028 ,11.1455,11.6476
2017,1,1,22,30,-0.082862908,1.88282028,0.00000028 ,82.2874,10.0653
2017,1,1,23,0,-0.118366655,2.689540276,0.00000028 ,64.3206,3.33853
2017,1,1,23,30,-0.116337354,2.643430272,0.00000027 ,126.459,10.301
2017,1,1,24,0,-0.028159402,0.639841268,0.00000027 ,118.014,9.64535
2017,1,2,0,30,0.003199527,-0.072699736,0.00000026 ,119.425,9.75138
2017,1,2,1,0,0.098022593,-2.22727974,0.00000026 ,173.192,20.9561
2017,1,2,1,30,-0.023496191,0.533883256,0.00000026 ,89.4064,10.5458
2017,1,2,2,0,-0.058811003,1.336310252,0.00000025 ,109.534,10.4674
2017,1,2,2,30,-0.008238408,0.187194248,0.00000025 ,56.1172,4.66961
2017,1,2,3,0,-0.011352071,0.257943244,0.00000024 ,55.5785,3.91078
2017,1,2,3,30,-0.0339417,0.77122724,0.00000024 ,63.299,4.6637
2017,1,2,4,0,-0.039726023,0.902659236,0.00000024 ,53.5451,3.89165
2017,1,2,4,30,-0.007003663,0.159138232,0.00000023 ,35.6445,3.63114
2017,1,2,5,0,-0.025641634,0.582632228,0.00000023 ,29.7349,7.13034
2017,1,2,5,30,-0.01648729,0.374626225,0.00000023 ,2.25559,16.7297
2017,1,2,6,0,-0.018684666,0.424555221,0.00000022 ,-5.06258,21.2831
2017,1,2,6,30,-0.11693413,2.656990217,0.00000022 ,-10.6192,-1.39166
2017,1,2,7,0,-0.008067209,0.183304213,0.00000021 ,-13.333,-1.06765
2017,1,2,7,30,-0.009887815,0.224672209,0.00000021 ,-25.539,35.9025
2017,1,2,8,0,-0.015004153,0.340926205,0.00000021 ,-44.1781,11.3883
2017,1,2,8,30,-0.199843249,4.540860201,0.00000020 ,-38.3128,51.7644
2017,1,2,9,0,-0.466932897,10.6097002,0.00000020 ,-10.0314,122.281
2017,1,2,9,30,-0.282981659,6.429940194,0.00000019 ,-7.83453,77.3945
2017,1,2,10,0,-0.348392842,7.916220119,0.00000012 ,-14.5634,94.3245
2017,1,2,10,30,-0.282981659,6.429940126,0.00000013 ,-19.6588,77.3945
2017,1,2,11,0,0.009877164,-0.22442985,0.00000015 ,-25.2796,10.7033
2017,1,2,11,30,-0.001925129,0.043743173,0.00000017 ,-22.0238,8.28418
2017,1,2,12,0,-0.021158688,0.480770216,0.00000022 ,35.4141,8.85574
2017,1,2,12,30,-0.032872257,0.74692724,0.00000024 ,-30.1614,10.7784
2017,1,2,13,0,-0.017067078,0.38780026,0.00000026 ,-114.07,6.7902
2017,1,2,13,30,-0.038510642,0.875043284,0.00000028 ,53.4673,5.01974
2017,1,2,14,0,-0.046475,1.056010292,0.00000029 ,63.5671,5.01491
2017,1,2,14,30,-0.075496514,1.715440293,0.00000029 ,34.7694,-0.0660175
2017,1,2,15,0,-0.277597036,6.307590286,0.00000029 ,15.0338,-2.60875
2017,1,2,15,30,-0.519837318,11.81180026,0.00000026 ,63.972,-11.5741
2017,1,2,16,0,-0.173867226,3.950630249,0.00000025 ,126.709,-2.89537
2017,1,2,16,30,-0.091973858,2.08984024,0.00000024 ,31.4859,5.25258
2017,1,2,17,0,-0.152654846,3.46864023,0.00000023 ,78.7464,4.10009
2017,1,2,17,30,-0.30886262,7.018010217,0.00000022 ,120.325,11.1016
2017,1,2,18,0,-0.16195856,3.680040211,0.00000021 ,272.626,17.4759
2017,1,2,18,30,-0.166205085,3.776530211,0.00000021 ,327.361,32.8675
2017,1,2,19,0,-0.063356796,1.439600212,0.00000021 ,627.353,54.1108
2017,1,2,19,30,-0.000902205,0.020500212,0.00000021 ,333.218,27.016
2017,1,2,20,0,-0.060271255,1.369490213,0.00000021 ,259.965,10.1861
2017,1,2,20,30,-0.008927649,0.202855213,0.00000021 ,132.281,13.3971
2017,1,2,21,0,0.01661888,-0.377615787,0.00000021 ,205.62,23.4292
2017,1,2,21,30,-0.090731016,2.061600214,0.00000021 ,125.514,13.8357
2017,1,2,22,0,-0.064204429,1.458860214,0.00000021 ,82.5371,10.7662
2017,1,2,22,30,-0.110011357,2.499690215,0.00000022 ,22.8038,3.78941
2017,1,2,23,0,-0.09229117,2.097050215,0.00000022 ,-25.6602,0.77559
2017,1,2,23,30,-0.081486275,1.851540216,0.00000022 ,-26.5804,10.0346
2017,1,2,24,0,-0.142136456,3.229640216,0.00000022 ,82.0199,10.0346
2017,1,3,0,30,-0.082853666,1.882610217,0.00000022 ,84.4574,11.5384
2017,1,3,1,0,-0.084487317,1.919730217,0.00000022 ,-12.674,-0.766733
2017,1,3,1,30,-0.025996575,0.590697217,0.00000022 ,-38.9028,-6.2783
2017,1,3,2,0,-0.083209707,1.890700218,0.00000022 ,-18.0192,11.7193
2017,1,3,2,30,-0.081632389,1.854860218,0.00000022 ,-19.0741,11.5728
2017,1,3,3,0,-0.083209707,1.890700219,0.00000022 ,-30.2355,11.7193
2017,1,3,3,30,-0.083395869,1.894930219,0.00000022 ,-22.7781,11.7396
2017,1,3,4,0,-0.082039921,1.86412022,0.00000022 ,-20.0175,11.2153
2017,1,3,4,30,-0.083395869,1.89493022,0.00000022 ,-7.03929,11.7396
2017,1,3,5,0,-0.083209707,1.890700221,0.00000022 ,-33.8939,11.7193
2017,1,3,5,30,-0.085317346,1.938590221,0.00000022 ,-35.5585,11.6093
2017,1,3,6,0,-0.076699308,1.742770221,0.00000022 ,-18.886,9.44291
2017,1,3,6,30,-0.076699308,1.742770222,0.00000022 ,-12.6367,9.44291
2017,1,3,7,0,-0.075539204,1.716410222,0.00000022 ,83.2893,9.54996
2017,1,3,7,30,-0.072063734,1.637440223,0.00000022 ,-12.4956,10.1714
2017,1,3,8,0,-0.062555374,1.421390223,0.00000022 ,81.2889,10.2742
2017,1,3,8,30,-0.083350539,1.893900224,0.00000022 ,-11.9613,9.732
2017,1,3,9,0,-0.083454403,1.896260224,0.00000022 ,-44.3267,10.0497
2017,1,3,9,30,-0.087968948,1.998840225,0.00000023 ,-13.984,9.61112
2017,1,3,10,0,-0.10777917,2.448970225,0.00000023 ,61.8765,5.25891
2017,1,3,10,30,-0.102337333,2.325320225,0.00000023 ,2.45023,4.39877
2017,1,3,11,0,-0.865865943,19.67430023,0.00000023 ,166.206,4.5279
2017,1,3,11,30,-0.111760314,2.539430226,0.00000023 ,115.103,-2.03984
2017,1,3,12,0,-0.124806199,2.835860334,0.00000033 ,152.288,3.45857
2017,1,3,12,30,-0.272499358,6.191760359,0.00000036 ,365.294,13.9326
2017,1,3,13,0,-0.145016031,3.295070363,0.00000036 ,133.611,1.03012
2017,1,3,13,30,-0.200410978,4.553760372,0.00000037 ,149.646,4.58019
2017,1,3,14,0,-0.170233761,3.868070393,0.00000039 ,28.967,1.93158
2017,1,3,14,30,-0.105690455,2.401510398,0.00000040 ,201.523,9.91748
2017,1,3,15,0,-0.134548252,3.057220392,0.00000039 ,187.562,12.5656
2017,1,3,15,30,-0.15359622,3.490030385,0.00000039 ,208.317,15.3248
2017,1,3,16,0,-0.086894664,1.974430383,0.00000038 ,206.738,14.6233
2017,1,3,16,30,-0.119675953,2.719290382,0.00000038 ,132.188,9.30455
2017,1,3,17,0,-0.054847463,1.24625038,0.00000038 ,82.1811,4.46765
2017,1,3,17,30,-0.037040268,0.841633378,0.00000038 ,47.332,2.41547
2017,1,3,18,0,-0.036675822,0.833352377,0.00000038 ,30.6188,10.1561
2017,1,3,18,30,-0.026509556,0.602353375,0.00000038 ,-8.05256,-1.44733
2017,1,3,19,0,-0.045288931,1.029060374,0.00000037 ,-30.9081,-2.45201
2017,1,3,19,30,-0.030850922,0.700998372,0.00000037 ,-25.0827,-2.26344
2017,1,3,20,0,0.000462105,-0.010499629,0.00000037 ,82.897,-0.190015
2017,1,3,20,30,-0.081574736,1.853550369,0.00000037 ,80.9179,10.1861
2017,1,3,21,0,-0.083774355,1.903530367,0.00000037 ,83.3059,10.2152
2017,1,3,21,30,-0.08652234,1.965970366,0.00000037 ,81.3687,9.89929
2017,1,3,22,0,-0.086371385,1.962540364,0.00000036 ,-18.803,-0.23407
2017,1,3,22,30,0.03975815,-0.903388637,0.00000036 ,-4.78126,0.571944
2017,1,3,23,0,-0.094614018,2.149830361,0.00000036 ,83.0356,8.47626
2017,1,3,23,30,-0.116034125,2.636540359,0.00000036 ,97.4784,13.5015
2017,1,3,24,0,-0.108819566,2.472610358,0.00000036 ,66.3686,15.313
2017,1,4,0,30,-0.132889955,3.019540356,0.00000036 ,5.62926,14.411
2017,1,4,1,0,-0.130653807,2.968730355,0.00000036 ,67.6111,14.411
2017,1,4,1,30,-0.101432048,2.304750353,0.00000035 ,59.4612,15.7431
2017,1,4,2,0,-0.103593819,2.353870352,0.00000035 ,51.9359,16.9842
2017,1,4,2,30,-0.109998594,2.49940035,0.00000035 ,2.3946,16.8827
2017,1,4,3,0,-0.103593819,2.353870348,0.00000035 ,-5.56805,16.9842
2017,1,4,3,30,-0.109998594,2.499400347,0.00000035 ,44.7349,16.8827
2017,1,4,4,0,-0.118867489,2.700920345,0.00000035 ,39.87,17.3326
2017,1,4,4,30,-0.121376499,2.757930344,0.00000034 ,36.5768,17.9831
2017,1,4,5,0,-0.103496557,2.351660342,0.00000034 ,56.453,21.5604
2017,1,4,5,30,-0.097839071,2.22311034,0.00000034 ,16.091,24.9291
2017,1,4,6,0,-0.101915717,2.315740339,0.00000034 ,14.03,26.5275
2017,1,4,6,30,-0.106376571,2.417100337,0.00000034 ,12.4112,27.8936
2017,1,4,7,0,-0.106376571,2.417100336,0.00000034 ,12.4112,27.8936
2017,1,4,7,30,-0.367033278,8.339770334,0.00000033 ,31.9694,31.379
2017,1,4,8,0,-0.101915717,2.315740333,0.00000033 ,14.03,26.5275
2017,1,4,8,30,-1.490895963,33.87630033,0.00000033 ,13.1683,338.769
2017,1,4,9,0,0.1050972,-2.388029671,0.00000033 ,-0.185142,16.6858
2017,1,4,9,30,0.007230755,-0.164297881,0.00000012 ,35.7022,10.4547
2017,1,4,10,0,-0.021336356,0.484807149,0.00000015 ,53.4567,9.67479
2017,1,4,10,30,-0.051482898,1.16980018,0.00000018 ,70.8571,5.99775
2017,1,4,11,0,-0.006891482,0.156589202,0.00000020 ,74.4139,2.74486
2017,1,4,11,30,-0.044167996,1.003590239,0.00000024 ,73.0903,4.14709
2017,1,4,12,0,0.013631437,-0.309734719,0.00000028 ,71.726,5.59697
2017,1,4,12,30,0.007786997,-0.176936685,0.00000032 ,67.0905,5.93478
2017,1,4,13,0,0.020662255,-0.469489652,0.00000035 ,79.6558,3.23686
2017,1,4,13,30,0.014427842,-0.327830641,0.00000036 ,73.0145,3.38988
2017,1,4,14,0,0.006504986,-0.147806633,0.00000037 ,75.8685,2.64164
2017,1,4,14,30,-0.018719609,0.425349365,0.00000037 ,72.4137,5.14076
2017,1,4,15,0,-0.020954393,0.476128379,0.00000038 ,-22.1221,6.34335
2017,1,4,15,30,-0.016062902,0.364983373,0.00000037 ,-20.1305,-1.37968
2017,1,4,16,0,-0.015028491,0.341479347,0.00000035 ,-43.8327,8.43212
2017,1,4,16,30,-0.012931898,0.293840323,0.00000032 ,-34.7488,-1.89885
2017,1,4,17,0,-0.09739281,2.212970303,0.00000030 ,-18.0484,13.627
2017,1,4,17,30,-0.002882655,0.06550027,0.00000027 ,-19.6857,20.8288
2017,1,4,18,0,-0.002380941,0.054100248,0.00000025 ,-16.1428,15.3906
2017,1,4,18,30,-0.003406374,0.07740023,0.00000023 ,-38.3547,-1.74189
2017,1,4,19,0,-0.012046681,0.27372623,0.00000023 ,-44.6034,-1.9303
2017,1,4,19,30,-0.073652936,1.673550229,0.00000023 ,85.3504,-0.0584
2017,1,4,20,0,-0.101580361,2.308120229,0.00000023 ,-25.478,-1.55119
2017,1,4,20,30,-0.073352787,1.666730228,0.00000023 ,86.2667,12.4611
2017,1,4,21,0,-0.014564801,0.330943227,0.00000023 ,86.2667,-0.0838
2017,1,4,21,30,-0.069265139,1.573850227,0.00000023 ,88.9032,12.7242
2017,1,4,22,0,-0.061838891,1.405110226,0.00000023 ,-0.69225,10.2742
2017,1,4,22,30,-0.06064358,1.377950226,0.00000023 ,82.1478,10.4077
2017,1,4,23,0,-0.074758027,1.698660225,0.00000023 ,83.449,9.57374
2017,1,4,23,30,-0.081876644,1.860410225,0.00000023 ,82.6421,11.4008
2017,1,4,24,0,-0.082715475,1.879470224,0.00000022 ,84.3046,11.4197
2017,1,5,0,30,-0.082006474,1.863360224,0.00000022 ,83.8415,10.3558
2017,1,5,1,0,-0.07697173,1.748960223,0.00000022 ,84.4386,8.69746
2017,1,5,1,30,-0.083745309,1.902870223,0.00000022 ,83.2368,10.6123
2017,1,5,2,0,-0.083587313,1.899280222,0.00000022 ,84.0024,10.755
2017,1,5,2,30,-0.082711954,1.879390221,0.00000022 ,85.4411,10.4325
2017,1,5,3,0,-0.081974346,1.862630221,0.00000022 ,82.3692,10.0346
2017,1,5,3,30,-0.081486275,1.85154022,0.00000022 ,80.9365,10.0346
2017,1,5,4,0,-0.137644356,3.12757022,0.00000022 ,82.3692,-25.0239
2017,1,5,4,30,-1.361541771,30.93710022,0.00000022 ,91.7563,10.0286
2017,1,5,5,0,-0.082678946,1.878640219,0.00000022 ,83.7899,-98.7703
2017,1,5,5,30,-0.389946644,8.860410218,0.00000022 ,153.235,9.84348
2017,1,5,6,0,-0.257750286,5.856630218,0.00000022 ,174.2,10.0501
2017,1,5,6,30,-0.052659285,1.196530217,0.00000022 ,157.481,12.0412
2017,1,5,7,0,-0.221507171,5.033110217,0.00000022 ,220.972,20.3302
2017,1,5,7,30,-0.130024024,2.954420216,0.00000022 ,200.882,18.0772
2017,1,5,8,0,-0.014321954,0.325425216,0.00000022 ,186.701,18.4247
2017,1,5,8,30,-0.048269728,1.096790215,0.00000022 ,209.395,23.1467
2017,1,5,9,0,-0.092506379,2.101940214,0.00000021 ,340.893,36.7331
2017,1,5,9,30,-0.01219834,0.277172216,0.00000022 ,38.1335,19.1038
2017,1,5,10,0,-0.023384053,0.531335251,0.00000025 ,34.971,14.8553
2017,1,5,10,30,-0.024883782,0.565412295,0.00000030 ,54.855,12.3337
2017,1,5,11,0,-0.027316655,0.620692323,0.00000032 ,61.0818,8.3876
2017,1,5,11,30,-0.032571361,0.740090354,0.00000035 ,104.863,6.59635
2017,1,5,12,0,-0.052551021,1.19407038,0.00000038 ,98.5541,8.38319
2017,1,5,12,30,-0.029736809,0.675683397,0.00000040 ,-30.5271,0.0993918
2017,1,5,13,0,-0.04466795,1.014950425,0.00000043 ,90.1419,2.9206
2017,1,5,13,30,-0.016746157,0.380508458,0.00000046 ,46.5102,-4.07348
2017,1,5,14,0,-0.012598083,0.286255467,0.00000047 ,44.4969,-2.91239
2017,1,5,14,30,-0.024206644,0.550026469,0.00000047 ,-26.2648,46.7823
2017,1,5,15,0,-0.014682264,0.33361249,0.00000049 ,84.8728,-2.14127
2017,1,5,15,30,-0.092555231,2.103050483,0.00000048 ,-17.4464,-4.7568
2017,1,5,16,0,-0.116644544,2.650410455,0.00000046 ,-1.03189,-3.94066
2017,1,5,16,30,-0.069354039,1.575870425,0.00000043 ,65.5512,12.6871
2017,1,5,17,0,-0.06918328,1.571990397,0.00000040 ,7.7318,-3.4493
2017,1,5,17,30,-0.011178144,0.253991367,0.00000037 ,-6.81788,-1.89155
2017,1,5,18,0,-0.054391959,1.235900349,0.00000035 ,111.453,13.8268
2017,1,5,18,30,-0.085589328,1.944770333,0.00000033 ,100.221,13.4886
2017,1,5,19,0,-0.188312629,4.278860329,0.00000033 ,104.367,10.9938
2017,1,5,19,30,-0.170480217,3.873670326,0.00000033 ,-1.89585,11.617
2017,1,5,20,0,-0.139193948,3.162780323,0.00000032 ,-3.06486,11.9596
2017,1,5,20,30,-0.150476351,3.41914032,0.00000032 ,87.037,11.9596
2017,1,5,21,0,-0.178773461,4.062110318,0.00000032 ,91.3932,12.9135
2017,1,5,21,30,-0.134557494,3.057430315,0.00000032 ,97.02,11.9596
2017,1,5,22,0,-0.132579685,3.012490312,0.00000031 ,-6.20215,12.9135
2017,1,5,22,30,-0.146823962,3.336150309,0.00000031 ,-11.0189,24.1696
2017,1,5,23,0,-0.127166895,2.889500307,0.00000031 ,4.34377,23.5332
2017,1,5,23,30,-0.146823962,3.336150304,0.00000030 ,102.264,24.1696
2017,1,5,24,0,-0.103284428,2.346840301,0.00000030 ,92.9543,11.9401
2017,1,6,0,30,-0.103284428,2.346840298,0.00000030 ,90.2173,11.2859
2017,1,6,1,0,-0.098014671,2.227100295,0.00000030 ,86.9199,11.4266
2017,1,6,1,30,-0.091840508,2.086810293,0.00000029 ,84.0746,10.4481
2017,1,6,2,0,-0.364839379,8.28992029,0.00000029 ,51.1703,10.8233
2017,1,6,2,30,-0.080762751,1.835100287,0.00000029 ,341.321,11.0505
2017,1,6,3,0,-0.398213483,9.048250284,0.00000028 ,141.498,3.67469
2017,1,6,3,30,-0.195223519,4.435890281,0.00000028 ,58.4006,-24.3286
2017,1,6,4,0,-0.330666935,7.513450279,0.00000028 ,151.186,10.7072
2017,1,6,4,30,-0.06852225,1.556970276,0.00000028 ,86.5406,11.5646
2017,1,6,5,0,0.104603848,-2.376819727,0.00000027 ,597.629,229.806
2017,1,6,5,30,-0.067195788,1.52683027,0.00000027 ,50.6734,10.0145
2017,1,6,6,0,-0.020122604,0.457228268,0.00000027 ,72.4704,14.5231
2017,1,6,6,30,0.020383099,-0.463146735,0.00000027 ,135.962,52.1656
2017,1,6,7,0,-0.105442679,2.395880262,0.00000026 ,139.277,91.0981
2017,1,6,7,30,-0.026560343,0.603507259,0.00000026 ,46.402,13.6684
2017,1,6,8,0,0.075749132,-1.721179743,0.00000026 ,138.205,9.5605
2017,1,6,8,30,-0.007227762,0.164230254,0.00000025 ,43.2087,12.7974
2017,1,6,9,0,-0.013030701,0.296085251,0.00000025 ,-2.00579,3.77553
2017,1,6,9,30,-0.005011595,0.113874248,0.00000025 ,57.0063,-45.8333
2017,1,6,10,0,-0.00767706,0.174439277,0.00000028 ,68.5022,-47.2608
2017,1,6,10,30,-0.019922403,0.452679276,0.00000028 ,97.5163,33.6882
2017,1,6,11,0,-0.004339386,0.098600293,0.00000029 ,101.799,39.386
2017,1,6,11,30,-0.002270916,0.051600349,0.00000035 ,100.687,-17.041
2017,1,6,12,0,-0.007751041,0.176120383,0.00000038 ,99.0698,-5.84379
2017,1,6,12,30,-0.013996368,0.318027403,0.00000040 ,83.9162,-31.6696
2017,1,6,13,0,-0.15957894,3.625970439,0.00000044 ,11.3951,-23.2292
2017,1,6,13,30,-0.020871743,0.474250456,0.00000046 ,27.8076,-3.49294
2017,1,6,14,0,-0.033270944,0.755986457,0.00000046 ,27.8076,-3.49294
2017,1,6,14,30,0.072715082,-1.652239555,0.00000045 ,84.0965,95.7059
2017,1,6,15,0,-0.016660294,0.378557459,0.00000046 ,31.3145,15.857
2017,1,6,15,30,-0.022594426,0.513393452,0.00000045 ,-1.70059,-25.3797
2017,1,6,16,0,-0.074669126,1.696640429,0.00000043 ,73.3568,13.0771
2017,1,6,16,30,-0.085128543,1.934300405,0.00000041 ,-1.16525,-3.17468
2017,1,6,17,0,-0.017705619,0.402309385,0.00000039 ,-15.3237,-2.59619
2017,1,6,17,30,-0.012926309,0.293713367,0.00000037 ,-2.23068,-0.678192
2017,1,6,18,0,-0.009722161,0.22090834,0.00000034 ,-17.7824,3.00866
2017,1,6,18,30,-0.039599538,0.899785316,0.00000032 ,23.5391,8.43212
2017,1,6,19,0,-0.017389891,0.395135292,0.00000029 ,422.885,7.65259
2017,1,6,19,30,-0.1031612,2.344040289,0.00000029 ,-20.0023,19.8938
2017,1,6,20,0,0.196148169,-4.456899713,0.00000029 ,-25.7185,10.8233
2017,1,6,20,30,-0.067195348,1.526820284,0.00000028 ,-4.7677,11.2553
2017,1,6,21,0,0.537058431,-12.20309972,0.00000028 ,84.8925,-164.342
2017,1,6,21,30,-0.050641427,1.150680279,0.00000028 ,150.666,11.6338
2017,1,6,22,0,-0.004264569,0.096900276,0.00000028 ,130.737,14.9548
2017,1,6,22,30,0.001359909,-0.030899726,0.00000027 ,188.118,32.629
2017,1,6,23,0,0.047290945,-1.074549729,0.00000027 ,234.377,21.5929
2017,1,6,23,30,-0.002600991,0.059100268,0.00000027 ,242.669,35.5472
2017,1,6,24,0,-0.031539194,0.716637266,0.00000027 ,193.86,44.2972
2017,1,7,0,30,0.038062753,-0.864865737,0.00000026 ,214.941,25.7176
2017,1,7,1,0,0.011169562,-0.25379574,0.00000026 ,220.824,24.5673
2017,1,7,1,30,-0.001487538,0.033800258,0.00000026 ,184.008,25.5388
2017,1,7,2,0,0.00224451,-0.050999745,0.00000026 ,176.699,20.8896
2017,1,7,2,30,0.021011078,-0.477415747,0.00000025 ,161.056,19.5841
2017,1,7,3,0,0.001258686,-0.02859975,0.00000025 ,118.782,15.5298
2017,1,7,3,30,0.002979477,-0.067699753,0.00000025 ,70.506,17.8534
2017,1,7,4,0,-0.005642082,0.128200245,0.00000025 ,37.4543,6.03133
2017,1,7,4,30,-0.095640332,2.173150242,0.00000024 ,-5.09712,3.74455
2017,1,7,5,0,-0.000765774,0.01740024,0.00000024 ,-14.8951,-10.5269
2017,1,7,5,30,-0.020665644,0.469567237,0.00000024 ,-27.3705,-2.18042
2017,1,7,6,0,-0.012423671,0.282292234,0.00000023 ,-35.9224,-3.47635
2017,1,7,6,30,-0.007192378,0.163426232,0.00000023 ,-6.93919,15.5019
2017,1,7,7,0,-0.047196324,1.072400229,0.00000023 ,-90.6382,-11.9011
2017,1,7,7,30,-0.130557425,2.966540227,0.00000023 ,74.5842,15.2901
2017,1,7,8,0,-0.116749288,2.652790224,0.00000022 ,98.1072,13.7951
2017,1,7,8,30,-0.114572553,2.603330221,0.00000022 ,100.551,13.7023
2017,1,7,9,0,-0.148117856,3.365550219,0.00000022 ,99.4317,27.5533
2017,1,7,9,30,-0.066427814,1.509380216,0.00000022 ,61.9652,9.68132
2017,1,7,10,0,-0.063298263,1.438270195,0.00000020 ,67.137,9.7834
2017,1,7,10,30,-0.027653243,0.628340205,0.00000021 ,75.8507,11.2013
2017,1,7,11,0,-0.019076839,0.433466232,0.00000023 ,52.9324,9.87046
2017,1,7,11,30,-0.034346856,0.780433287,0.00000029 ,53.2764,1.43363
2017,1,7,12,0,-0.037911402,0.861427338,0.00000034 ,48.2429,2.73371
2017,1,7,12,30,0.010110153,-0.229723621,0.00000038 ,42.2726,6.17594
2017,1,7,13,0,-0.028758246,0.653448387,0.00000039 ,27.584,-2.38875
2017,1,7,13,30,-0.052587109,1.194890377,0.00000038 ,-7.97638,-5.50009
2017,1,7,14,0,-0.108034868,2.45478037,0.00000037 ,-7.0807,-5.35258
2017,1,7,14,30,-0.090965589,2.066930369,0.00000037 ,36.7698,7.67288
2017,1,7,15,0,-0.037530716,0.852777375,0.00000038 ,-8.75545,1.8167
2017,1,7,15,30,-0.002065755,0.046938669,0.00000037 ,182.117,19.6945
2017,1,7,16,0,-0.035371057,0.803705364,0.00000036 ,166.768,11.8704
2017,1,7,16,30,-0.015481662,0.351776353,0.00000035 ,159.499,16.8136
2017,1,7,17,0,-0.015568361,0.353746347,0.00000035 ,83.5226,9.98251
2017,1,7,17,30,-0.116181999,2.639900349,0.00000035 ,103.339,22.3118
2017,1,7,18,0,-0.110846667,2.51867035,0.00000035 ,99.6687,21.2995
2017,1,7,18,30,-0.103807267,2.358720348,0.00000035 ,94.4327,13.0566
2017,1,7,19,0,-0.098794528,2.244820345,0.00000035 ,-12.9376,11.8471
2017,1,7,19,30,-0.098794528,2.244820343,0.00000034 ,90.7689,11.8471
2017,1,7,20,0,-0.139722948,3.17480034,0.00000034 ,95.8582,24.6094
2017,1,7,20,30,-0.222907129,5.064920338,0.00000034 ,8.38816,24.1696
2017,1,7,21,0,-1.248075189,28.35890034,0.00000034 ,54.2299,12.8
2017,1,7,21,30,-0.238296106,5.414590333,0.00000033 ,179.163,12.3513
2017,1,7,22,0,-0.10434859,2.371020331,0.00000033 ,134.224,13.0566
2017,1,7,22,30,-0.115194415,2.617460329,0.00000033 ,175.442,14.7868
2017,1,7,23,0,-0.077647283,1.764310326,0.00000033 ,178.331,12.9009
2017,1,7,23,30,-0.116561365,2.648520324,0.00000032 ,225.634,17.974
2017,1,7,24,0,-0.057841463,1.314280321,0.00000032 ,152.682,15.6503
2017,1,8,0,30,-0.056343803,1.280250319,0.00000032 ,159.059,16.6806
2017,1,8,1,0,-0.040691998,0.924608317,0.00000032 ,208.974,19.7568
2017,1,8,1,30,-0.063219485,1.436480314,0.00000031 ,179.022,16.7328
2017,1,8,2,0,-0.057133782,1.298200312,0.00000031 ,192.171,30.7666
2017,1,8,2,30,-0.022613658,0.513830309,0.00000031 ,97.4033,12.4361
2017,1,8,3,0,-0.067670656,1.537620307,0.00000031 ,200.527,27.1638
2017,1,8,3,30,-0.001993653,0.045300305,0.00000031 ,61.4922,12.8668
2017,1,8,4,0,-0.021079998,0.478982302,0.00000030 ,42.4082,2.855
2017,1,8,4,30,-0.007248623,0.1647043,0.00000030 ,18.8821,-1.63913
2017,1,8,5,0,-0.020699047,0.470326298,0.00000030 ,94.483,-2.31852
2017,1,8,5,30,-0.060232966,1.368620295,0.00000030 ,-38.0436,-4.94367
2017,1,8,6,0,-0.041574663,0.944664293,0.00000029 ,-42.6304,-6.10128
2017,1,8,6,30,-0.045320618,1.02978029,0.00000029 ,-34.2894,-4.98631
2017,1,8,7,0,-0.026514441,0.602464288,0.00000029 ,-32.9689,-4.74814
2017,1,8,7,30,-0.014337842,0.325786286,0.00000029 ,-23.4963,-8.03294
2017,1,8,8,0,-0.018903747,0.429533283,0.00000028 ,-22.2872,-5.11996
2017,1,8,8,30,-0.017346057,0.394139281,0.00000028 ,-11.8443,-2.12758
2017,1,8,9,0,-0.054861106,1.246560279,0.00000028 ,92.8525,11.0693
2017,1,8,9,30,-0.058824206,1.336610276,0.00000028 ,-1.47274,-0.550703
2017,1,8,10,0,-0.004282173,0.097300222,0.00000022 ,42.1838,9.29056
2017,1,8,10,30,-0.003146715,0.071500258,0.00000026 ,90.6124,21.9599
2017,1,8,11,0,-0.007890861,0.179297267,0.00000027 ,91.411,11.5792
2017,1,8,11,30,0.016829072,-0.382391701,0.00000030 ,90.2783,12.698
2017,1,8,12,0,-0.040941491,0.930277329,0.00000033 ,108.284,13.1155
2017,1,8,12,30,0.02252423,-0.511797644,0.00000036 ,115.954,33.0582
2017,1,8,13,0,0.043045477,-0.978083627,0.00000037 ,123.412,55.811
2017,1,8,13,30,-0.075399252,1.713230404,0.00000040 ,123.634,-1.74512
2017,1,8,14,0,-0.082005593,1.863340412,0.00000041 ,105.707,15.5291
2017,1,8,14,30,-0.01319587,0.299838408,0.00000041 ,101.266,27.3972
2017,1,8,15,0,0.03211775,-0.729782567,0.00000043 ,96.3676,39.0045
2017,1,8,15,30,-0.017401862,0.395407417,0.00000042 ,-8.26188,-2.90006
2017,1,8,16,0,-0.016875679,0.383451386,0.00000039 ,-11.6881,-2.04942
2017,1,8,16,30,-0.021277999,0.483481371,0.00000037 ,-12.1825,-2.87702
2017,1,8,17,0,-0.001078245,0.024500359,0.00000036 ,-10.2822,3.43548
2017,1,8,17,30,0.018929977,-0.430128651,0.00000035 ,-7.84864,20.6053
2017,1,8,18,0,-0.015624562,0.355023334,0.00000033 ,-4.19117,13.7728
2017,1,8,18,30,-0.109258786,2.482590314,0.00000031 ,95.4536,20.4358
2017,1,8,19,0,-0.084199492,1.913190285,0.00000029 ,83.6448,10.5019
2017,1,8,19,30,0.323981816,-7.361549718,0.00000028 ,-9.8471,12.0349
2017,1,8,20,0,-0.061264561,1.392060279,0.00000028 ,93.8661,16.7731
2017,1,8,20,30,-0.044785896,1.017630276,0.00000028 ,1.97678,13.3314
2017,1,8,21,0,-0.042724864,0.970799272,0.00000027 ,11.3172,13.6074
2017,1,8,21,30,-0.063531956,1.443580269,0.00000027 ,68.768,12.6194
2017,1,8,22,0,0.181742376,-4.129569734,0.00000027 ,29.8999,12.8355
2017,1,8,22,30,-0.099213063,2.254330263,0.00000026 ,76.5437,30.3281
2017,1,8,23,0,-0.060019958,1.36378026,0.00000026 ,161.201,22.6485
2017,1,8,23,30,-0.224766992,5.107180256,0.00000026 ,193.571,23.5112
2017,1,8,24,0,-0.026679698,0.606219253,0.00000025 ,133.718,18.183
2017,1,9,0,30,-0.050398052,1.14515025,0.00000025 ,38.9462,9.38773
2017,1,9,1,0,-0.038879666,0.883428247,0.00000025 ,93.5043,17.3215
2017,1,9,1,30,0.009358462,-0.212643756,0.00000024 ,136.389,92.5114
2017,1,9,2,0,0.004466883,-0.101496759,0.00000024 ,172.377,21.9559
2017,1,9,2,30,-0.003441582,0.078200238,0.00000024 ,164.69,27.908
2017,1,9,3,0,0.018251783,-0.414718766,0.00000023 ,171.392,25.136
2017,1,9,3,30,-0.006378061,0.144923231,0.00000023 ,105.164,13.3094
2017,1,9,4,0,-0.021761273,0.494462228,0.00000023 ,63.9166,10.8183
2017,1,9,4,30,0.002843046,-0.064599775,0.00000023 ,21.5316,8.53127
2017,1,9,5,0,-0.018457266,0.419388222,0.00000022 ,-43.0961,3.66454
2017,1,9,5,30,-0.001518345,0.034500219,0.00000022 ,-64.0641,4.34168
2017,1,9,6,0,-0.033085046,0.751762216,0.00000022 ,-67.9098,13.1031
2017,1,9,6,30,-0.059381813,1.349280213,0.00000021 ,-44.8508,-6.22516
2017,1,9,7,0,-0.018226477,0.41414421,0.00000021 ,-27.6578,-3.68713
2017,1,9,7,30,-0.011222066,0.254989207,0.00000021 ,-27.0671,-7.3796
2017,1,9,8,0,-0.012230027,0.277892204,0.00000020 ,2.69652,9.42986
2017,1,9,8,30,-0.043885364,0.997168201,0.00000020 ,11.228,-6.40955
2017,1,9,9,0,-0.097038089,2.204910197,0.00000020 ,77.8475,846.605
2017,1,9,9,30,-0.271641603,6.172270194,0.00000019 ,61.6827,289.393
2017,1,9,10,0,-0.307956454,6.997420183,0.00000018 ,93.7353,182.284
2017,1,9,10,30,-0.094518517,2.147660214,0.00000021 ,111.638,11.2741
2017,1,9,11,0,-0.085075291,1.933090237,0.00000024 ,82.8754,7.08225
2017,1,9,11,30,-0.09303582,2.113970246,0.00000025 ,68.9139,2.17124
2017,1,9,12,0,-0.094871477,2.155680245,0.00000025 ,63.9933,1.70622
2017,1,9,12,30,-0.061648768,1.400790254,0.00000025 ,79.9127,0.982908
2017,1,9,13,0,-0.1395117,3.170000254,0.00000025 ,46.1171,3.23291
2017,1,9,13,30,-0.164193828,3.730830263,0.00000026 ,33.5341,0.502553
2017,1,9,14,0,-1.267958907,28.81070026,0.00000026 ,-11.0988,0.201799
2017,1,9,14,30,0.322272907,-7.322719754,0.00000025 ,-14.9522,1.33232
2017,1,9,15,0,-0.08727271,1.983020237,0.00000024 ,4.85945,17.6325
2017,1,9,15,30,-0.043499792,0.988407229,0.00000023 ,223.348,28.8421
2017,1,9,16,0,-0.041702952,0.947579216,0.00000022 ,153.467,28.8421
2017,1,9,16,30,-0.05923922,1.346040207,0.00000021 ,-8.20228,8.91106
2017,1,9,17,0,-0.243862931,5.541080197,0.00000020 ,30.7652,9.16184
2017,1,9,17,30,-0.492986817,11.20170019,0.00000019 ,-27.5803,7.54892
2017,1,9,18,0,0.424681977,-9.649669815,0.00000019 ,-21.2248,6.28948
2017,1,9,18,30,-0.02599279,0.590611179,0.00000018 ,100.746,6.0537
2017,1,9,19,0,-0.012413901,0.282070175,0.00000018 ,17.6333,15.4462
2017,1,9,19,30,-0.011333147,0.257513172,0.00000017 ,64.6551,16.3364
2017,1,9,20,0,-0.031207535,0.709101168,0.00000017 ,98.1445,61.9458
2017,1,9,20,30,-0.001425924,0.032400165,0.00000017 ,67.6523,37.661
2017,1,9,21,0,-0.0116024,0.263631162,0.00000016 ,184.22,47.2822
2017,1,9,21,30,0.087355889,-1.984909842,0.00000016 ,130.8,58.6928
2017,1,9,22,0,0.005105952,-0.116017845,0.00000016 ,61.7263,49.2978
2017,1,9,22,30,-0.017009161,0.386484151,0.00000015 ,62.9814,24.3303
2017,1,9,23,0,0.049166212,-1.117159852,0.00000015 ,124.359,19.3115
2017,1,9,23,30,0.032184425,-0.731297855,0.00000015 ,115.669,27.533
2017,1,9,24,0,0.005639265,-0.128135859,0.00000014 ,101.725,46.5843
2017,1,10,0,30,-0.031973749,0.726511138,0.00000014 ,98.7637,24.6651
2017,1,10,1,0,-0.02947803,0.669803135,0.00000014 ,29.2721,31.8739
2017,1,10,1,30,0.018271676,-0.415170869,0.00000013 ,49.0474,33.8354
2017,1,10,2,0,-0.028155926,0.639762128,0.00000013 ,68.6583,46.7966
2017,1,10,2,30,0.004631964,-0.105247875,0.00000013 ,65.3863,15.2419
2017,1,10,3,0,-0.023298982,0.529402122,0.00000012 ,4.8348,7.63487
2017,1,10,3,30,-0.03600951,0.818212119,0.00000012 ,-9.70153,10.6087
2017,1,10,4,0,-0.001483137,0.033700116,0.00000012 ,-9.22677,1.49537
2017,1,10,4,30,-0.01213118,0.275646112,0.00000011 ,-13.9752,-2.94935
2017,1,10,5,0,-0.009441289,0.214526109,0.00000011 ,-7.34511,-0.197724
2017,1,10,5,30,-0.011544219,0.262309106,0.00000011 ,-13.4757,0.241408
2017,1,10,6,0,-0.007773046,0.176620103,0.00000010 ,-20.4974,0.430683
2017,1,10,6,30,-0.014925023,0.3391281,0.00000010 ,-28.1455,16.5093
2017,1,10,7,0,-0.014925023,0.339128097,0.00000010 ,-29.6933,4.22166
2017,1,10,7,30,-0.013250223,0.301073095,0.00000009 ,-20.6912,3.73406
2017,1,10,8,0,-0.013250223,0.301073092,0.00000009 ,-16.9724,3.73406
2017,1,10,8,30,-0.014925023,0.339128089,0.00000009 ,-14.5791,4.22166
2017,1,10,9,0,-0.0048073,0.109232086,0.00000009 ,1.22119,1.66827
2017,1,10,9,30,-0.007321152,0.166352047,0.00000005 ,124.368,40.7809
2017,1,10,10,0,-0.005598028,0.127199054,0.00000005 ,-29.4756,80.6378
2017,1,10,10,30,-0.004571011,0.103863064,0.00000006 ,47.4462,64.7702
2017,1,10,11,0,-0.0462105,1.050000098,0.00000010 ,134.112,3.4352
2017,1,10,11,30,-0.036716443,0.834275167,0.00000017 ,127.1,4.84487
2017,1,10,12,0,-0.050058294,1.137430196,0.00000020 ,99.5602,11.3876
2017,1,10,12,30,-0.083889221,1.9061402,0.00000020 ,90.0847,11.1031
2017,1,10,13,0,-0.158445682,3.600220207,0.00000021 ,107.02,7.03917
2017,1,10,13,30,-0.078588657,1.78570022,0.00000022 ,94.7371,9.39401
2017,1,10,14,0,-0.073418362,1.668220221,0.00000022 ,83.2695,9.81149
2017,1,10,14,30,-0.075416416,1.713620215,0.00000022 ,79.2625,9.22362
2017,1,10,15,0,-0.110407007,2.508680217,0.00000022 ,71.3523,8.60228
2017,1,10,15,30,-0.120038595,2.72753021,0.00000021 ,394.187,27.1314
2017,1,10,16,0,0.014695335,-0.333908797,0.00000020 ,186.904,25.2243
2017,1,10,16,30,-0.025156072,0.571599197,0.00000020 ,307.441,34.1707
2017,1,10,17,0,-0.070752236,1.607640192,0.00000019 ,228.176,17.7366
2017,1,10,17,30,-0.029372494,0.667405186,0.00000019 ,231.879,17.7366
2017,1,10,18,0,-0.072431218,1.645790183,0.00000018 ,101.234,6.73855
2017,1,10,18,30,-0.052134246,1.18460017,0.00000017 ,53.4015,5.07317
2017,1,10,19,0,-0.09189376,2.088020169,0.00000017 ,18.7534,4.59315
2017,1,10,19,30,-0.09189376,2.088020168,0.00000017 ,-29.5309,0.137225
2017,1,10,20,0,0.010640606,-0.241776832,0.00000017 ,-18.2197,-0.189621
2017,1,10,20,30,-0.031631483,0.718734167,0.00000017 ,25.0234,3.87369
2017,1,10,21,0,-0.021903249,0.497688166,0.00000017 ,-34.8102,-1.12143
2017,1,10,21,30,-0.087298676,1.983610165,0.00000017 ,8.54551,3.37455
2017,1,10,22,0,-0.003692439,0.083900164,0.00000016 ,-11.372,8.28422
2017,1,10,22,30,-0.01018541,0.231434163,0.00000016 ,19.7447,0.556108
2017,1,10,23,0,-0.009366736,0.212832162,0.00000016 ,34.2769,17.6794
2017,1,10,23,30,-0.006316579,0.143526162,0.00000016 ,-30.7226,-2.53689
2017,1,10,24,0,-0.011521774,0.261799161,0.00000016 ,13.7475,11.7492
2017,1,11,0,30,0.007635867,-0.17350284,0.00000016 ,-12.5509,-3.99214
2017,1,11,1,0,0.007635867,-0.173502841,0.00000016 ,-18.3913,15.4006
2017,1,11,1,30,0.007635867,-0.173502842,0.00000016 ,17.9504,15.4006
2017,1,11,2,0,-0.025583145,0.581303157,0.00000016 ,61.6853,18.4797
2017,1,11,2,30,-0.019649761,0.446484156,0.00000016 ,98.616,25.1777
2017,1,11,3,0,-0.024230938,0.550578156,0.00000016 ,79.7087,13.777
2017,1,11,3,30,-0.096291239,2.187940155,0.00000016 ,-20.6234,26.8915
2017,1,11,4,0,-0.126627332,2.877240154,0.00000015 ,37.1362,31.1938
2017,1,11,4,30,-0.148848862,3.382160153,0.00000015 ,13.7766,29.5739
2017,1,11,5,0,-0.129406124,2.940380152,0.00000015 ,18.999,27.2204
2017,1,11,5,30,-0.112319241,2.552130151,0.00000015 ,51.3004,26.7439
2017,1,11,6,0,-0.11301812,2.568010151,0.00000015 ,91.7054,31.2598
2017,1,11,6,30,-0.0926855,2.10601015,0.00000015 ,82.0329,27.0366
2017,1,11,7,0,-0.110471701,2.510150149,0.00000015 ,32.8231,31.525
2017,1,11,7,30,-0.08718469,1.981020148,0.00000015 ,6.09457,23.0999
2017,1,11,8,0,-0.095183948,2.162780147,0.00000015 ,6.96093,23.7823
2017,1,11,8,30,-0.028792398,0.654224147,0.00000015 ,106.651,19.1871
2017,1,11,9,0,-0.046083311,1.047110146,0.00000015 ,115.335,11.2656
2017,1,11,9,30,-0.041590374,0.94502111,0.00000011 ,201.065,5.12476
2017,1,11,10,0,-0.11424776,2.595950143,0.00000014 ,141.056,15.0729
2017,1,11,10,30,-1.387490067,31.52670017,0.00000017 ,96.8435,176.396
2017,1,11,11,0,-0.325179328,7.388760182,0.00000018 ,177.044,182.284
2017,1,11,11,30,-0.170771563,3.880290194,0.00000019 ,236.962,39.4636
2017,1,11,12,0,-0.077807039,1.767940197,0.00000020 ,29.6536,6.12853
2017,1,11,12,30,-0.117970125,2.680530203,0.00000020 ,218.444,10.0572
2017,1,11,13,0,-0.026642466,0.605373207,0.00000021 ,180.629,10.4676
2017,1,11,13,30,0.082324666,-1.870589801,0.00000020 ,27.9586,7.43691
2017,1,11,14,0,-0.14118276,3.207970203,0.00000020 ,39.4606,8.6148
2017,1,11,14,30,-0.051003189,1.158900203,0.00000020 ,60.0902,2.93094
2017,1,11,15,0,-0.011104207,0.252311214,0.00000021 ,75.0932,1.02345
2017,1,11,15,30,-0.019593604,0.445208206,0.00000021 ,55.6624,8.58713
2017,1,11,16,0,0.039246358,-0.891759804,0.00000020 ,47.1311,21.6333
2017,1,11,16,30,-0.020503291,0.465878184,0.00000018 ,10.4497,3.8947
2017,1,11,17,0,-0.027207422,0.618210174,0.00000017 ,8.90073,16.4489
2017,1,11,17,30,-0.011579911,0.263120167,0.00000017 ,-23.2981,0.82107
2017,1,11,18,0,-0.020141044,0.45764716,0.00000016 ,-30.0902,15.4462
2017,1,11,18,30,-0.010695838,0.243032155,0.00000016 ,-24.3841,-2.17496
2017,1,11,19,0,-0.000646947,0.014700154,0.00000015 ,-9.08317,15.4006
2017,1,11,19,30,0.00281664,-0.063999846,0.00000015 ,-11.3292,16.4304
2017,1,11,20,0,0.000234133,-0.005319847,0.00000015 ,20.0295,3.41523
2017,1,11,20,30,0.007635867,-0.173502847,0.00000015 ,19.5663,15.4462
2017,1,11,21,0,-0.064203108,1.458830152,0.00000015 ,-31.5041,-2.98349
2017,1,11,21,30,-0.011815673,0.268477152,0.00000015 ,-21.722,-1.82362
2017,1,11,22,0,-0.007582791,0.172297151,0.00000015 ,20.9497,16.4304
2017,1,11,22,30,-0.101277132,2.301230151,0.00000015 ,-10.0126,-1.40453
2017,1,11,23,0,-0.008556116,0.19441315,0.00000015 ,-6.35443,17.545
2017,1,11,23,30,-0.00842479,0.19142915,0.00000015 ,-10.5674,17.3619
2017,1,11,24,0,-0.009366736,0.212832149,0.00000015 ,-24.0922,17.6794
2017,1,12,0,30,-0.011500077,0.261306149,0.00000015 ,-13.8445,17.7485
2017,1,12,1,0,-0.014134252,0.321160148,0.00000015 ,45.1156,18.4469
2017,1,12,1,30,-0.009366736,0.212832148,0.00000015 ,-11.6089,17.6794
2017,1,12,2,0,-0.014134252,0.321160148,0.00000015 ,45.1156,18.4469
2017,1,12,2,30,-0.017902608,0.406785147,0.00000015 ,15.6413,19.6209
2017,1,12,3,0,-0.020462934,0.464961147,0.00000015 ,-38.606,27.7142
2017,1,12,3,30,-0.019546909,0.444147146,0.00000015 ,-39.4061,20.7308
2017,1,12,4,0,-0.019510777,0.443326146,0.00000015 ,121.805,19.3287
2017,1,12,4,30,-0.023551159,0.535132145,0.00000015 ,17.1095,28.6895
2017,1,12,5,0,-0.023551159,0.535132145,0.00000015 ,103.677,28.6895
2017,1,12,5,30,-0.02381698,0.541172144,0.00000014 ,131.906,15.7114
2017,1,12,6,0,-0.041034264,0.932385144,0.00000014 ,209.432,24.3776
2017,1,12,6,30,-0.005403504,0.122779144,0.00000014 ,197.246,13.5161
2017,1,12,7,0,-0.028703718,0.652209143,0.00000014 ,261.417,20.8696
2017,1,12,7,30,-0.03300059,0.749843143,0.00000014 ,260.368,19.2901
2017,1,12,8,0,-0.060577565,1.376450142,0.00000014 ,265.527,21.4115
2017,1,12,8,30,-0.073574598,1.671770142,0.00000014 ,246.614,18.846
2017,1,12,9,0,-0.081844517,1.859680141,0.00000014 ,314.805,23.6448
2017,1,12,9,30,-0.114414117,2.599730155,0.00000016 ,59.8852,11.3105
2017,1,12,10,0,-0.146484204,3.328430169,0.00000017 ,65.4875,10.2633
2017,1,12,10,30,-0.072146473,1.639320185,0.00000019 ,86.6167,8.95797
2017,1,12,11,0,-0.099893898,2.269800206,0.00000021 ,93.147,5.44367
2017,1,12,11,30,-0.322072222,7.318160238,0.00000024 ,80.7953,10.5738
2017,1,12,12,0,-0.053947018,1.225790245,0.00000025 ,82.3721,7.26264
2017,1,12,12,30,-0.07719486,1.754030264,0.00000026 ,82.7783,6.70385
2017,1,12,13,0,-0.055514214,1.261400273,0.00000027 ,88.4696,5.43328
2017,1,12,13,30,-0.012955972,0.294387282,0.00000028 ,82.5815,1.10406
2017,1,12,14,0,-0.00487534,0.110778289,0.00000029 ,3.30559,1.73524
2017,1,12,14,30,-0.010531505,0.239298276,0.00000028 ,78.22,0.0667207
2017,1,12,15,0,-0.011114109,0.252536278,0.00000028 ,63.1484,0.336878
2017,1,12,15,30,-0.042362002,0.962554263,0.00000026 ,-9.90309,-10.9289
2017,1,12,16,0,-0.029965265,0.680874249,0.00000025 ,-11.6039,16.8666
2017,1,12,16,30,-0.03216088,0.730763233,0.00000023 ,-19.9812,-0.618545
2017,1,12,17,0,-0.155540582,3.534210222,0.00000022 ,9.20402,13.0818
2017,1,12,17,30,-0.044524477,1.011690216,0.00000022 ,-27.4658,12.0999
2017,1,12,18,0,-0.042023301,0.954858221,0.00000022 ,-12.2971,-3.03097
2017,1,12,18,30,-0.057619212,1.309230235,0.00000024 ,88.1469,9.62586
2017,1,12,19,0,-0.046942386,1.066630239,0.00000024 ,-3.24012,14.1012
2017,1,12,19,30,-0.050617221,1.15013024,0.00000024 ,129.568,16.5614
2017,1,12,20,0,-0.05967844,1.356020241,0.00000024 ,-12.3435,15.4239
2017,1,12,20,30,-0.052269797,1.187680242,0.00000024 ,125.443,15.9433
2017,1,12,21,0,-0.053994549,1.226870243,0.00000024 ,126.808,16.7466
2017,1,12,21,30,-0.059145479,1.343910244,0.00000024 ,127.767,16.1081
2017,1,12,22,0,-0.044102861,1.002110245,0.00000025 ,122.445,15.1068
2017,1,12,22,30,-0.041583905,0.944874247,0.00000025 ,124.291,15.4303
2017,1,12,23,0,-0.044711519,1.015940248,0.00000025 ,115.723,13.5562
2017,1,12,23,30,-0.043587944,0.990410249,0.00000025 ,120.198,14.4408
2017,1,12,24,0,-0.045213233,1.02734025,0.00000025 ,122.4,15.2066
2017,1,13,0,30,-0.043440467,0.987059251,0.00000025 ,114.564,15.1068
2017,1,13,1,0,-0.043710952,0.993205252,0.00000025 ,117.964,15.0909
2017,1,13,1,30,-0.043076284,0.978784253,0.00000025 ,116.48,15.0909
2017,1,13,2,0,-0.06315259,1.434960255,0.00000026 ,132.706,16.5469
2017,1,13,2,30,-0.038464564,0.873996256,0.00000026 ,140.47,19.1394
2017,1,13,3,0,-0.032782917,0.744897257,0.00000026 ,153.342,18.3777
2017,1,13,3,30,-0.033245594,0.755410258,0.00000026 ,165.674,18.3003
2017,1,13,4,0,-0.265313845,6.028490259,0.00000026 ,66.3718,3.60258
2017,1,13,4,30,-0.125485273,2.85129026,0.00000026 ,409.099,17.1384
2017,1,13,5,0,-0.059046457,1.341660261,0.00000026 ,293.111,21.8955
2017,1,13,5,30,-0.122961299,2.793940263,0.00000026 ,288.375,21.2188
2017,1,13,6,0,-0.038770037,0.880937264,0.00000026 ,218.596,18.2007
2017,1,13,6,30,-0.120460211,2.737110265,0.00000027 ,448.386,33.7721
2017,1,13,7,0,-0.045495778,1.033760266,0.00000027 ,343.204,25.6303
2017,1,13,7,30,-0.038133081,0.866464267,0.00000027 ,323.124,25.5018
2017,1,13,8,0,0.013744059,-0.312293732,0.00000027 ,453.565,37.8518
2017,1,13,8,30,-0.05281288,1.200020269,0.00000027 ,342.613,27.1206
2017,1,13,9,0,-0.023144771,0.525898271,0.00000027 ,253.349,21.4144
2017,1,13,9,30,-0.009962808,0.226376272,0.00000027 ,174.74,13.7309
2017,1,13,10,0,-0.039011872,0.886432273,0.00000027 ,126.553,9.16392
2017,1,13,10,30,0.011643946,-0.264574687,0.00000031 ,108.595,10.0411
2017,1,13,11,0,-0.040759862,0.92615034,0.00000034 ,60.5927,9.43252
2017,1,13,11,30,-0.017681546,0.401762343,0.00000034 ,21.0954,1.12969
2017,1,13,12,0,-0.008401289,0.190895349,0.00000035 ,-16.7645,2.04284
2017,1,13,12,30,-0.010137395,0.23034336,0.00000036 ,-22.7254,0.159063
2017,1,13,13,0,-0.01081845,0.245818365,0.00000037 ,-21.8686,-0.579467
2017,1,13,13,30,0.001751598,-0.039799632,0.00000037 ,-16.1967,-0.294222
2017,1,13,14,0,-0.011033571,0.250706368,0.00000037 ,-37.6668,-0.447743
2017,1,13,14,30,-0.010259259,0.233112367,0.00000037 ,-35.7018,-1.55381
2017,1,13,15,0,-0.04049963,0.920237365,0.00000037 ,-41.0467,-1.34995
2017,1,13,15,30,-0.027195935,0.617949364,0.00000036 ,-50.2587,-1.75246
2017,1,13,16,0,-0.024786256,0.563196361,0.00000036 ,10.7344,0.457116
2017,1,13,16,30,-0.014133195,0.321136358,0.00000036 ,-34.0755,-2.01148
2017,1,13,17,0,-0.013286091,0.301888355,0.00000036 ,55.8967,0.597708
2017,1,13,17,30,-0.0687445,1.562020352,0.00000035 ,-48.8841,1.24178
2017,1,13,18,0,0.011629687,-0.264250651,0.00000035 ,12.3743,17.8943
2017,1,13,18,30,-0.006493059,0.147536346,0.00000035 ,73.9772,19.4685
2017,1,13,19,0,-0.006332291,0.143883343,0.00000034 ,505.919,18.6971
2017,1,13,19,30,-0.007612586,0.17297434,0.00000034 ,50.1505,18.4082
2017,1,13,20,0,-0.006561759,0.149097337,0.00000034 ,161.255,18.0436
2017,1,13,20,30,-0.010436972,0.237150334,0.00000033 ,158.993,18.647
2017,1,13,21,0,-0.015929816,0.361959331,0.00000033 ,-17.8979,18.7667
2017,1,13,21,30,-0.01142328,0.259561328,0.00000033 ,169.971,19.0436
2017,1,13,22,0,-0.016964579,0.385471325,0.00000033 ,178.903,19.1009
2017,1,13,22,30,-0.028232635,0.641505322,0.00000032 ,178.353,18.6382
2017,1,13,23,0,-0.021251373,0.482876319,0.00000032 ,217.883,19.3674
2017,1,13,23,30,-0.028924296,0.657221316,0.00000032 ,170.032,17.5931
2017,1,13,24,0,-0.029501663,0.670340313,0.00000031 ,186.116,18.9928
2017,1,14,0,30,0.31031275,-7.05095969,0.00000031 ,191.452,46.8703
2017,1,14,1,0,-0.024490333,0.556472307,0.00000031 ,176.017,14.8774
2017,1,14,1,30,-0.029601434,0.672607304,0.00000030 ,195.054,14.6133
2017,1,14,2,0,-0.03819289,0.867823301,0.00000030 ,197.755,13.5117
2017,1,14,2,30,0.025396939,-0.577071702,0.00000030 ,310.386,22.9253
2017,1,14,3,0,-0.058430757,1.327670295,0.00000030 ,292.186,23.3664
2017,1,14,3,30,-0.050774337,1.153700292,0.00000029 ,373.187,28.3133
2017,1,14,4,0,-0.034397908,0.781593289,0.00000029 ,209.502,13.2909
2017,1,14,4,30,-0.061389109,1.394890286,0.00000029 ,391.43,27.7413
2017,1,14,5,0,-0.075668593,1.719350283,0.00000028 ,272.017,20.4553
2017,1,14,5,30,0.0163726,-0.37201972,0.00000028 ,256.147,14.7571
2017,1,14,6,0,-0.029294024,0.665622277,0.00000028 ,320.833,21.5173
2017,1,14,6,30,-0.038719954,0.879799274,0.00000027 ,224.633,16.5569
2017,1,14,7,0,0.00637925,-0.144949729,0.00000027 ,153.831,10.2827
2017,1,14,7,30,-0.013440742,0.305402268,0.00000027 ,157.711,11.1727
2017,1,14,8,0,-0.011078989,0.251738265,0.00000027 ,52.3541,15.2094
2017,1,14,8,30,-0.006251665,0.142051262,0.00000026 ,47.1831,4.45628
2017,1,14,9,0,-0.012129772,0.275614259,0.00000026 ,11.4803,173.394
2017,1,14,9,30,-0.006928494,0.157430256,0.00000026 ,71.4497,-35.5835
2017,1,14,10,0,-0.011278531,0.256272292,0.00000029 ,55.1304,5.3949
2017,1,14,10,30,-0.005990509,0.136117322,0.00000032 ,56.5846,13.8396
2017,1,14,11,0,-0.010494889,0.238466354,0.00000035 ,53.5714,4.90717
2017,1,14,11,30,-0.010638097,0.241720382,0.00000038 ,50.9987,4.49279
2017,1,14,12,0,-0.010993522,0.249796401,0.00000040 ,42.6926,4.84468
2017,1,14,12,30,-0.028893665,0.656525421,0.00000042 ,31.9289,8.54758
2017,1,14,13,0,0.347963745,-7.906469533,0.00000047 ,-24.336,15.7406
2017,1,14,13,30,-0.01941598,0.441172478,0.00000048 ,-24.7493,15.892
2017,1,14,14,0,-0.015482982,0.35180647,0.00000047 ,-26.1555,8.21564
2017,1,14,14,30,-0.033267423,0.755906464,0.00000046 ,-39.1654,2.42593
2017,1,14,15,0,-0.085571724,1.944370474,0.00000047 ,-23.3748,11.9412
2017,1,14,15,30,-0.043820009,0.99568347,0.00000047 ,-17.0423,20.5856
2017,1,14,16,0,-0.032719543,0.743457449,0.00000045 ,-11.8532,14.8184
2017,1,14,16,30,-0.032893998,0.747421425,0.00000043 ,-1.84926,14.8725
2017,1,14,17,0,-0.057574762,1.308220406,0.00000041 ,-6.70114,-9.91529
2017,1,14,17,30,-0.067544788,1.534760372,0.00000037 ,-5.36373,-3.33382
2017,1,14,18,0,-0.070859621,1.610080347,0.00000035 ,-1.6666,0.171073
2017,1,14,18,30,-0.065990795,1.499450336,0.00000034 ,47.9022,7.4078
2017,1,14,19,0,-0.105783756,2.403630299,0.00000030 ,-7.10951,-0.21087
2017,1,14,19,30,-0.066709918,1.515790297,0.00000030 ,-27.8818,1.79021
2017,1,14,20,0,-0.003638747,0.082680294,0.00000029 ,49.7634,16.5196
2017,1,14,20,30,-0.004237212,0.096278692,0.00000029 ,-103.714,20.1444
2017,1,14,21,0,-0.003944181,0.089620389,0.00000029 ,-41.0086,19.4709
2017,1,14,21,30,-0.026426949,0.600476287,0.00000029 ,23.4338,17.3212
2017,1,14,22,0,-0.145600043,3.308340284,0.00000028 ,92.2562,12.7342
2017,1,14,22,30,-0.009861585,0.224076282,0.00000028 ,104.497,6.69246
2017,1,14,23,0,0.028802521,-0.654453721,0.00000028 ,130.668,11.6756
2017,1,14,23,30,0.003243537,-0.073699723,0.00000028 ,70.9901,4.24068
2017,1,14,24,0,0.022729977,-0.516472726,0.00000027 ,214.043,14.1818
2017,1,15,0,30,0.007957668,-0.180814728,0.00000027 ,245.392,14.9323
2017,1,15,1,0,0.014872563,-0.337935731,0.00000027 ,225.115,18.4521
2017,1,15,1,30,0.024710163,-0.561466733,0.00000027 ,278.448,24.0387
2017,1,15,2,0,0.061546225,-1.398459736,0.00000026 ,250.644,25.5674
2017,1,15,2,30,-0.040425253,0.918547262,0.00000026 ,205.389,15.1086
2017,1,15,3,0,0.004929692,-0.112012741,0.00000026 ,175.916,15.2331
2017,1,15,3,30,0.029647513,-0.673653743,0.00000026 ,226.828,18.173
2017,1,15,4,0,-0.003925692,0.089200254,0.00000025 ,203.54,17.4038
2017,1,15,4,30,-0.005033468,0.114371252,0.00000025 ,116.855,10.8303
2017,1,15,5,0,-0.027589913,0.626901249,0.00000025 ,158.056,16.1327
2017,1,15,5,30,-0.00913674,0.207606247,0.00000025 ,67.7644,10.4557
2017,1,15,6,0,-0.031682183,0.719886244,0.00000024 ,16.0358,5.02163
2017,1,15,6,30,-0.042373224,0.962809242,0.00000024 ,124.193,1.27515
2017,1,15,7,0,-0.041887222,0.951766239,0.00000024 ,122.28,4.084
2017,1,15,7,30,-0.036753499,0.835117237,0.00000024 ,-31.2479,0.0249
2017,1,15,8,0,-0.047526399,1.079900234,0.00000023 ,-24.1643,1.09153
2017,1,15,8,30,-0.023269759,0.528738232,0.00000023 ,-19.4355,3.81775
2017,1,15,9,0,-0.046396662,1.05423023,0.00000023 ,42.0355,-16.4384
2017,1,15,9,30,-0.030484143,0.692664227,0.00000023 ,77.2506,-0.155809
2017,1,15,10,0,-0.021456723,0.487542179,0.00000018 ,95.6097,0.414136
2017,1,15,10,30,-0.036467698,0.828623176,0.00000018 ,101.56,14.2446
2017,1,15,11,0,-0.052513172,1.193210208,0.00000021 ,-13.773,6.88397
2017,1,15,11,30,-0.028973015,0.658328263,0.00000026 ,96.0493,13.5141
2017,1,15,12,0,-0.077576867,1.762710306,0.00000031 ,79.0547,-6.69677
2017,1,15,12,30,-0.02060645,0.46822234,0.00000034 ,75.6257,6.4979
2017,1,15,13,0,-0.050549006,1.148580374,0.00000037 ,75.5399,-8.16633
2017,1,15,13,30,-0.0280099,0.636444397,0.00000040 ,-15.7799,25.8079
2017,1,15,14,0,-0.016954985,0.38525341,0.00000041 ,49.5284,2.97902
2017,1,15,14,30,-0.032654144,0.741971408,0.00000041 ,61.4427,4.31903
2017,1,15,15,0,-0.044299586,1.006580416,0.00000042 ,53.4459,8.507
2017,1,15,15,30,-0.028716701,0.652504429,0.00000043 ,-23.5391,0.289466
2017,1,15,16,0,-0.036100787,0.820286411,0.00000041 ,97.7409,8.8959
2017,1,15,16,30,-0.042357292,0.962447366,0.00000037 ,48.4489,0.390628
2017,1,15,17,0,-0.018585203,0.422295347,0.00000035 ,-23.912,-0.587407
2017,1,15,17,30,-0.035898473,0.815689327,0.00000033 ,96.0977,13.3869
2017,1,15,18,0,-0.023680021,0.538060309,0.00000031 ,90.2673,13.9133
2017,1,15,18,30,-0.022815312,0.518412305,0.00000031 ,83.5237,1.19098
2017,1,15,19,0,-0.008084285,0.183692311,0.00000031 ,-28.3895,-2.8038
2017,1,15,19,30,-0.119181721,2.70806031,0.00000031 ,25.4742,2.35306
2017,1,15,20,0,-0.137587583,3.126280308,0.00000031 ,20.1609,1.72244
2017,1,15,20,30,-0.100993708,2.294790307,0.00000031 ,-39.0675,-1.89894
2017,1,15,21,0,-0.036783162,0.835791306,0.00000031 ,-8.39165,1.96177
2017,1,15,21,30,-0.033640496,0.764383304,0.00000030 ,-7.53331,4.6406
2017,1,15,22,0,-0.017694088,0.402047303,0.00000030 ,23.1285,13.6278
2017,1,15,22,30,-0.01216476,0.276409302,0.00000030 ,33.456,3.32255
2017,1,15,23,0,-0.023375956,0.5311513,0.00000030 ,120.294,10.9635
2017,1,15,23,30,-0.010772152,0.244766299,0.00000030 ,79.2417,10.7231
2017,1,15,24,0,0.003331557,-0.075699702,0.00000030 ,144.49,17.4666
2017,1,16,0,30,0.00748971,-0.170181704,0.00000030 ,195.379,24.7125
2017,1,16,1,0,-0.005343782,0.121422295,0.00000030 ,189.812,22.262
2017,1,16,1,30,0.011298731,-0.256730707,0.00000029 ,93.1328,15.6466
2017,1,16,2,0,0.013587647,-0.308739708,0.00000029 ,162.952,20.3428
2017,1,16,2,30,0.029405766,-0.668160709,0.00000029 ,207.974,31.6276
2017,1,16,3,0,-5.90E-05,0.001340289,0.00000029 ,148.377,23.8635
2017,1,16,3,30,-0.01230524,0.279601288,0.00000029 ,121.626,16.3914
2017,1,16,4,0,0.000411053,-0.009339713,0.00000029 ,142.016,22.1622
2017,1,16,4,30,0.003076299,-0.069899715,0.00000029 ,132.624,19.1215
2017,1,16,5,0,-0.006985223,0.158719284,0.00000028 ,100.118,14.5442
2017,1,16,5,30,0.006326658,-0.143754717,0.00000028 ,72.9593,17.1641
2017,1,16,6,0,-0.025691718,0.583770281,0.00000028 ,23.7902,12.0726
2017,1,16,6,30,-0.020358014,0.46257728,0.00000028 ,-11.5864,4.69619
2017,1,16,7,0,-0.026905778,0.611356278,0.00000028 ,-36.359,2.27939
2017,1,16,7,30,-0.015952217,0.362468277,0.00000028 ,-46.9974,5.02471
2017,1,16,8,0,-0.020528332,0.466447276,0.00000028 ,-42.3058,-0.614235
2017,1,16,8,30,-0.024516255,0.557061274,0.00000027 ,-40.9396,-0.754422
2017,1,16,9,0,-0.043561626,0.989812273,0.00000027 ,-72.4518,9.20033
2017,1,16,9,30,-0.019238047,0.437129272,0.00000027 ,73.8248,-47.9219
2017,1,16,10,0,-0.013028456,0.29603429,0.00000029 ,105.005,-19.9302
2017,1,16,10,30,-0.023445227,0.532725325,0.00000033 ,115.707,-11.5777
2017,1,16,11,0,-0.014274776,0.324353379,0.00000038 ,108.387,-21.1773
2017,1,16,11,30,-0.025317281,0.575262433,0.00000043 ,123.714,8.55828
2017,1,16,12,0,-0.043489802,0.98818049,0.00000049 ,126.83,22.9256
2017,1,16,12,30,-0.013983297,0.317730506,0.00000051 ,-40.3975,28.122
2017,1,16,13,0,-0.030037485,0.682515518,0.00000052 ,-40.4509,23.1356
2017,1,16,13,30,-0.026674373,0.606098547,0.00000055 ,88.3951,6.30432
2017,1,16,14,0,-0.008656943,0.196704564,0.00000056 ,85.2331,22.0904
2017,1,16,14,30,-0.016212536,0.368383553,0.00000055 ,72.5877,5.4769
2017,1,16,15,0,-0.016242683,0.369068578,0.00000058 ,70.3935,14.3967
2017,1,16,15,30,-0.014494077,0.329336574,0.00000057 ,-41.6687,-12.1302
2017,1,16,16,0,-0.004845017,0.110089559,0.00000056 ,-49.7621,-17.404
2017,1,16,16,30,-0.009931253,0.225659499,0.00000050 ,-13.5472,-3.14029
2017,1,16,17,0,-0.021261583,0.483108471,0.00000047 ,-19.9691,-1.96713
2017,1,16,17,30,-0.019921831,0.452666431,0.00000043 ,-49.6617,-1.02513
2017,1,16,18,0,-0.020717708,0.470750402,0.00000040 ,-63.1875,0.540713
2017,1,16,18,30,-0.019366468,0.440047385,0.00000039 ,-38.276,2.00439
2017,1,16,19,0,-0.026657077,0.605705375,0.00000038 ,-55.8964,-0.957442
2017,1,16,19,30,-0.037478696,0.851595375,0.00000038 ,-63.3962,2.26124
2017,1,16,20,0,-0.008293949,0.188456375,0.00000038 ,-54.6919,5.64004
2017,1,16,20,30,-0.044065893,1.001270374,0.00000037 ,-24.8337,2.10111
2017,1,16,21,0,-0.031163921,0.708110374,0.00000037 ,32.6194,6.07787
2017,1,16,21,30,-0.034900018,0.793002373,0.00000037 ,64.0134,7.12078
2017,1,16,22,0,-0.061355221,1.394120373,0.00000037 ,97.0145,10.5076
2017,1,16,22,30,-0.034369521,0.780948373,0.00000037 ,127.312,11.0912
2017,1,16,23,0,-0.085254412,1.937160372,0.00000037 ,142.76,13.3108
2017,1,16,23,30,-0.058794279,1.335930372,0.00000037 ,215.746,23.198
2017,1,16,24,0,0.00052812,-0.011999628,0.00000037 ,245.262,26.1289
2017,1,17,0,30,-0.006842939,0.155486371,0.00000037 ,202.183,22.5486
2017,1,17,1,0,0.005544732,-0.125987629,0.00000037 ,273.44,32.7076
2017,1,17,1,30,-0.047550164,1.08044037,0.00000037 ,148.748,23.8949
2017,1,17,2,0,-0.002433753,0.05530037,0.00000037 ,195.267,27.9707
2017,1,17,2,30,-0.003437181,0.07810037,0.00000037 ,192.606,27.7423
2017,1,17,3,0,-0.026750026,0.607817369,0.00000037 ,125.945,14.0838
2017,1,17,3,30,-0.009388345,0.213323369,0.00000037 ,220.32,23.5831
2017,1,17,4,0,0.001148661,-0.026099631,0.00000037 ,124.436,20.007
2017,1,17,4,30,0.045229517,-1.027709632,0.00000037 ,210.837,30.6272
2017,1,17,5,0,-0.021544215,0.489530368,0.00000037 ,144.467,21.2024
2017,1,17,5,30,-0.003177522,0.072200367,0.00000037 ,97.6581,23.2813
2017,1,17,6,0,-0.011458664,0.260365367,0.00000037 ,44.8015,9.52614
2017,1,17,6,30,-0.011517769,0.261708367,0.00000037 ,-3.92121,2.55639
2017,1,17,7,0,0.012251724,-0.278384634,0.00000037 ,-31.2285,4.6702
2017,1,17,7,30,-0.007897859,0.179456366,0.00000037 ,-41.9897,4.76955
2017,1,17,8,0,-0.014644151,0.332746366,0.00000037 ,-37.4894,0.523489
2017,1,17,8,30,-0.016610166,0.377418365,0.00000037 ,-36.4245,-0.756923
2017,1,17,9,0,-0.012396561,0.281676365,0.00000037 ,46.588,4.41701
2017,1,17,9,30,-0.005838719,0.132668364,0.00000036 ,97.0923,8.71295
2017,1,17,10,0,-0.021706172,0.493210363,0.00000036 ,-56.916,4.76372
2017,1,17,10,30,-0.031506891,0.715903406,0.00000041 ,135.925,3.92367
2017,1,17,11,0,-0.005235122,0.118953437,0.00000044 ,135.929,10.0027
2017,1,17,11,30,-0.017266487,0.392331474,0.00000047 ,146.655,16.1065
2017,1,17,12,0,-0.034929329,0.793668505,0.00000051 ,82.362,-0.265054
2017,1,17,12,30,-0.012685794,0.288248537,0.00000054 ,24.3697,18.1558
2017,1,17,13,0,-0.016583936,0.376822554,0.00000055 ,89.0747,21.4999
2017,1,17,13,30,-0.013880094,0.315385574,0.00000057 ,120.253,7.13607
2017,1,17,14,0,-0.030706745,0.697722572,0.00000057 ,152.111,7.96782
2017,1,17,14,30,-0.019617149,0.445743566,0.00000057 ,65.336,-0.754357
2017,1,17,15,0,-0.075577493,1.71728059,0.00000059 ,63.1499,-0.596385
2017,1,17,15,30,-0.024822916,0.564029576,0.00000058 ,56.0844,9.66379
2017,1,17,16,0,-0.045607123,1.036290564,0.00000056 ,105.975,14.7161
2017,1,17,16,30,-0.045728591,1.039050527,0.00000053 ,105.128,14.7381
2017,1,17,17,0,-0.046054265,1.046450483,0.00000048 ,105.797,14.8855
2017,1,17,17,30,-0.046108837,1.047690451,0.00000045 ,105.419,14.8855
2017,1,17,18,0,-0.032067887,0.728650431,0.00000043 ,-59.6463,14.8855
2017,1,17,18,30,-0.037569489,0.853658415,0.00000042 ,-18.5368,4.08949
2017,1,17,19,0,-0.046001893,1.045260402,0.00000040 ,105.851,14.9581
2017,1,17,19,30,-0.046001893,1.045260399,0.00000040 ,106.261,15.0118
2017,1,17,20,0,-0.046189375,1.049520397,0.00000040 ,-12.1563,15.067
2017,1,17,20,30,-0.050729887,1.152690394,0.00000039 ,-17.6934,15.067
2017,1,17,21,0,-0.026486538,0.601830391,0.00000039 ,97.7409,11.4696
2017,1,17,21,30,-0.037164377,0.844453388,0.00000039 ,3.29996,-1.02868
2017,1,17,22,0,-0.061533022,1.398160385,0.00000039 ,-0.890436,0.493968
2017,1,17,22,30,-0.179719676,4.083610383,0.00000038 ,38.5668,3.79436
2017,1,17,23,0,-0.289785605,6.58454038,0.00000038 ,-2.20698,3.30119
2017,1,17,23,30,-0.121674447,2.764700377,0.00000038 ,192.224,16.1067
2017,1,17,24,0,-0.002733021,0.062100374,0.00000037 ,349.425,34.5544
2017,1,18,0,30,0.00719207,-0.163418628,0.00000037 ,233.754,30.5042
2017,1,18,1,0,-0.052053268,1.182760369,0.00000037 ,159.936,18.7297
2017,1,18,1,30,-0.025035485,0.568859366,0.00000037 ,244.235,36.7028
2017,1,18,2,0,0.016598812,-0.377159637,0.00000036 ,373.894,52.0008
2017,1,18,2,30,0.056503559,-1.28387964,0.00000036 ,275.011,35.4428
2017,1,18,3,0,-0.002253312,0.051200358,0.00000036 ,222.227,26.7335
2017,1,18,3,30,-0.001747197,0.039700355,0.00000036 ,183.264,32.3251
2017,1,18,4,0,0.013224389,-0.300485648,0.00000035 ,136.82,17.0668
2017,1,18,4,30,0.022826051,-0.518655651,0.00000035 ,166.356,19.3361
2017,1,18,5,0,-0.012257005,0.278505347,0.00000035 ,61.8017,17.3639
2017,1,18,5,30,0.004930132,-0.112022656,0.00000034 ,40.4845,12.0625
2017,1,18,6,0,0.011588757,-0.263320659,0.00000034 ,20.2164,12.0464
2017,1,18,6,30,-0.020409417,0.463745338,0.00000034 ,-16.9872,17.0316
2017,1,18,7,0,0.006522854,-0.148212665,0.00000034 ,-11.6618,0.63683
2017,1,18,7,30,-0.011183865,0.254121333,0.00000033 ,-28.6869,0.160967
2017,1,18,8,0,-0.006315259,0.14349633,0.00000033 ,-26.1601,0.0351
2017,1,18,8,30,-0.00761263,0.172975327,0.00000033 ,-22.48,15.8094
2017,1,18,9,0,-0.003833271,0.087100324,0.00000032 ,-16.5304,-4.36742
2017,1,18,9,30,-0.0227287,0.516444114,0.00000011 ,34.5272,0.137506
2017,1,18,10,0,-0.023602695,0.536303127,0.00000013 ,61.3438,36.3335
2017,1,18,10,30,-0.017424527,0.395922147,0.00000015 ,39.1992,18.0889
2017,1,18,11,0,-0.027606197,0.627271163,0.00000016 ,66.2731,32.6895
2017,1,18,11,30,-0.033670335,0.765061203,0.00000020 ,82.1034,22.5455
2017,1,18,12,0,-0.030395066,0.690640227,0.00000023 ,143.179,91.0783
2017,1,18,12,30,0.002451357,-0.055699751,0.00000025 ,88.815,-10.9454
2017,1,18,13,0,-0.006568008,0.149239269,0.00000027 ,169.586,39.0684
2017,1,18,13,30,0.000822987,-0.018699731,0.00000027 ,141.269,-3.9553
2017,1,18,14,0,-0.010533882,0.239352279,0.00000028 ,115.224,23.7029
2017,1,18,14,30,-0.012582723,0.28590628,0.00000028 ,8.57068,7.08359
2017,1,18,15,0,-0.035287922,0.80181628,0.00000028 ,85.4564,16.3086
2017,1,18,15,30,-0.041824375,0.950338271,0.00000027 ,-2.71502,-4.23129
2017,1,18,16,0,0.022060981,-0.501271751,0.00000025 ,106.814,7.88745
2017,1,18,16,30,-0.051257127,1.164670226,0.00000023 ,120.243,10.2418
2017,1,18,17,0,-0.032475815,0.737919212,0.00000021 ,120.94,11.9829
2017,1,18,17,30,-0.056499598,1.2837902,0.00000020 ,33.0036,4.20877
2017,1,18,18,0,-0.059168364,1.344430187,0.00000019 ,73.3606,10.459
2017,1,18,18,30,-0.045018269,1.02291017,0.00000017 ,132.456,18.6911
2017,1,18,19,0,-0.050493113,1.147310151,0.00000015 ,141.594,16.9516
2017,1,18,19,30,-0.072905206,1.656560149,0.00000015 ,137.756,17.5667
2017,1,18,20,0,-0.082849705,1.882520146,0.00000015 ,140.394,18.9473
2017,1,18,20,30,-0.080608276,1.831590144,0.00000014 ,134.735,18.4202
2017,1,18,21,0,-0.000506115,0.011500142,0.00000014 ,14.9716,-1.62813
2017,1,18,21,30,-0.193399745,4.39445014,0.00000014 ,56.9795,-5.07251
2017,1,18,22,0,-0.333906951,7.587070137,0.00000014 ,49.2914,-12.3527
2017,1,18,22,30,-0.380176424,8.638410135,0.00000014 ,415.844,24.4587
2017,1,18,23,0,-0.237836641,5.404150133,0.00000013 ,137.192,-2.08854
2017,1,18,23,30,-0.277860656,6.313580131,0.00000013 ,251.046,19.2195
2017,1,18,24,0,-0.089323136,2.029610129,0.00000013 ,342.588,45.8306
2017,1,19,0,30,-0.111291168,2.528770126,0.00000013 ,309.482,26.8335
2017,1,19,1,0,-0.122493473,2.783310124,0.00000012 ,208.436,30.0412
2017,1,19,1,30,0.005807648,-0.131961878,0.00000012 ,154.524,30.0985
2017,1,19,2,0,-0.002583387,0.05870012,0.00000012 ,159.174,25.2252
2017,1,19,2,30,-0.024647052,0.560033118,0.00000012 ,191.716,34.7201
2017,1,19,3,0,-0.017175871,0.390272116,0.00000012 ,205.475,41.0285
2017,1,19,3,30,0.001984851,-0.045099887,0.00000011 ,201.211,44.9755
2017,1,19,4,0,-0.0070236,0.159591111,0.00000011 ,131.531,29.8225
2017,1,19,4,30,-0.051066123,1.160330109,0.00000011 ,130.76,22.0445
2017,1,19,5,0,-0.038339356,0.871151107,0.00000011 ,117.548,15.1745
2017,1,19,5,30,-0.04832166,1.097970105,0.00000011 ,80.3488,10.3684
2017,1,19,6,0,-0.034310812,0.779614103,0.00000010 ,134.238,7.12982
2017,1,19,6,30,-0.007140314,0.162243101,0.00000010 ,19.5807,6.17318
2017,1,19,7,0,-0.007927477,0.180129099,0.00000010 ,130.5,3.44194
2017,1,19,7,30,-0.061035268,1.386850097,0.00000010 ,-13.623,-1.87622
2017,1,19,8,0,-0.062188331,1.413050095,0.00000010 ,-21.4487,-0.833229
2017,1,19,8,30,-0.062188331,1.413050093,0.00000009 ,131.621,-2.0948
2017,1,19,9,0,-0.007430692,0.168841091,0.00000009 ,8.05459,26.6491
2017,1,19,9,30,-0.003524598,0.080086373,0.00000007 ,43.2473,0.339878
2017,1,19,10,0,0.001813212,-0.041199911,0.00000009 ,-20.9969,52.2593
2017,1,19,10,30,-0.009514962,0.216200113,0.00000011 ,74.8745,7.3027
2017,1,19,11,0,-0.021172595,0.481086129,0.00000013 ,-23.8999,24.1493
2017,1,19,11,30,-0.021761845,0.494475153,0.00000015 ,86.8184,28.2715
2017,1,19,12,0,-0.0353329,0.802838172,0.00000017 ,120.651,98.479
2017,1,19,12,30,-0.005917629,0.134461196,0.00000020 ,136.626,45.1492
2017,1,19,13,0,-0.00766531,0.174172216,0.00000022 ,143.642,22.0253
2017,1,19,13,30,-0.005341626,0.121373236,0.00000024 ,117.8,17.5566
2017,1,19,14,0,-0.007429372,0.16881125,0.00000025 ,107.144,9.87381
2017,1,19,14,30,-0.013421598,0.304967244,0.00000024 ,93.9059,4.5007
2017,1,19,15,0,-0.019244913,0.437285264,0.00000026 ,67.4079,-3.03491
2017,1,19,15,30,-0.042761876,0.971640257,0.00000026 ,-35.032,-10.9289
2017,1,19,16,0,-0.06011634,1.365970246,0.00000025 ,-8.91538,-10.1401
2017,1,19,16,30,-0.045316217,1.029680218,0.00000022 ,128.602,12.0556
2017,1,19,17,0,-0.059715409,1.356860203,0.00000020 ,127.584,9.75797
2017,1,19,17,30,-0.04288999,0.974551185,0.00000019 ,99.6473,7.97807
2017,1,19,18,0,-0.162022375,3.681490161,0.00000016 ,25.1253,-2.68896
2017,1,19,18,30,-0.061881141,1.406070146,0.00000015 ,124.531,19.9063
2017,1,19,19,0,-0.044139389,1.002940129,0.00000013 ,154.3,22.7621
2017,1,19,19,30,-0.050069297,1.137680127,0.00000013 ,141.735,19.4948
2017,1,19,20,0,0.010438424,-0.237182876,0.00000012 ,-30.7693,18.3133
2017,1,19,20,30,0.001139859,-0.025899878,0.00000012 ,-14.8346,0.100977
2017,1,19,21,0,0.001258686,-0.028599881,0.00000012 ,-6.89421,14.4773
2017,1,19,21,30,-0.099737222,2.266240117,0.00000012 ,31.4998,18.7657
2017,1,19,22,0,0.002909061,-0.066099885,0.00000012 ,50.6959,3.74176
2017,1,19,22,30,0.018245402,-0.414573888,0.00000011 ,49.9053,3.4156
2017,1,19,23,0,-0.001342305,0.03050011,0.00000011 ,88.6261,18.8525
2017,1,19,23,30,0.007707911,-0.175139892,0.00000011 ,74.3553,8.93428
2017,1,19,24,0,-0.020388161,0.463262106,0.00000011 ,95.4583,16.6446
2017,1,20,0,30,-0.003085101,0.070100103,0.00000010 ,99.9035,20.4625
2017,1,20,1,0,-0.045176705,1.026510101,0.00000010 ,143.241,52.5306
2017,1,20,1,30,0.042395317,-0.963310901,0.00000010 ,189.775,19.3856
2017,1,20,2,0,0.034933642,-0.793765903,0.00000010 ,218.569,43.0874
2017,1,20,2,30,-0.010348511,0.235140094,0.00000009 ,137.814,25.6249
2017,1,20,3,0,-0.021716118,0.493436092,0.00000009 ,173.378,32.2263
2017,1,20,3,30,0.007035395,-0.15985891,0.00000009 ,158.607,18.487
2017,1,20,4,0,0.000990225,-0.022499912,0.00000009 ,149.919,33.9569
2017,1,20,4,30,0.003850875,-0.087499914,0.00000009 ,141.944,27.2204
2017,1,20,5,0,0.014355842,-0.326194916,0.00000008 ,82.1111,18.6815
2017,1,20,5,30,-0.020755072,0.471599082,0.00000008 ,85.117,10.1622
2017,1,20,6,0,0.002851848,-0.06479992,0.00000008 ,27.831,9.43581
2017,1,20,6,30,-0.008181943,0.185911078,0.00000008 ,7.1766,23.1153
2017,1,20,7,0,3.74E-05,-0.000848924,0.00000008 ,-28.7143,6.05183
2017,1,20,7,30,-0.005984832,0.135988074,0.00000007 ,-27.1856,2.87799
2017,1,20,8,0,-0.006058373,0.137659072,0.00000007 ,-26.3228,0.866765
2017,1,20,8,30,-0.008200119,0.18632407,0.00000007 ,-33.4665,0.319677
2017,1,20,9,0,-0.002248911,0.051100068,0.00000007 ,-27.0263,1.18631
2017,1,20,9,30,-0.003045492,0.069200066,0.00000007 ,-15.0395,0.304504
2017,1,20,10,0,-0.006109424,0.13881904,0.00000004 ,91.8414,1.29984
2017,1,20,10,30,-0.011097738,0.252164061,0.00000006 ,111.234,1.15873
2017,1,20,11,0,0.003098304,-0.070399921,0.00000008 ,108.033,-2.35398
2017,1,20,11,30,-0.008305303,0.188714096,0.00000010 ,129.738,-1.47153
2017,1,20,12,0,-0.028171329,0.640112131,0.00000013 ,-44.1317,19.0743
2017,1,20,12,30,-0.021761845,0.494475149,0.00000015 ,154.26,11.4137
2017,1,20,13,0,-0.02791211,0.634222162,0.00000016 ,70.0531,-0.476703
2017,1,20,13,30,-0.012585364,0.28596618,0.00000018 ,161.423,29.2707
2017,1,20,14,0,-0.015128658,0.343755189,0.00000019 ,143.982,1.15731
2017,1,20,14,30,-0.01262911,0.28696019,0.00000019 ,98.4047,-0.954297
2017,1,20,15,0,-0.015092569,0.342935193,0.00000019 ,30.6923,-5.21685
2017,1,20,15,30,-0.015092569,0.342935194,0.00000019 ,30.6923,127.415
2017,1,20,16,0,-0.051370673,1.167250188,0.00000019 ,-1.4276,82.6566
2017,1,20,16,30,-0.084153722,1.912150175,0.00000018 ,59.6031,3.09256
2017,1,20,17,0,-0.079626413,1.80928016,0.00000016 ,-14.3355,16.9056
2017,1,20,17,30,-0.054978172,1.249220144,0.00000014 ,142.304,21.5682
2017,1,20,18,0,-0.03190747,0.725005144,0.00000014 ,-12.184,0.34727
2017,1,20,18,30,-0.076723953,1.743330144,0.00000014 ,-8.2964,19.7917
2017,1,20,19,0,-0.074924384,1.702440144,0.00000014 ,134.485,18.9539
2017,1,20,19,30,-0.015254834,0.346622143,0.00000014 ,-18.6221,18.7952
2017,1,20,20,0,-0.069978981,1.590070143,0.00000014 ,-14.8765,18.0144
2017,1,20,20,30,-0.091831266,2.086600143,0.00000014 ,130.059,17.548
2017,1,20,21,0,-0.093047702,2.114240143,0.00000014 ,132.196,18.3582
2017,1,20,21,30,-0.092449166,2.100640143,0.00000014 ,131.573,17.7577
2017,1,20,22,0,-0.093383059,2.121860142,0.00000014 ,129.728,17.6356
2017,1,20,22,30,-0.211980767,4.816650142,0.00000014 ,99.1082,22.3005
2017,1,20,23,0,-0.309437391,7.031070142,0.00000014 ,224.46,17.7164
2017,1,20,23,30,-0.041510936,0.943216142,0.00000014 ,144.899,112.563
2017,1,20,24,0,0.123550593,-2.807329858,0.00000014 ,231.22,32.2225
2017,1,21,0,30,-0.022425516,0.509555142,0.00000014 ,270.438,32.3511
2017,1,21,1,0,-0.054891032,1.247240141,0.00000014 ,239.452,20.9492
2017,1,21,1,30,-0.005686444,0.129208141,0.00000014 ,146.455,11.722
2017,1,21,2,0,0.015825996,-0.359599859,0.00000014 ,259.41,32.6589
2017,1,21,2,30,-0.030394362,0.690624141,0.00000014 ,357.608,46.5265
2017,1,21,3,0,0.044433816,-1.009629859,0.00000014 ,297.858,57.2169
2017,1,21,3,30,-0.02381117,0.54104014,0.00000014 ,221.49,35.2027
2017,1,21,4,0,-0.001443528,0.03280014,0.00000014 ,239.812,39.951
2017,1,21,4,30,0.007986231,-0.18146386,0.00000014 ,229.326,32.2571
2017,1,21,5,0,-0.018906916,0.42960514,0.00000014 ,104.284,11.6954
2017,1,21,5,30,-0.017501853,0.39767914,0.00000014 ,69.5773,10.6677
2017,1,21,6,0,-0.010990529,0.249728139,0.00000014 ,19.6185,5.92484
2017,1,21,6,30,0.005141248,-0.116819861,0.00000014 ,177.638,3.4593
2017,1,21,7,0,-0.009808113,0.222861139,0.00000014 ,-8.43779,-1.35637
2017,1,21,7,30,-0.00136431,0.031000139,0.00000014 ,-4.96518,27.3191
2017,1,21,8,0,0.000576531,-0.013099861,0.00000014 ,-7.38348,-0.0915
2017,1,21,8,30,0.000501714,-0.011399861,0.00000014 ,-6.379,0.220361
2017,1,21,9,0,-0.004678219,0.106299138,0.00000014 ,29.6043,-3.14003
2017,1,21,9,30,-0.024962076,0.567191138,0.00000014 ,-31.8559,9.2021
2017,1,21,10,0,-0.244067137,5.545720198,0.00000020 ,33.2744,-1.50283
2017,1,21,10,30,-0.018055367,0.41025622,0.00000022 ,49.9044,260.046
2017,1,21,11,0,-0.016118486,0.366246259,0.00000026 ,151.211,11.1324
2017,1,21,11,30,-0.025436416,0.577969306,0.00000031 ,145.235,-2.24033
2017,1,21,12,0,-0.016929767,0.384680325,0.00000033 ,190.463,103.249
2017,1,21,12,30,-0.014616645,0.33212134,0.00000034 ,196.764,92.6494
2017,1,21,13,0,-0.014616645,0.332121354,0.00000035 ,193.614,97.949
2017,1,21,13,30,-0.002655264,0.060333553,0.00000035 ,152.576,35.736
2017,1,21,14,0,-0.000510516,0.011600354,0.00000035 ,-33.0944,13.6055
2017,1,21,14,30,-0.005809452,0.132003352,0.00000035 ,-39.0498,4.40992
2017,1,21,15,0,-0.018250551,0.414691349,0.00000035 ,73.6459,10.1262
2017,1,21,15,30,-0.014583902,0.331377343,0.00000034 ,-4.00621,2.52965
2017,1,21,16,0,-0.013284286,0.301847328,0.00000033 ,-7.29227,8.02293
2017,1,21,16,30,0.056202971,-1.277049698,0.00000030 ,119.801,2.1077
2017,1,21,17,0,-0.025551282,0.580579281,0.00000028 ,102.089,27.6463
2017,1,21,17,30,-0.096586987,2.19466027,0.00000027 ,103.388,13.6626
2017,1,21,18,0,-0.060506268,1.374830257,0.00000026 ,11.8557,8.06828
2017,1,21,18,30,-0.039063276,0.887600245,0.00000025 ,82.771,12.2008
2017,1,21,19,0,-0.027500529,0.624870232,0.00000023 ,76.0339,10.5841
2017,1,21,19,30,-0.033944473,0.771290229,0.00000023 ,60.8603,9.92983
2017,1,21,20,0,-0.035832854,0.814198226,0.00000023 ,49.6171,8.63015
2017,1,21,20,30,-0.037284744,0.847188222,0.00000022 ,42.9411,8.08487
2017,1,21,21,0,-0.072050091,1.637130219,0.00000022 ,14.8273,5.09327
2017,1,21,21,30,-0.031564148,0.717204216,0.00000022 ,60.0251,7.1956
2017,1,21,22,0,-0.23435325,5.325000213,0.00000021 ,63.797,-1.20875
2017,1,21,22,30,-0.21886085,4.97298021,0.00000021 ,71.1525,2.61567
2017,1,21,23,0,-0.206175407,4.684740206,0.00000021 ,107.134,6.6465
2017,1,21,23,30,-0.22150057,5.032960203,0.00000020 ,95.5942,8.67865
2017,1,21,24,0,-0.157749884,3.5844102,0.00000020 ,238.673,22.5701
2017,1,22,0,30,-0.118868369,2.700940197,0.00000020 ,171.649,44.2138
2017,1,22,1,0,-0.037992337,0.863266194,0.00000019 ,349.705,58.6752
2017,1,22,1,30,-0.018081773,0.410856191,0.00000019 ,223.82,29.2786
2017,1,22,2,0,-0.105820725,2.404470188,0.00000019 ,308.137,58.581
2017,1,22,2,30,-0.092801687,2.108650185,0.00000019 ,283.791,48.2622
2017,1,22,3,0,-0.033023168,0.750356182,0.00000018 ,194.796,33.5666
2017,1,22,3,30,-0.033327585,0.757273178,0.00000018 ,221.856,30.9903
2017,1,22,4,0,-0.004251366,0.096600175,0.00000018 ,133.933,23.5621
2017,1,22,4,30,0.006695989,-0.152146828,0.00000017 ,108.884,9.1664
2017,1,22,5,0,-0.01543193,0.350646169,0.00000017 ,97.1647,11.0629
2017,1,22,5,30,-0.032223682,0.732190166,0.00000017 ,67.7092,16.6066
2017,1,22,6,0,-0.013715452,0.311644163,0.00000016 ,7.9581,1.70258
2017,1,22,6,30,-0.00835213,0.18977816,0.00000016 ,-11.5984,2.54747
2017,1,22,7,0,-0.01041457,0.236641157,0.00000016 ,-15.9955,2.02605
2017,1,22,7,30,-0.095694024,2.174370154,0.00000015 ,133.822,-5.59833
2017,1,22,8,0,-0.000730566,0.016600152,0.00000015 ,-4.58382,-0.587882
2017,1,22,8,30,-0.011174843,0.253916149,0.00000015 ,-8.44045,21.0413
2017,1,22,9,0,-0.007556165,0.171692146,0.00000015 ,36.5004,56.6371
2017,1,22,9,30,-0.006641505,0.150909091,0.00000009 ,64.0526,41.8754
2017,1,22,10,0,-0.006100226,0.138610103,0.00000010 ,125.703,6.0739
2017,1,22,10,30,-0.01375823,0.312616114,0.00000011 ,92.217,14.1942
2017,1,22,11,0,-0.026352088,0.598775146,0.00000015 ,168.999,43.1803
2017,1,22,11,30,-0.056294511,1.279130184,0.00000018 ,196.862,307.152
2017,1,22,12,0,-0.043741319,0.993895218,0.00000022 ,-19.2074,-5.70292
2017,1,22,12,30,-0.001807271,0.04106525,0.00000025 ,105.056,59.0904
2017,1,22,13,0,-0.02643201,0.600591273,0.00000027 ,159.999,2.42836
2017,1,22,13,30,-0.027010037,0.613725285,0.00000029 ,154.049,20.0177
2017,1,22,14,0,-0.021638353,0.491669292,0.00000029 ,193.614,97.949
2017,1,22,14,30,-0.021563624,0.489971296,0.00000030 ,93.4268,2.62257
2017,1,22,15,0,-0.008931521,0.202943306,0.00000031 ,17.4994,2.76418
2017,1,22,15,30,-0.011797981,0.268075308,0.00000031 ,27.9306,1.2178
2017,1,22,16,0,-0.011565124,0.262784313,0.00000031 ,-5.95967,7.82115
2017,1,22,16,30,0.004332842,-0.098451022,0.00000028 ,87.5563,16.4906
2017,1,22,17,0,-0.017631022,0.400614263,0.00000026 ,-8.62486,-2.584
2017,1,22,17,30,-0.028654955,0.651101243,0.00000024 ,121.621,18.1357
2017,1,22,18,0,-0.071507448,1.624800209,0.00000021 ,139.401,25.6403
2017,1,22,18,30,-0.030955094,0.703365183,0.00000018 ,76.5907,10.5319
2017,1,22,19,0,-0.062881488,1.428800155,0.00000016 ,128.769,20.0798
2017,1,22,19,30,0.001003428,-0.022799853,0.00000015 ,15.0705,3.38226
2017,1,22,20,0,-0.07129444,1.619960143,0.00000014 ,-5.52842,-2.63316
2017,1,22,20,30,-0.024504196,0.556787139,0.00000014 ,26.288,18.6674
2017,1,22,21,0,-0.157438293,3.577330136,0.00000014 ,121.128,-2.68058
2017,1,22,21,30,-0.312356574,7.097400132,0.00000013 ,84.5671,-5.63292
2017,1,22,22,0,-0.318319049,7.232880128,0.00000013 ,123.15,-11.9883
2017,1,22,22,30,-0.195487579,4.441890124,0.00000012 ,79.4768,-9.85156
2017,1,22,23,0,-0.088638341,2.014050121,0.00000012 ,285.229,25.0575
2017,1,22,23,30,-0.177241033,4.027290117,0.00000012 ,125.831,17.6745
2017,1,22,24,0,-0.051208716,1.163570114,0.00000011 ,274.204,22.8258
2017,1,23,0,30,-0.089094724,2.02442011,0.00000011 ,284.122,30.693
2017,1,23,1,0,-0.140104075,3.183460107,0.00000011 ,253.636,29.4754
2017,1,23,1,30,-0.116367281,2.644110103,0.00000010 ,233.344,23.3211
2017,1,23,2,0,-0.094821746,2.1545501,0.00000010 ,237.5,31.0844
2017,1,23,2,30,-0.073449169,1.668920096,0.00000010 ,255.516,33.5401
2017,1,23,3,0,-0.093072348,2.114800093,0.00000009 ,335.102,40.1616
2017,1,23,3,30,-0.030089285,0.68369209,0.00000009 ,199.845,36.8787
2017,1,23,4,0,-0.000990225,0.022500086,0.00000009 ,182.277,43.6255
2017,1,23,4,30,-0.001131057,0.025700083,0.00000008 ,122.205,30.5997
2017,1,23,5,0,-0.007557353,0.17171908,0.00000008 ,120.391,27.265
2017,1,23,5,30,0.004370193,-0.099299923,0.00000008 ,70.8056,22.3203
2017,1,23,6,0,-0.027918448,0.634366074,0.00000007 ,46.2633,30.3628
2017,1,23,6,30,0.007122006,-0.161826929,0.00000007 ,44.5535,19.8736
2017,1,23,7,0,-0.0391498,0.889566068,0.00000007 ,-37.2315,-0.688053
2017,1,23,7,30,-0.047701559,1.083880065,0.00000007 ,-10.9056,-0.940099
2017,1,23,8,0,0.004818171,-0.109478938,0.00000006 ,-29.2494,-0.914078
2017,1,23,8,30,-0.040011912,0.90915506,0.00000006 ,120.029,-1.13417
2017,1,23,9,0,-0.011818357,0.268538032,0.00000003 ,53.4214,19.5696
2017,1,23,9,30,-0.001341856,0.030489851,0.00000005 ,52.1956,28.8678
2017,1,23,10,0,-0.005135615,0.116692059,0.00000006 ,126.987,12.8337
2017,1,23,10,30,-0.009060823,0.205881068,0.00000007 ,152.519,20.2025
2017,1,23,11,0,-0.012837145,0.291687101,0.00000010 ,61.1379,15.505
2017,1,23,11,30,-0.00548281,0.12458114,0.00000014 ,144.448,0.108833
2017,1,23,12,0,-0.023655639,0.537506169,0.00000017 ,186.608,101.151
2017,1,23,12,30,-0.015676934,0.356213194,0.00000019 ,161.21,-1.50255
2017,1,23,13,0,-0.005093057,0.115725209,0.00000021 ,-13.8223,1.04389
2017,1,23,13,30,-0.013913409,0.316142229,0.00000023 ,118.95,6.94228
2017,1,23,14,0,-0.006180808,0.140441244,0.00000024 ,159.922,27.2999
2017,1,23,14,30,-0.008837076,0.200797249,0.00000025 ,166.905,62.1519
2017,1,23,15,0,-0.053056255,1.205550271,0.00000027 ,83.8963,17.189
2017,1,23,15,30,-0.08168388,1.856030279,0.00000028 ,1.21111,-4.69793
2017,1,23,16,0,-0.009899125,0.22492926,0.00000026 ,-36.4125,-12.0963
2017,1,23,16,30,-0.074824922,1.700180226,0.00000023 ,-19.6599,-9.7615
2017,1,23,17,0,-0.073818853,1.677320211,0.00000021 ,-5.22443,-20.0402
2017,1,23,17,30,-0.068617751,1.559140195,0.00000020 ,-11.1803,-28.371
2017,1,23,18,0,-0.058458923,1.328310181,0.00000018 ,-17.6196,-34.8529
2017,1,23,18,30,-0.089183624,2.026440161,0.00000016 ,84.2591,7.9627
2017,1,23,19,0,-0.492410286,11.18860014,0.00000014 ,153.974,27.3459
2017,1,23,19,30,-0.054549955,1.23949014,0.00000014 ,162.337,28.1057
2017,1,23,20,0,-0.071925543,1.63430014,0.00000014 ,141.543,22.462
2017,1,23,20,30,-0.0804494,1.827980139,0.00000014 ,128.507,19.208
2017,1,23,21,0,-0.081180846,1.844600138,0.00000014 ,129.22,18.9003
2017,1,23,21,30,-0.082418847,1.872730137,0.00000014 ,127.189,18.2589
2017,1,23,22,0,-0.146140046,3.320610137,0.00000014 ,127.87,18.6769
2017,1,23,22,30,-1.18470519,26.91900014,0.00000014 ,132.515,19.1137
2017,1,23,23,0,-0.090867887,2.064710135,0.00000014 ,111.095,20.2507
2017,1,23,23,30,-0.080602115,1.831450134,0.00000013 ,228.067,19.9304
2017,1,23,24,0,-0.175134274,3.979420133,0.00000013 ,185.146,14.4109
2017,1,24,0,30,-0.204894716,4.655640133,0.00000013 ,222.441,25.1687
2017,1,24,1,0,-0.131600462,2.990240132,0.00000013 ,319.658,24.3894
2017,1,24,1,30,-0.104375436,2.371630131,0.00000013 ,237.228,25.6727
2017,1,24,2,0,-0.029340587,0.66668013,0.00000013 ,134.482,35.9687
2017,1,24,2,30,-0.08287127,1.883010129,0.00000013 ,328.59,40.8661
2017,1,24,3,0,-0.070054238,1.591780129,0.00000013 ,272.544,44.2064
2017,1,24,3,30,0.009620014,-0.218586872,0.00000013 ,242.236,65.6827
2017,1,24,4,0,-0.010420336,0.236772127,0.00000013 ,155.263,21.0772
2017,1,24,4,30,-0.133401352,3.031160126,0.00000013 ,204.022,19.3856
2017,1,24,5,0,-0.010138496,0.230368126,0.00000013 ,136.515,27.021
2017,1,24,5,30,0.002574585,-0.058499875,0.00000013 ,45.0224,5.17744
2017,1,24,6,0,0.006400462,-0.145431876,0.00000012 ,8.95231,6.55365
2017,1,24,6,30,-0.008399749,0.190860123,0.00000012 ,-7.23692,19.7866
2017,1,24,7,0,-0.638338644,14.50440012,0.00000012 ,290.175,18.9226
2017,1,24,7,30,-0.056401456,1.281560122,0.00000012 ,114.791,19.1751
2017,1,24,8,0,-0.040280681,0.915262121,0.00000012 ,117.816,19.3743
2017,1,24,8,30,-0.040973398,0.93100212,0.00000012 ,118.317,19.0652
2017,1,24,9,0,-0.007099649,0.161319039,0.00000004 ,57.3965,142.91
2017,1,24,9,30,0.000359122,-0.008159939,0.00000006 ,88.8758,159.732
2017,1,24,10,0,-0.005346203,0.121477067,0.00000007 ,83.7812,1.23835
2017,1,24,10,30,-0.009778758,0.222194093,0.00000009 ,97.3968,6.0739
2017,1,24,11,0,-0.013785648,0.313239136,0.00000014 ,78.2046,23.7547
2017,1,24,11,30,-0.027041108,0.614431167,0.00000017 ,178.864,87.1316
2017,1,24,12,0,-0.012792079,0.290663189,0.00000019 ,146.48,54.5395
2017,1,24,12,30,-0.011575202,0.263013213,0.00000021 ,117.452,7.70177
2017,1,24,13,0,-0.011418262,0.259447232,0.00000023 ,123.888,4.13958
2017,1,24,13,30,-0.010528336,0.239226249,0.00000025 ,197.637,6.94228
2017,1,24,14,0,-0.010664855,0.242328254,0.00000025 ,158.961,18.7407
2017,1,24,14,30,-0.024825337,0.564084262,0.00000026 ,87.7378,16.3085
2017,1,24,15,0,-0.029615517,0.672927288,0.00000029 ,62.6339,4.00915
2017,1,24,15,30,-0.043610433,0.990921289,0.00000029 ,-6.53012,-2.89656
2017,1,24,16,0,-0.032105339,0.729501287,0.00000029 ,-25.9579,-7.86168
2017,1,24,16,30,-0.051736396,1.175560254,0.00000025 ,83.1086,14.5695
2017,1,24,17,0,-0.061459965,1.396500233,0.00000023 ,75.134,11.4056
2017,1,24,17,30,-0.068617751,1.559140212,0.00000021 ,83.9945,7.41862
2017,1,24,18,0,-0.051092529,1.160930202,0.00000020 ,87.8756,7.31385
2017,1,24,18,30,-0.04389707,0.99743419,0.00000019 ,96.8267,14.1729
2017,1,24,19,0,-0.072098062,1.638220178,0.00000018 ,90.5423,14.158
2017,1,24,19,30,-0.068034619,1.545890176,0.00000018 ,81.0249,8.38268
2017,1,24,20,0,-0.049661764,1.128420175,0.00000018 ,143.923,24.6512
2017,1,24,20,30,-0.041029247,0.932271174,0.00000017 ,153.134,26.4391
2017,1,24,21,0,-0.066814662,1.518170172,0.00000017 ,148.964,23.43
2017,1,24,21,30,-0.064722426,1.470630171,0.00000017 ,144.6,23.2761
2017,1,24,22,0,-0.241989425,5.49851017,0.00000017 ,138.009,-15.4978
2017,1,24,22,30,-0.061720504,1.402420168,0.00000017 ,137.044,22.1681
2017,1,24,23,0,-0.177257317,4.027660167,0.00000017 ,135.391,12.1455
2017,1,24,23,30,-0.27110116,6.159990165,0.00000017 ,206.034,25.6246
2017,1,24,24,0,-0.311587279,7.079920164,0.00000016 ,201.719,16.5736
2017,1,25,0,30,-0.409641119,9.307910163,0.00000016 ,331.996,20.2007
2017,1,25,1,0,-0.402389151,9.143130161,0.00000016 ,281.589,19.6746
2017,1,25,1,30,-0.101155225,2.29846016,0.00000016 ,235.71,64.7129
2017,1,25,2,0,-0.195763522,4.448160159,0.00000016 ,171.714,15.4095
2017,1,25,2,30,-0.224725182,5.106230158,0.00000016 ,241.078,25.3796
2017,1,25,3,0,-0.322377211,7.325090156,0.00000016 ,444.507,48.4085
2017,1,25,3,30,-0.128979667,2.930690155,0.00000016 ,248.456,19.8385
2017,1,25,4,0,-0.09844993,2.236990154,0.00000015 ,192.29,33.7257
2017,1,25,4,30,-0.061845933,1.405270152,0.00000015 ,128.19,25.5063
2017,1,25,5,0,-0.082024078,1.863760151,0.00000015 ,159.791,35.2368
2017,1,25,5,30,-0.060402405,1.37247015,0.00000015 ,79.5716,13.5748
2017,1,25,6,0,-0.00544056,0.123621148,0.00000015 ,33.1078,12.0516
2017,1,25,6,30,-0.075424338,1.713800147,0.00000015 ,127.906,4.97302
2017,1,25,7,0,-0.002002455,0.045500146,0.00000015 ,-15.1611,0.441752
2017,1,25,7,30,0.00378486,-0.085999856,0.00000014 ,-34.6407,20.4304
2017,1,25,8,0,-0.038925481,0.884469143,0.00000014 ,-18.5948,-6.54334
2017,1,25,8,30,-0.046318325,1.052450142,0.00000014 ,-5.96899,-5.28557
2017,1,25,9,0,-0.008026016,0.182368141,0.00000014 ,55.7264,29.0837
2017,1,25,9,30,0.001164065,-0.026449845,0.00000016 ,19.6358,1.66267
2017,1,25,10,0,-0.008558537,0.194468186,0.00000019 ,115.115,26.4639
2017,1,25,10,30,-0.016461808,0.374047218,0.00000022 ,137.433,-7.61093
2017,1,25,11,0,-0.00655793,0.149010238,0.00000024 ,102.607,10.0634
2017,1,25,11,30,-0.016118486,0.366246288,0.00000029 ,163.207,6.94228
2017,1,25,12,0,-0.022289217,0.50645833,0.00000033 ,164.022,36.4744
2017,1,25,12,30,-0.02651246,0.602419346,0.00000035 ,80.8893,12.6461
2017,1,25,13,0,-0.000444501,0.010100364,0.00000036 ,36.5295,-0.26256
2017,1,25,13,30,-0.014112291,0.320661363,0.00000036 ,65.7602,-36.5294
2017,1,25,14,0,-0.007819565,0.177677367,0.00000037 ,1.49109,-3.04002
2017,1,25,14,30,-0.007722611,0.175474376,0.00000038 ,-6.17783,0.999461
2017,1,25,15,0,-0.004031162,0.091596887,0.00000039 ,30.212,6.48588
2017,1,25,15,30,-0.003500349,0.079535689,0.00000039 ,2.65245,5.78743
2017,1,25,16,0,-0.022247099,0.505501382,0.00000038 ,-41.1685,-1.27599
2017,1,25,16,30,-0.040883354,0.92895637,0.00000037 ,144.599,22.6246
2017,1,25,17,0,-0.039987838,0.908608358,0.00000036 ,135.359,21.3247
2017,1,25,17,30,-0.047979702,1.090200361,0.00000036 ,127.892,19.0274
2017,1,25,18,0,-0.026200693,0.595335356,0.00000036 ,152.255,24.5634
2017,1,25,18,30,-0.017568044,0.399183356,0.00000036 ,155.897,25.5838
2017,1,25,19,0,-0.034598417,0.786149355,0.00000036 ,168.433,32.8374
2017,1,25,19,30,-0.017568044,0.399183355,0.00000036 ,144.53,23.8563
2017,1,25,20,0,-0.041728742,0.948165355,0.00000036 ,158.809,28.0724
2017,1,25,20,30,-0.118574383,2.694260355,0.00000036 ,145.531,22.896
2017,1,25,21,0,-0.085043164,1.932360354,0.00000035 ,142.71,28.934
2017,1,25,21,30,-0.066538719,1.511900354,0.00000035 ,132.624,31.1641
2017,1,25,22,0,-0.290723899,6.605860354,0.00000035 ,42.552,25.8363
2017,1,25,22,30,-0.124873534,2.837390354,0.00000035 ,133.332,0.18132
2017,1,25,23,0,-0.105393828,2.394770354,0.00000035 ,170.815,26.6699
2017,1,25,23,30,-0.217449449,4.940910353,0.00000035 ,203.268,18.4723
2017,1,25,24,0,-0.205473008,4.668780353,0.00000035 ,131.98,24.3499
2017,1,26,0,30,-0.119060253,2.705300353,0.00000035 ,193.34,19.9081
2017,1,26,1,0,-0.117160781,2.662140353,0.00000035 ,217.798,27.7646
2017,1,26,1,30,-0.159965788,3.634760352,0.00000035 ,184.927,19.5659
2017,1,26,2,0,-0.142999052,3.249240352,0.00000035 ,241.431,29.2902
2017,1,26,2,30,-0.055464483,1.260270352,0.00000035 ,183.405,32.3256
2017,1,26,3,0,0.115937744,-2.634349648,0.00000035 ,108.488,75.515
2017,1,26,3,30,-0.019307715,0.438712352,0.00000035 ,51.6321,14.1204
2017,1,26,4,0,-0.081738893,1.857280351,0.00000035 ,135.85,22.1197
2017,1,26,4,30,-0.185204202,4.208230351,0.00000035 ,104.642,24.7317
2017,1,26,5,0,-0.050663872,1.151190351,0.00000035 ,173.491,28.7053
2017,1,26,5,30,-0.028851636,0.655570351,0.00000035 ,98.3113,37.7011
2017,1,26,6,0,-0.024011812,0.545599351,0.00000035 ,24.7093,13.3948
2017,1,26,6,30,-0.012354971,0.28073135,0.00000035 ,-1.4429,19.0366
2017,1,26,7,0,-0.003525201,0.08010035,0.00000035 ,-20.4626,24.1705
2017,1,26,7,30,0.002526174,-0.05739965,0.00000035 ,-53.6404,6.79478
2017,1,26,8,0,-0.014867194,0.33781435,0.00000035 ,98.3,2.1983
2017,1,26,8,30,-0.02189097,0.497409349,0.00000035 ,-6.53659,4.29071
2017,1,26,9,0,-0.008846494,0.201011349,0.00000035 ,-9.23487,0.427419
2017,1,26,9,30,8.45E-05,-0.001919651,0.00000035 ,48.4871,3.78235
2017,1,26,10,0,-0.006235821,0.141691349,0.00000035 ,63.8429,-7.29778
2017,1,26,10,30,-0.016041865,0.364505351,0.00000035 ,69.2919,1.72651
2017,1,26,11,0,-0.056803707,1.290700372,0.00000037 ,193.614,97.949
2017,1,26,11,30,0.00222001,-0.050442905,0.00000040 ,-38.9371,66.0088
2017,1,26,12,0,-0.012246399,0.278264415,0.00000042 ,82.0662,14.9348
2017,1,26,12,30,-0.001939389,0.044067418,0.00000042 ,53.4788,66.0088
2017,1,26,13,0,0.011095889,-0.252121576,0.00000042 ,101.045,66.0088
2017,1,26,13,30,0.001302696,-0.029599579,0.00000042 ,103.008,-6.17356
2017,1,26,14,0,0.011095889,-0.252121576,0.00000042 ,84.3573,66.0088
2017,1,26,14,30,-0.018328273,0.416457428,0.00000043 ,103.858,7.87837
2017,1,26,15,0,-0.037959197,0.862513431,0.00000043 ,84.9788,21.9303
2017,1,26,15,30,-0.008194486,0.186196432,0.00000043 ,-21.4908,23.7991
2017,1,26,16,0,-0.009509725,0.216081426,0.00000043 ,20.3306,7.87162
2017,1,26,16,30,-0.158118688,3.592790414,0.00000041 ,81.302,4.51127
2017,1,26,17,0,-0.131920855,2.99752041,0.00000041 ,130.397,12.0324
2017,1,26,17,30,-0.131920855,2.997520411,0.00000041 ,130.397,12.0324
2017,1,26,18,0,-0.171229707,3.890700408,0.00000041 ,112.606,16.0791
2017,1,26,18,30,-0.075426098,1.71384041,0.00000041 ,58.4591,14.6902
2017,1,26,19,0,-0.002266977,0.051510908,0.00000041 ,-22.8554,11.6678
2017,1,26,19,30,-0.091753368,2.084830402,0.00000040 ,52.3858,14.2972
2017,1,26,20,0,-0.148410082,3.372190399,0.00000040 ,84.5363,3.92691
2017,1,26,20,30,-0.139474732,3.169160397,0.00000040 ,60.0393,4.30401
2017,1,26,21,0,-0.175849437,3.995670394,0.00000039 ,8.42943,-15.4326
2017,1,26,21,30,-0.246440156,5.599640392,0.00000039 ,37.4142,-2.57899
2017,1,26,22,0,-0.16208663,3.682950389,0.00000039 ,59.7625,5.31994
2017,1,26,22,30,-0.138425093,3.145310387,0.00000039 ,104.909,12.3183
2017,1,26,23,0,-0.070895709,1.610900384,0.00000038 ,156.89,17.4913
2017,1,26,23,30,-0.152069073,3.455330382,0.00000038 ,138.375,14.6669
2017,1,26,24,0,-0.10729462,2.437960379,0.00000038 ,185.417,21.8934
2017,1,27,0,30,-0.067792124,1.540380376,0.00000038 ,195.995,22.9297
2017,1,27,1,0,-0.066435736,1.509560374,0.00000037 ,286.384,31.684
2017,1,27,1,30,0.041621049,-0.945717629,0.00000037 ,434.896,23.3638
2017,1,27,2,0,0.026573106,-0.603796631,0.00000037 ,209.983,42.3203
2017,1,27,2,30,-0.12023312,2.731950366,0.00000037 ,202.069,26.983
2017,1,27,3,0,0.080042307,-1.818729636,0.00000036 ,179.795,61.7469
2017,1,27,3,30,0.000849393,-0.019299639,0.00000036 ,102.916,40.165
2017,1,27,4,0,0.046379498,-1.053839641,0.00000036 ,182.307,71.7003
2017,1,27,4,30,-0.031972561,0.726484356,0.00000036 ,213.608,42.9765
2017,1,27,5,0,-0.021985592,0.499559354,0.00000035 ,202.049,53.9502
2017,1,27,5,30,-0.030705953,0.697704351,0.00000035 ,78.7734,28.1843
2017,1,27,6,0,-0.011796792,0.268048349,0.00000035 ,57.7636,28.5996
2017,1,27,6,30,-0.068063225,1.546540346,0.00000035 ,41.338,14.7906
2017,1,27,7,0,-0.085841065,1.950490344,0.00000034 ,107.821,-5.14842
2017,1,27,7,30,-0.049631837,1.127740341,0.00000034 ,115.573,-7.28528
2017,1,27,8,0,0.01946241,-0.442226661,0.00000034 ,-41.871,22.6306
2017,1,27,8,30,-0.018811106,0.427428336,0.00000034 ,-14.0673,3.62957
2017,1,27,9,0,-0.00742211,0.168646334,0.00000033 ,40.3692,-99.6616
2017,1,27,9,30,-0.04854171,1.102970331,0.00000033 ,83.8352,-81.5124
2017,1,27,10,0,-0.048200632,1.095220265,0.00000027 ,122.397,-14.2863
2017,1,27,10,30,-0.030574803,0.694724284,0.00000028 ,155.976,-31.6177
2017,1,27,11,0,-0.024737581,0.562090318,0.00000032 ,133.912,34.763
2017,1,27,11,30,0.244069338,-5.545769598,0.00000040 ,151.126,87.0156
2017,1,27,12,0,-0.040858092,0.928382421,0.00000042 ,200.258,5.85883
2017,1,27,12,30,0.03587704,-0.815201572,0.00000043 ,185.158,-50.0627
2017,1,27,13,0,-0.053687799,1.219900433,0.00000043 ,131.589,33.4132
2017,1,27,13,30,-0.002185845,0.049667436,0.00000044 ,86.6689,14.6866
2017,1,27,14,0,-0.017665394,0.401395428,0.00000043 ,73.5603,3.72842
2017,1,27,14,30,-0.018837864,0.428036432,0.00000043 ,78.24,3.72842
2017,1,27,15,0,-0.019454709,0.442052436,0.00000044 ,116.487,6.99396
2017,1,27,15,30,-0.01183759,0.268975442,0.00000044 ,50.2814,11.4241
2017,1,27,16,0,-0.010508488,0.238775441,0.00000044 ,4.64973,2.43231
2017,1,27,16,30,-0.008507045,0.193298432,0.00000043 ,23.2073,5.85641
2017,1,27,17,0,-0.036904894,0.838557417,0.00000042 ,11.2877,-6.86716
2017,1,27,17,30,-0.085002674,1.931440401,0.00000040 ,86.7919,18.8076
2017,1,27,18,0,-0.115035098,2.613840384,0.00000038 ,154.586,23.1863
2017,1,27,18,30,-0.043201184,0.981622376,0.00000038 ,-23.1125,23.2752
2017,1,27,19,0,-0.005240535,0.119076369,0.00000037 ,-23.4363,-1.67849
2017,1,27,19,30,-0.009109674,0.206991357,0.00000036 ,-23.2736,-1.56461
2017,1,27,20,0,-0.009301117,0.21134128,0.00000028 ,-22.7546,-1.33328
2017,1,27,20,30,-0.008692591,0.197514275,0.00000028 ,-17.469,-0.393663
2017,1,27,21,0,-0.121633518,2.763770271,0.00000027 ,19.4086,23.2335
2017,1,27,21,30,-0.185614376,4.217550267,0.00000027 ,105.848,-1.24007
2017,1,27,22,0,-0.033164704,0.753572262,0.00000026 ,111.519,21.5998
2017,1,27,22,30,-0.18488733,4.201030258,0.00000026 ,106.925,17.4234
2017,1,27,23,0,-0.044657827,1.014720254,0.00000025 ,110.488,22.0735
2017,1,27,23,30,-0.072477428,1.646840249,0.00000025 ,207.517,19.0235
2017,1,27,24,0,-0.025902658,0.588563245,0.00000025 ,233.787,31.7166
2017,1,28,0,30,-0.096519651,2.19313024,0.00000024 ,392.29,80.373
2017,1,28,1,0,-0.18127895,4.119040236,0.00000024 ,584.865,88.4275
2017,1,28,1,30,-0.024667605,0.560500232,0.00000023 ,211.995,26.682
2017,1,28,2,0,-0.022016531,0.500262228,0.00000023 ,197.816,45.8724
2017,1,28,2,30,-0.030599933,0.695295223,0.00000022 ,271.869,45.8777
2017,1,28,3,0,-0.089070519,2.023870219,0.00000022 ,412.768,77.3807
2017,1,28,3,30,-0.064233035,1.459510215,0.00000022 ,192.452,32.1561
2017,1,28,4,0,-0.090579622,2.05816021,0.00000021 ,301.701,36.8851
2017,1,28,4,30,-0.056893928,1.292750206,0.00000021 ,229.4,53.6822
2017,1,28,5,0,-0.025213901,0.572913202,0.00000020 ,182.26,33.0083
2017,1,28,5,30,-0.06579583,1.495020198,0.00000020 ,98.3739,20.1625
2017,1,28,6,0,-0.0130601,0.296753194,0.00000019 ,38.879,6.36067
2017,1,28,6,30,-0.081262265,1.846450189,0.00000019 ,0.601748,18.9398
2017,1,28,7,0,-0.00215649,0.049000185,0.00000019 ,-17.4017,10.0134
2017,1,28,7,30,-0.002953071,0.067100181,0.00000018 ,-11.4113,-2.76447
2017,1,28,8,0,-0.009380776,0.213151177,0.00000018 ,-14.9576,8.60706
2017,1,28,8,30,-0.007901115,0.179530173,0.00000017 ,-11.1328,-3.08553
2017,1,28,9,0,-0.008204036,0.186413169,0.00000017 ,60.9077,55.8811
2017,1,28,9,30,-0.014973654,0.340233142,0.00000014 ,107.759,12.8781
2017,1,28,10,0,-0.020422224,0.464036124,0.00000012 ,127.171,61.2912
2017,1,28,10,30,-0.016565056,0.376393196,0.00000020 ,64.9098,-7.06924
2017,1,28,11,0,-0.007319963,0.166325268,0.00000027 ,108.068,-23.6706
2017,1,28,11,30,-0.024528753,0.557345346,0.00000035 ,200.061,-83.229
2017,1,28,12,0,0.008551583,-0.194309603,0.00000040 ,207.064,411.881
2017,1,28,12,30,0.721244682,-16.38819959,0.00000041 ,217.116,368.21
2017,1,28,13,0,-0.000482042,0.010953416,0.00000042 ,-14.5763,-32.1404
2017,1,28,13,30,-0.0058609,0.133172426,0.00000043 ,200.675,-8.08022
2017,1,28,14,0,-0.089048954,2.023380435,0.00000044 ,181.485,-37.5633
2017,1,28,14,30,-0.156692324,3.560380432,0.00000043 ,170.93,-1.93955
2017,1,28,15,0,-0.006549876,0.148827434,0.00000043 ,-26.3613,2.41654
2017,1,28,15,30,-0.010629295,0.241520427,0.00000043 ,35.4488,-55.0371
2017,1,28,16,0,0.00615361,-0.139822584,0.00000042 ,-25.8138,0.35665
2017,1,28,16,30,-0.009252134,0.210228395,0.00000040 ,-35.225,46.308
2017,1,28,17,0,-0.017066286,0.387782376,0.00000038 ,-22.4634,-0.841822
2017,1,28,17,30,-0.008904147,0.202321353,0.00000035 ,-28.9326,13.9577
2017,1,28,18,0,0.004370193,-0.099299666,0.00000033 ,-16.7782,1.27541
2017,1,28,18,30,-0.00675219,0.153424322,0.00000032 ,-35.6963,1.32202
2017,1,28,19,0,0.00189243,-0.04299969,0.00000031 ,-16.4456,0.323474
2017,1,28,19,30,-0.00167238,0.038000298,0.00000030 ,-18.1352,2.18091
2017,1,28,20,0,-0.000955017,0.021700282,0.00000028 ,-10.6252,2.36183
2017,1,28,20,30,-0.036518442,0.829776279,0.00000028 ,-3.24667,3.12577
2017,1,28,21,0,-0.063428532,1.441230276,0.00000028 ,136.526,23.6031
2017,1,28,21,30,0.027671596,-0.628756726,0.00000027 ,154.912,42.0264
2017,1,28,22,0,-0.032181784,0.731238271,0.00000027 ,41.3055,15.6403
2017,1,28,22,30,-0.0162679,0.369641268,0.00000027 ,125.983,29.2792
2017,1,28,23,0,-0.002451357,0.055700265,0.00000027 ,327.542,53.4697
2017,1,28,23,30,0.002182896,-0.049599737,0.00000026 ,204.381,62.9416
2017,1,28,24,0,-0.075921651,1.72510026,0.00000026 ,292.845,52.3767
2017,1,29,0,30,-0.062554934,1.421380257,0.00000026 ,227.116,19.5965
2017,1,29,1,0,-0.04131474,0.938758254,0.00000025 ,351.914,49.7839
2017,1,29,1,30,0.029622339,-0.673081748,0.00000025 ,152.577,23.4615
2017,1,29,2,0,-0.034253379,0.778309249,0.00000025 ,284.456,50.1195
2017,1,29,2,30,-0.010689589,0.242890246,0.00000025 ,341.117,53.9494
2017,1,29,3,0,-0.019262473,0.437684243,0.00000024 ,237.721,44.1643
2017,1,29,3,30,-0.016265128,0.369578241,0.00000024 ,228.555,35.3656
2017,1,29,4,0,0.020190468,-0.458769762,0.00000024 ,109.293,14.1198
2017,1,29,4,30,-0.018329681,0.416489235,0.00000024 ,195.615,55.5009
2017,1,29,5,0,-0.007576322,0.172150233,0.00000023 ,143.754,21.5884
2017,1,29,5,30,-0.032792643,0.74511823,0.00000023 ,107.805,16.3928
2017,1,29,6,0,-0.009589735,0.217899227,0.00000023 ,37.034,5.13538
2017,1,29,6,30,0.004009311,-0.091099776,0.00000022 ,-3.67267,6.98574
2017,1,29,7,0,-0.007331318,0.166583222,0.00000022 ,-23.8848,20.3758
2017,1,29,7,30,0.003600018,-0.081799781,0.00000022 ,-37.4753,3.0139
2017,1,29,8,0,0.002517372,-0.057199784,0.00000022 ,-29.9973,3.24806
2017,1,29,8,30,-0.003604419,0.081900214,0.00000021 ,-8.58365,0.37011
2017,1,29,9,0,-0.00136431,0.031000211,0.00000021 ,-12.6508,15.9834
2017,1,29,9,30,0.003305151,-0.075099842,0.00000016 ,103.059,-8.36335
2017,1,29,10,0,0.001870425,-0.042499813,0.00000019 ,130.884,-16.3792
2017,1,29,10,30,0.002468961,-0.056099792,0.00000021 ,155.337,-17.8219
2017,1,29,11,0,-0.007872597,0.178882233,0.00000023 ,-24.5924,0.604404
2017,1,29,11,30,5.68E-05,-0.001289731,0.00000027 ,197.271,-15.7235
2017,1,29,12,0,0.022737987,-0.516654671,0.00000033 ,131.279,-42.6606
2017,1,29,12,30,0.012816284,-0.291212584,0.00000042 ,224.789,-92.5486
2017,1,29,13,0,-0.01069399,0.242990419,0.00000042 ,174.162,1.36295
2017,1,29,13,30,-0.007157654,0.162637429,0.00000043 ,187.234,-6.74802
2017,1,29,14,0,-0.004610664,0.104764434,0.00000043 ,168.616,-0.805461
2017,1,29,14,30,0.000238974,-0.005429572,0.00000043 ,128.958,-0.698659
2017,1,29,15,0,-0.078226895,1.777480429,0.00000043 ,128.799,-2.80265
2017,1,29,15,30,0.00070416,-0.015999575,0.00000043 ,44.1003,20.1796
2017,1,29,16,0,-0.016243475,0.369086419,0.00000042 ,32.7014,9.93912
2017,1,29,16,30,-0.033191066,0.754171405,0.00000041 ,21.3026,-0.301383
2017,1,29,17,0,-0.029163447,0.662655393,0.00000039 ,17.9471,-0.652543
2017,1,29,17,30,-0.005316364,0.120799372,0.00000037 ,-11,-1.06959
2017,1,29,18,0,-0.001153062,0.026200333,0.00000033 ,-24.0838,-2.28739
2017,1,29,18,30,-0.001535949,0.034900293,0.00000029 ,-23.0458,-1.82474
2017,1,29,19,0,-0.002266977,0.05151078,0.00000028 ,-22.8554,28.2047
2017,1,29,19,30,-0.004959663,0.112694274,0.00000027 ,-8.77659,0.0497
2017,1,29,20,0,-0.067757356,1.539590235,0.00000024 ,-34.1862,-2.34926
2017,1,29,20,30,0.03419621,-0.777009773,0.00000023 ,-114.525,-4.61059
2017,1,29,21,0,-0.059163523,1.34432022,0.00000022 ,45.9355,15.1349
2017,1,29,21,30,-0.028401193,0.645335213,0.00000021 ,87.4205,9.88017
2017,1,29,22,0,-0.031258895,0.710268206,0.00000021 ,99.5452,8.06878
2017,1,29,22,30,-0.035982576,0.817600199,0.00000020 ,172.994,16.1107
2017,1,29,23,0,-0.020284517,0.460907193,0.00000019 ,186.636,22.4176
2017,1,29,23,30,-0.041040777,0.932533186,0.00000019 ,342.788,32.6719
2017,1,29,24,0,-0.013195342,0.299826179,0.00000018 ,326.665,51.6884
2017,1,30,0,30,-0.00706585,0.160551172,0.00000017 ,270.958,46.0313
2017,1,30,1,0,-0.027518177,0.625271166,0.00000017 ,218.607,31.9392
2017,1,30,1,30,-0.043058636,0.978383159,0.00000016 ,218.371,27.7139
2017,1,30,2,0,-0.016485926,0.374595152,0.00000015 ,166.253,16.6216
2017,1,30,2,30,-0.042141864,0.957552146,0.00000015 ,287.281,39.4613
2017,1,30,3,0,-0.00026362,0.00599014,0.00000014 ,155.736,22.0183
2017,1,30,3,30,-0.021765938,0.494568133,0.00000013 ,117.094,25.7108
2017,1,30,4,0,0.001681182,-0.038199873,0.00000013 ,208.894,39.6085
2017,1,30,4,30,-0.018752177,0.426089121,0.00000012 ,57.4444,17.4448
2017,1,30,5,0,-0.031546324,0.716799115,0.00000012 ,52.409,11.7777
2017,1,30,5,30,-0.017441075,0.396298109,0.00000011 ,74.9818,21.3151
2017,1,30,6,0,-0.010170887,0.231104104,0.00000010 ,119.637,17.575
2017,1,30,6,30,-0.020910031,0.475120098,0.00000010 ,13.895,7.34569
2017,1,30,7,0,0.029182547,-0.663088908,0.00000009 ,20.0494,44.1506
2017,1,30,7,30,-0.017532176,0.398368087,0.00000009 ,-9.45759,-7.93318
2017,1,30,8,0,-0.008203156,0.186393082,0.00000008 ,-25.3565,6.63038
2017,1,30,8,30,9.55E-05,-0.002169923,0.00000008 ,-16.1756,0.479574
2017,1,30,9,0,0.003428379,-0.077899928,0.00000007 ,43.1049,-17.3374
2017,1,30,9,30,0.001153062,-0.026199927,0.00000007 ,94.4132,-19.6247
2017,1,30,10,0,-0.009778758,0.222194105,0.00000011 ,97.3968,6.0739
2017,1,30,10,30,0.000349439,-0.007939868,0.00000013 ,-16.3979,33.9794
2017,1,30,11,0,-0.005804083,0.131881189,0.00000019 ,184.099,10.2123
2017,1,30,11,30,-0.004495445,0.102146222,0.00000022 ,203.362,11.958
2017,1,30,12,0,-0.003868479,0.08790025,0.00000025 ,222.934,6.91173
2017,1,30,12,30,0.000253938,-0.005769739,0.00000026 ,-12.8227,48.7017
2017,1,30,13,0,0.002803437,-0.063699728,0.00000027 ,228.607,3.59161
2017,1,30,13,30,0.008558185,-0.194459706,0.00000029 ,-29.0423,-3.62225
2017,1,30,14,0,0.014161714,-0.321783684,0.00000032 ,-54.2937,45.3811
2017,1,30,14,30,0.008442438,-0.191829672,0.00000033 ,-40.4477,10.8057
2017,1,30,15,0,-0.003085101,0.070100338,0.00000034 ,-37.4265,61.2117
2017,1,30,15,30,-0.001219077,0.027700329,0.00000033 ,61.8208,18.1043
2017,1,30,16,0,-0.005536986,0.125812307,0.00000031 ,-14.3996,-0.139492
2017,1,30,16,30,-0.004733011,0.107544262,0.00000026 ,-15.5032,-6.7908
2017,1,30,17,0,-0.02056244,0.467222236,0.00000024 ,-52.1956,-9.36834
2017,1,30,17,30,-0.004973174,0.113001211,0.00000021 ,-67.8711,-7.97861
2017,1,30,18,0,-0.005571006,0.126585193,0.00000019 ,-38.4633,-4.28625
2017,1,30,18,30,-0.00123228,0.02800019,0.00000019 ,-36.2566,25.5293
2017,1,30,19,0,-0.006342413,0.144113187,0.00000019 ,-24.0701,-1.81391
2017,1,30,19,30,-0.008831355,0.200667178,0.00000018 ,-35.1367,24.4902
2017,1,30,20,0,-0.039126826,0.889044174,0.00000017 ,-23.0413,-5.38371
2017,1,30,20,30,-0.010048539,0.22832417,0.00000017 ,25.0841,1.93978
2017,1,30,21,0,-0.008667065,0.196934165,0.00000017 ,48.467,5.33761
2017,1,30,21,30,-0.011965747,0.271887161,0.00000016 ,59.0577,9.27479
2017,1,30,22,0,-0.00123228,0.028000157,0.00000016 ,110.115,12.098
2017,1,30,22,30,-0.020808148,0.472805153,0.00000015 ,199.4,25.1854
2017,1,30,23,0,-0.019597081,0.445287149,0.00000015 ,210.894,25.3266
2017,1,30,23,30,-0.028218464,0.641183145,0.00000015 ,97.2651,21.2523
2017,1,30,24,0,0.007896494,-0.179424859,0.00000014 ,194.452,42.888
2017,1,31,0,30,-0.033167432,0.753634138,0.00000014 ,132.132,21.3458
2017,1,31,1,0,-0.038026752,0.864048134,0.00000013 ,133.452,19.7668
2017,1,31,1,30,-0.010868446,0.24695413,0.00000013 ,71.6297,26.9411
2017,1,31,2,0,-0.023410899,0.531945126,0.00000013 ,129.504,32.0448
2017,1,31,2,30,-0.077736183,1.766330122,0.00000012 ,126.535,15.8733
2017,1,31,3,0,-0.026276259,0.597052119,0.00000012 ,81.0837,36.3871
2017,1,31,3,30,-0.007265127,0.165079115,0.00000012 ,86.9112,20.919
2017,1,31,4,0,0.018901723,-0.429486889,0.00000011 ,122.774,28.7459
2017,1,31,4,30,-0.023109475,0.525096108,0.00000011 ,99.5986,28.4169
2017,1,31,5,0,0.002389743,-0.054299896,0.00000010 ,82.139,15.4719
2017,1,31,5,30,-0.002680209,0.060900101,0.00000010 ,98.5404,20.1021
2017,1,31,6,0,-0.009909028,0.225154097,0.00000010 ,23.8378,16.1323
2017,1,31,6,30,-0.039354094,0.894208094,0.00000009 ,33.7298,12.8226
2017,1,31,7,0,0.017465721,-0.39685791,0.00000009 ,125.963,24.1172
2017,1,31,7,30,8.98E-05,-0.002039913,0.00000009 ,-14.7267,3.71048
2017,1,31,8,0,-0.006786738,0.154209084,0.00000008 ,-14.7131,1.49789
2017,1,31,8,30,-0.003406374,0.077400081,0.00000008 ,-21.1771,1.3086
2017,1,31,9,0,-0.006880479,0.156339078,0.00000008 ,40.5851,2.88306
2017,1,31,9,30,-0.021145221,0.480464099,0.00000010 ,74.9559,14.1165
2017,1,31,10,0,-0.00149634,0.034000148,0.00000015 ,113.739,2.16536
2017,1,31,10,30,0.000796581,-0.01809984,0.00000016 ,124.418,14.6978
2017,1,31,11,0,-0.000248657,0.005650207,0.00000021 ,-24.0511,22.87
2017,1,31,11,30,-0.004789124,0.108819306,0.00000031 ,138.203,-14.5832
2017,1,31,12,0,-0.004389337,0.099735325,0.00000033 ,89.4322,68.5688
2017,1,31,12,30,-0.008835448,0.200760322,0.00000032 ,-18.4067,97.949
2017,1,31,13,0,-0.010802871,0.24546434,0.00000034 ,177.344,-28.1058
2017,1,31,13,30,-0.007188901,0.163347339,0.00000034 ,184.612,-1.88712
2017,1,31,14,0,0.000875799,-0.01989965,0.00000035 ,38.5244,-5.32851
2017,1,31,14,30,-0.006888885,0.15653035,0.00000035 ,-21.4091,4.21023
2017,1,31,15,0,-0.027710764,0.629647354,0.00000035 ,57.2918,61.2117
2017,1,31,15,30,-0.009796274,0.22259235,0.00000035 ,22.3605,-1.23025
2017,1,31,16,0,-0.00846035,0.192237342,0.00000034 ,-1.65059,-0.68453
2017,1,31,16,30,-0.000294735,0.006697328,0.00000033 ,-12.7774,0.662555
2017,1,31,17,0,-0.018490229,0.420137317,0.00000032 ,36.8522,-0.315764
2017,1,31,17,30,-0.026555546,0.603398306,0.00000031 ,153.507,19.7406
2017,1,31,18,0,-0.045759838,1.03976029,0.00000029 ,155.365,28.7871
2017,1,31,18,30,-0.078811348,1.790760284,0.00000028 ,137.934,25.5454
2017,1,31,19,0,0.011607726,-0.263751754,0.00000025 ,46.67,1.74812
2017,1,31,19,30,-0.035009691,0.795494248,0.00000025 ,94.4016,18.2337
2017,1,31,20,0,-0.037360925,0.848919246,0.00000025 ,89.0327,18.29
2017,1,31,20,30,-0.010497353,0.238522243,0.00000024 ,-28.2422,-1.41143
2017,1,31,21,0,-0.01155531,0.26256124,0.00000024 ,-35.023,-2.92406
2017,1,31,21,30,-0.038604384,0.877173238,0.00000024 ,170.835,9.93519
2017,1,31,22,0,-0.168405145,3.826520235,0.00000024 ,29.2875,22.8653
2017,1,31,22,30,-0.100331357,2.279740233,0.00000023 ,176.539,23.9392
2017,1,31,23,0,-0.030119784,0.68438523,0.00000023 ,178.687,21.769
2017,1,31,23,30,-0.111755473,2.539320227,0.00000023 ,335.865,36.8199
2017,1,31,24,0,-0.061863097,1.405660225,0.00000023 ,244.807,30.4965
2017,2,1,0,30,0.001751598,-0.039799778,0.00000022 ,324.483,73.6425
2017,2,1,1,0,-0.059520884,1.35244022,0.00000022 ,420.763,71.7351
2017,2,1,1,30,-0.012203357,0.277286217,0.00000022 ,272.185,40.9614
2017,2,1,2,0,-0.063524914,1.443420215,0.00000022 ,325.141,58.6001
2017,2,1,2,30,-0.031675977,0.719745212,0.00000021 ,296.381,43.346
2017,2,1,3,0,-0.090927741,2.066070209,0.00000021 ,284.081,39.6592
2017,2,1,3,30,-0.003657231,0.083100207,0.00000021 ,229.701,52.2537
2017,2,1,4,0,-0.009996255,0.227136204,0.00000020 ,243.16,39.5958
2017,2,1,4,30,-0.02457602,0.558419202,0.00000020 ,231.049,25.8663
2017,2,1,5,0,-0.035095114,0.797435199,0.00000020 ,150.132,17.8834
2017,2,1,5,30,-0.002521773,0.057300197,0.00000020 ,61.2925,10.6736
2017,2,1,6,0,0.009313704,-0.211626806,0.00000019 ,30.6924,-1.76065
2017,2,1,6,30,-0.042207218,0.959037192,0.00000019 ,6.98201,10.5381
2017,2,1,7,0,0.007473734,-0.169818811,0.00000019 ,-10.4364,4.58382
2017,2,1,7,30,0.007238765,-0.164479813,0.00000019 ,-11.4566,3.35551
2017,2,1,8,0,0.004202955,-0.095499816,0.00000018 ,-19.5327,0.716591
2017,2,1,8,30,0.003129111,-0.071099818,0.00000018 ,-16.4216,0.287112
2017,2,1,9,0,-0.000977022,0.022200179,0.00000018 ,-12.2959,1.43379
2017,2,1,9,30,-0.015342238,0.348608177,0.00000018 ,74.1545,84.6249
2017,2,1,10,0,0.000285185,-0.006479807,0.00000019 ,78.8832,-56.0445
2017,2,1,10,30,-0.016958637,0.385336228,0.00000023 ,88.1299,4.15396
2017,2,1,11,0,-0.011008309,0.250132276,0.00000028 ,63.467,-5.25068
2017,2,1,11,30,0.001073844,-0.024399683,0.00000032 ,177.43,0.790425
2017,2,1,12,0,-0.003753252,0.085282152,0.00000035 ,119.431,23.6187
2017,2,1,12,30,-0.001852821,0.042100391,0.00000039 ,177.174,-14.615
2017,2,1,13,0,-0.053687799,1.219900414,0.00000041 ,157.045,10.6364
2017,2,1,13,30,0.004623515,-0.105055539,0.00000046 ,112.764,-1.77561
2017,2,1,14,0,-0.014396067,0.327109469,0.00000047 ,106.748,-3.36726
2017,2,1,14,30,-0.005508952,0.125175467,0.00000047 ,82.6127,-7.05754
2017,2,1,15,0,-0.01115297,0.253419469,0.00000047 ,63.5993,44.0786
2017,2,1,15,30,-0.007042436,0.160019458,0.00000046 ,2.22152,-2.5697
2017,2,1,16,0,-0.009772068,0.222042446,0.00000045 ,-2.81487,5.47913
2017,2,1,16,30,-0.0100154,0.227571442,0.00000044 ,-1.42789,-0.000148
2017,2,1,17,0,-0.067964203,1.544290433,0.00000043 ,106.956,13.9871
2017,2,1,17,30,-0.052812,1.200000414,0.00000041 ,41.3529,15.1423
2017,2,1,18,0,-0.09906431,2.250950381,0.00000038 ,203.587,30.7986
2017,2,1,18,30,-0.012805106,0.290959355,0.00000036 ,-17.9767,-0.0883608
2017,2,1,19,0,-0.082187355,1.867470354,0.00000035 ,23.9944,3.56452
2017,2,1,19,30,-0.089843774,2.041440353,0.00000035 ,76.0186,7.55333
2017,2,1,20,0,-0.067551389,1.534910352,0.00000035 ,133.992,20.3883
2017,2,1,20,30,-0.046528252,1.057220351,0.00000035 ,143.374,26.3402
2017,2,1,21,0,-0.057902637,1.315670349,0.00000035 ,144.886,27.4539
2017,2,1,21,30,-0.138711158,3.151810348,0.00000035 ,39.5524,6.52713
2017,2,1,22,0,-0.414840901,9.426060347,0.00000035 ,129.971,31.9022
2017,2,1,22,30,-0.063656064,1.446400346,0.00000035 ,130.866,31.1488
2017,2,1,23,0,-0.061528621,1.398060345,0.00000035 ,213.632,30.54
2017,2,1,23,30,-0.007238677,0.164478344,0.00000034 ,232.612,26.3163
2017,2,1,24,0,-0.036953877,0.839670343,0.00000034 ,228.037,33.7612
2017,2,2,0,30,0.02001522,-0.454787658,0.00000034 ,65.1703,11.4381
2017,2,2,1,0,-0.016248096,0.369191341,0.00000034 ,154.002,28.3468
2017,2,2,1,30,-0.004040118,0.09180034,0.00000034 ,281.201,42.8481
2017,2,2,2,0,-0.073268288,1.664810339,0.00000034 ,114.071,25.7055
2017,2,2,2,30,-0.016184325,0.367742338,0.00000034 ,289.242,42.3003
2017,2,2,3,0,-0.107950809,2.452870337,0.00000034 ,294.578,30.6265
2017,2,2,3,30,-0.007084026,0.160964336,0.00000034 ,131.938,26.3232
2017,2,2,4,0,0.007547539,-0.171495665,0.00000034 ,291.054,72.1915
2017,2,2,4,30,-0.03408086,0.774389334,0.00000033 ,157.392,39.1471
2017,2,2,5,0,-0.036523239,0.829885333,0.00000033 ,101.642,22.2556
2017,2,2,5,30,-0.037517029,0.852466331,0.00000033 ,57.7932,23.4217
2017,2,2,6,0,-0.026368195,0.59914133,0.00000033 ,65.4566,23.6493
2017,2,2,6,30,-0.011405588,0.259159329,0.00000033 ,11.7911,3.9551
2017,2,2,7,0,0.003591216,-0.081599672,0.00000033 ,-8.43422,2.84647
2017,2,2,7,30,0.002851848,-0.064799673,0.00000033 ,97.3762,-2.20087
2017,2,2,8,0,0.001263087,-0.028699674,0.00000033 ,-10.0623,28.2921
2017,2,2,8,30,0.000361762,-0.008219675,0.00000033 ,-10.9213,3.02942
2017,2,2,9,0,-0.007544942,0.171437324,0.00000032 ,35.1831,-3.07172
2017,2,2,9,30,-0.031757704,0.721602286,0.00000029 ,95.7972,-34.3172
2017,2,2,10,0,-0.017838089,0.405319302,0.00000030 ,141.805,-88.9725
2017,2,2,10,30,-0.014298937,0.324902343,0.00000034 ,157.923,3.72153
2017,2,2,11,0,-0.014416796,0.327580385,0.00000039 ,170.076,-54.3245
2017,2,2,11,30,0.002793601,-0.063476059,0.00000044 ,-10.1259,-90.7619
2017,2,2,12,0,-0.012409588,0.281972484,0.00000048 ,246.594,-22.7608
2017,2,2,12,30,0.004588967,-0.104270492,0.00000051 ,-9.26039,-101.796
2017,2,2,13,0,-0.008670454,0.197011527,0.00000053 ,238.589,24.1626
2017,2,2,13,30,-0.269306432,6.119210542,0.00000054 ,-16.2987,68.1555
2017,2,2,14,0,0.049847927,-1.132649441,0.00000056 ,57.9049,-14.8176
2017,2,2,14,30,-0.014653614,0.332961562,0.00000056 ,86.1828,6.33077
2017,2,2,15,0,-0.013315754,0.302562576,0.00000058 ,70.6119,-4.29775
2017,2,2,15,30,-0.007103478,0.161406587,0.00000059 ,34.4125,28.9317
2017,2,2,16,0,-0.009214814,0.209380569,0.00000057 ,11.369,4.4574
2017,2,2,16,30,-0.007271464,0.165223543,0.00000054 ,11.3067,-0.671179
2017,2,2,17,0,0.072708921,-1.652099486,0.00000051 ,-32.4434,24.8028
2017,2,2,17,30,0.004583421,-0.10414451,0.00000049 ,-19.8794,-2.31009
2017,2,2,18,0,-0.694557018,15.78180047,0.00000047 ,-1.44785,25.1916
2017,2,2,18,30,-0.01355398,0.307975444,0.00000044 ,-22.272,0.0585902
2017,2,2,19,0,-0.130894102,2.97419042,0.00000042 ,44.5748,23.7231
2017,2,2,19,30,-0.039080968,0.888002397,0.00000040 ,171.361,34.822
2017,2,2,20,0,-0.066666348,1.514800383,0.00000038 ,132.216,27.5004
2017,2,2,20,30,-0.073288973,1.665280378,0.00000038 ,139.34,29.9336
2017,2,2,21,0,-0.052187058,1.185800374,0.00000037 ,-11.376,43.4032
2017,2,2,21,30,-0.094713921,2.152100369,0.00000037 ,120.872,42.6424
2017,2,2,22,0,-0.276131503,6.274290365,0.00000037 ,43.4229,25.5818
2017,2,2,22,30,-0.259585943,5.89834036,0.00000036 ,132.037,46.6755
2017,2,2,23,0,-0.078101026,1.774620355,0.00000036 ,202.36,26.2058
2017,2,2,23,30,-0.129732238,2.947790351,0.00000035 ,330.76,37.974
2017,2,2,24,0,-0.141341196,3.211570346,0.00000035 ,192.062,17.2263
2017,2,3,0,30,-0.076962488,1.748750342,0.00000034 ,130.88,17.1005
2017,2,3,1,0,-0.0002645,0.006010337,0.00000034 ,198.155,27.1204
2017,2,3,1,30,0.044941692,-1.021169668,0.00000033 ,199.479,41.9419
2017,2,3,2,0,-0.029307535,0.665929328,0.00000033 ,137.22,26.9003
2017,2,3,2,30,-0.032681782,0.742599323,0.00000032 ,247.432,40.8814
2017,2,3,3,0,-0.060186756,1.367570318,0.00000032 ,314.578,49.5666
2017,2,3,3,30,0.014993415,-0.340681686,0.00000031 ,58.5943,35.1895
2017,2,3,4,0,0.025184414,-0.572242691,0.00000031 ,116.261,32.5347
2017,2,3,4,30,-0.013198467,0.299897305,0.00000031 ,45.1053,12.3907
2017,2,3,5,0,0.00123228,-0.0279997,0.00000030 ,45.6762,10.5523
2017,2,3,5,30,-0.074354015,1.689480295,0.00000030 ,7.94562,26.5701
2017,2,3,6,0,-0.004339386,0.098600291,0.00000029 ,52.9254,4.46225
2017,2,3,6,30,-0.011787902,0.267846286,0.00000029 ,3.74066,25.7528
2017,2,3,7,0,-0.014965468,0.340047282,0.00000028 ,33.9406,-31.8607
2017,2,3,7,30,-0.022038228,0.500755277,0.00000028 ,124.713,26.442
2017,2,3,8,0,0.001161864,-0.026399728,0.00000027 ,-8.79385,25.7423
2017,2,3,8,30,-0.040980484,0.931163268,0.00000027 ,-49.4057,5.34083
2017,2,3,9,0,-0.0427404,0.971152263,0.00000026 ,71.8287,64.3739
2017,2,3,9,30,-0.000707078,0.01606656,0.00000026 ,-24.7175,6.20025
2017,2,3,10,0,0.011322585,-0.257272709,0.00000029 ,-10.9246,31.5563
2017,2,3,10,30,-0.014515642,0.329826327,0.00000033 ,112.407,-0.589554
2017,2,3,11,0,-0.027652363,0.628320368,0.00000037 ,185.915,56.6487
2017,2,3,11,30,-0.016368023,0.371916405,0.00000041 ,141.271,60.8477
2017,2,3,12,0,-0.027946438,0.635002433,0.00000043 ,143.539,53.0536
2017,2,3,12,30,0.007868856,-0.178796538,0.00000046 ,-1.61785,50.165
2017,2,3,13,0,0.012310477,-0.279719516,0.00000048 ,128.668,-92.8065
2017,2,3,13,30,-0.018839581,0.428075507,0.00000051 ,-6.86436,31.6455
2017,2,3,14,0,0.01129477,-0.256640474,0.00000053 ,-8.16738,18.1556
2017,2,3,14,30,-0.021581228,0.490371524,0.00000052 ,175.81,-19.0196
2017,2,3,15,0,-0.005678962,0.129038538,0.00000054 ,110.214,-5.02365
2017,2,3,15,30,-0.025992614,0.59060754,0.00000054 ,75.5848,4.835
2017,2,3,16,0,-0.004488668,0.101992534,0.00000053 ,-3.12362,1.29101
2017,2,3,16,30,0.121790633,-2.767339489,0.00000051 ,-36.6262,14.689
2017,2,3,17,0,-0.694557018,15.78180048,0.00000049 ,-1.44785,25.7564
2017,2,3,17,30,-0.019849478,0.451022463,0.00000046 ,-9.18819,0.273786
2017,2,3,18,0,-0.000735693,0.016716946,0.00000045 ,50.948,26.9209
2017,2,3,18,30,-0.092471171,2.101140401,0.00000040 ,60.9412,34.7012
2017,2,3,19,0,-0.042851217,0.97367037,0.00000037 ,193.257,42.1171
2017,2,3,19,30,0.015180897,-0.344941649,0.00000035 ,-24.3503,-0.351722
2017,2,3,20,0,-0.079915999,1.815860338,0.00000034 ,7.92514,0.0808
2017,2,3,20,30,-0.012246091,0.278257322,0.00000032 ,26.2966,1.15537
2017,2,3,21,0,-0.061067836,1.387590313,0.00000031 ,127.156,37.6456
2017,2,3,21,30,-0.234611589,5.330870311,0.00000031 ,79.3249,39.1425
2017,2,3,22,0,-0.165803714,3.767410309,0.00000031 ,44.7332,4.20497
2017,2,3,22,30,-0.003573612,0.081200307,0.00000031 ,190.025,38.1666
2017,2,3,23,0,-0.028639552,0.650751306,0.00000031 ,124.478,27.6372
2017,2,3,23,30,-0.101143782,2.298200304,0.00000030 ,223.133,58.6606
2017,2,3,24,0,-0.061354341,1.394100302,0.00000030 ,142.496,82.6713
2017,2,4,0,30,-0.157094575,3.5695203,0.00000030 ,230.133,48.6888
2017,2,4,1,0,-0.076689185,1.742540299,0.00000030 ,99.8669,33.218
2017,2,4,1,30,-0.123202034,2.799410297,0.00000030 ,276.961,86.1346
2017,2,4,2,0,-0.086355542,1.962180295,0.00000030 ,170.123,-40.5494
2017,2,4,2,30,-0.168289839,3.823900294,0.00000029 ,195.923,30.0369
2017,2,4,3,0,-0.042184729,0.958526292,0.00000029 ,26.7832,26.9434
2017,2,4,3,30,-0.119909206,2.72459029,0.00000029 ,153.862,52.4658
2017,2,4,4,0,0.00448013,-0.101797712,0.00000029 ,39.7251,119.855
2017,2,4,4,30,-0.082891955,1.883480287,0.00000029 ,86.1989,-72.6598
2017,2,4,5,0,-0.027050614,0.614647285,0.00000029 ,53.3192,25.2567
2017,2,4,5,30,0.003261141,-0.074099717,0.00000028 ,17.5537,25.6881
2017,2,4,6,0,-0.014182575,0.322258281,0.00000028 ,26.0485,7.27288
2017,2,4,6,30,-0.003142314,0.07140028,0.00000028 ,8.9713,4.49851
2017,2,4,7,0,-0.001808811,0.041100278,0.00000028 ,-3.43122,-0.777718
2017,2,4,7,30,-0.034867803,0.792270276,0.00000028 ,123.789,30.3441
2017,2,4,8,0,-0.004438453,0.100851274,0.00000027 ,-7.31268,0.71801
2017,2,4,8,30,-0.015019073,0.341265273,0.00000027 ,-22.5466,3.02942
2017,2,4,9,0,-0.020861312,0.474013271,0.00000027 ,38.528,-9.23799
2017,2,4,9,30,-0.00505446,0.11484828,0.00000028 ,92.017,26.3788
2017,2,4,10,0,-0.010956334,0.248951291,0.00000029 ,40.5462,0.162574
2017,2,4,10,30,0.006532096,-0.148422653,0.00000035 ,119.292,-3.23734
2017,2,4,11,0,0.012627217,-0.286916616,0.00000038 ,177.666,728.604
2017,2,4,11,30,-0.023900643,0.543073415,0.00000042 ,149.538,-0.949727
2017,2,4,12,0,-0.016716406,0.379832441,0.00000044 ,143.157,-23.5405
2017,2,4,12,30,0.019876456,-0.451634549,0.00000045 ,128.179,-6.88623
2017,2,4,13,0,-0.004871819,0.110698473,0.00000047 ,102.006,24.8224
2017,2,4,13,30,-0.007410756,0.168388488,0.00000049 ,87.7858,-5.72719
2017,2,4,14,0,-0.004384945,0.099635701,0.00000050 ,71.0994,2.47546
2017,2,4,14,30,0.004588967,-0.104270496,0.00000050 ,-9.26039,1.0461
2017,2,4,15,0,0.002687616,-0.061067766,0.00000053 ,70.5852,2.9772
2017,2,4,15,30,-0.01476047,0.335389546,0.00000055 ,10.0056,6.55496
2017,2,4,16,0,-0.013365485,0.303692546,0.00000055 ,9.15353,-1.01151
2017,2,4,16,30,-0.023744407,0.539523521,0.00000052 ,-17.4246,0.648345
2017,2,4,17,0,0.121790633,-2.767339508,0.00000049 ,-36.6262,14.689
2017,2,4,17,30,-0.076249085,1.732540477,0.00000048 ,72.5114,25.9399
2017,2,4,18,0,-0.125915691,2.861070461,0.00000046 ,148.296,41.8303
2017,2,4,18,30,-0.479361321,10.89210045,0.00000045 ,-1.95338,19.7264
2017,2,4,19,0,-0.020510684,0.466046444,0.00000044 ,-2.0199,-1.27646
2017,2,4,19,30,-0.005335464,0.121233437,0.00000044 ,61.9393,18.0389
2017,2,4,20,0,-0.103217093,2.345310421,0.00000042 ,159.305,37.9452
2017,2,4,20,30,-0.057078329,1.296940404,0.00000040 ,172.038,43.0054
2017,2,4,21,0,-0.065820476,1.495580392,0.00000039 ,127.281,29.5022
2017,2,4,21,30,-0.19223744,4.368040385,0.00000039 ,42.644,-6.30078
2017,2,4,22,0,-0.073467213,1.669330378,0.00000038 ,114.11,26.8255
2017,2,4,22,30,-0.138402648,3.144800366,0.00000037 ,87.4157,20.5004
2017,2,4,23,0,-0.166946214,3.793370358,0.00000036 ,86.8472,41.8317
2017,2,4,23,30,-0.130782757,2.971660351,0.00000035 ,148.847,41.2487
2017,2,4,24,0,-0.090216979,2.049920345,0.00000035 ,264.296,82.2713
2017,2,5,0,30,-0.037906517,0.861316338,0.00000034 ,76.4278,28.476
2017,2,5,1,0,-0.056013287,1.272740333,0.00000033 ,27.5875,43.7834
2017,2,5,1,30,0.04717828,-1.071989672,0.00000033 ,146.388,133.767
2017,2,5,2,0,0.032521982,-0.738967673,0.00000033 ,88.0299,63.5438
2017,2,5,2,30,-0.040237683,0.91428532,0.00000032 ,118.228,15.91
2017,2,5,3,0,-0.042566164,0.967193308,0.00000031 ,83.6844,16.0919
2017,2,5,3,30,-0.078015207,1.7726703,0.00000030 ,122.538,36.7778
2017,2,5,4,0,-0.039833583,0.905103288,0.00000029 ,72.4526,22.9766
2017,2,5,4,30,-0.047503514,1.079380273,0.00000027 ,51.1592,28.2813
2017,2,5,5,0,-0.022251148,0.505593267,0.00000027 ,39.4134,21.2678
2017,2,5,5,30,-0.009699232,0.220387265,0.00000027 ,41.4468,25.8967
2017,2,5,6,0,-0.023080868,0.524446267,0.00000027 ,10.6426,12.0289
2017,2,5,6,30,-0.009066104,0.20600127,0.00000027 ,7.92336,4.95776
2017,2,5,7,0,-0.055994363,1.272310287,0.00000029 ,-9.97357,2.57721
2017,2,5,7,30,-0.084863603,1.928280298,0.00000030 ,-14.2384,35.897
2017,2,5,8,0,0.002975076,-0.067599692,0.00000031 ,-36.2189,38.1177
2017,2,5,8,30,0.00941946,-0.214029683,0.00000032 ,-36.0938,-7.94462
2017,2,5,9,0,0.004445934,-0.101020638,0.00000036 ,78.0332,130.622
2017,2,5,9,30,0.020889038,-0.474642575,0.00000043 ,122.737,138.191
2017,2,5,10,0,-0.017379901,0.394908471,0.00000047 ,133.476,14.926
2017,2,5,10,30,-0.04810337,1.093010485,0.00000049 ,84.9461,-2.98196
2017,2,5,11,0,0.001522407,-0.034591814,0.00000049 ,50.0318,-0.883369
2017,2,5,11,30,0.013129723,-0.298334502,0.00000050 ,247.525,55.1926
2017,2,5,12,0,-0.17014178,3.86598051,0.00000051 ,154.449,39.909
2017,2,5,12,30,0.021599316,-0.490781481,0.00000052 ,166.066,13.8113
2017,2,5,13,0,0.007675388,-0.174400472,0.00000053 ,147.752,0.878182
2017,2,5,13,30,-0.004890479,0.111122546,0.00000055 ,104.892,8.90743
2017,2,5,14,0,-0.000436579,0.009920555,0.00000056 ,169.443,16.3148
2017,2,5,14,30,-0.003946566,0.089674852,0.00000055 ,79.8707,0.896134
2017,2,5,15,0,-0.012126823,0.275547564,0.00000056 ,134.705,13.4461
2017,2,5,15,30,-0.039266558,0.892219558,0.00000056 ,71.033,4.19624
2017,2,5,16,0,-0.043218656,0.982019544,0.00000054 ,-25.4424,-2.3391
2017,2,5,16,30,-0.001877739,0.042666741,0.00000054 ,-19.3417,2.19816
2017,2,5,17,0,-0.039532423,0.898260528,0.00000053 ,-20.0398,-2.47744
2017,2,5,17,30,-0.014988134,0.340562515,0.00000052 ,-16.071,-1.94619
2017,2,5,18,0,-0.0086084,0.195601505,0.00000051 ,118.84,-0.0456
2017,2,5,18,30,-0.000994155,0.022589792,0.00000049 ,-1.60843,9.18997
2017,2,5,19,0,-0.084876366,1.928570477,0.00000048 ,-2.61473,3.52052
2017,2,5,19,30,-0.063653864,1.446350453,0.00000045 ,44.7817,19.9818
2017,2,5,20,0,-0.040376006,0.917428426,0.00000043 ,77.8642,23.5721
2017,2,5,20,30,-0.15887698,3.610020443,0.00000044 ,10.874,-0.0201
2017,2,5,21,0,-0.05444125,1.237020446,0.00000045 ,-5.16112,-0.572564
2017,2,5,21,30,-0.05131478,1.165980452,0.00000045 ,49.2528,7.15279
2017,2,5,22,0,-0.189968725,4.31649044,0.00000044 ,113.2,16.7015
2017,2,5,22,30,-0.006637852,0.150826433,0.00000043 ,10.8955,3.59606
2017,2,5,23,0,-0.084622868,1.92281042,0.00000042 ,86.4506,11.3039
2017,2,5,23,30,-0.084341644,1.91642041,0.00000041 ,149.786,20.3794
2017,2,5,24,0,-0.154902437,3.519710404,0.00000040 ,276.359,41.5232
2017,2,6,0,30,-0.149087396,3.387580418,0.00000042 ,164.704,30.5859
2017,2,6,1,0,-0.112281393,2.551270391,0.00000039 ,89.1624,32.2009
2017,2,6,1,30,-0.099290521,2.256090392,0.00000039 ,126.171,25.4749
2017,2,6,2,0,-0.160802858,3.653780385,0.00000039 ,283.736,55.4916
2017,2,6,2,30,-0.091028524,2.068360378,0.00000038 ,200.853,42.8803
2017,2,6,3,0,-0.041754928,0.948760401,0.00000040 ,84.3625,17.947
2017,2,6,3,30,-0.038481728,0.874386397,0.00000040 ,107.138,17.2064
2017,2,6,4,0,0.043294617,-0.983744608,0.00000039 ,233.686,-141.311
2017,2,6,4,30,-0.103339001,2.348080371,0.00000037 ,-0.467598,9.27651
2017,2,6,5,0,-0.69892281,15.88100037,0.00000037 ,20.4888,98.69
2017,2,6,5,30,-0.011236281,0.25531235,0.00000035 ,22.9441,13.1393
2017,2,6,6,0,-0.048450609,1.100900284,0.00000028 ,14.0311,-0.534065
2017,2,6,6,30,-0.020738436,0.471221274,0.00000027 ,17.1658,-7.4685
2017,2,6,7,0,-0.005673109,0.128905304,0.00000030 ,6.48579,7.5044
2017,2,6,7,30,-0.113759249,2.584850265,0.00000027 ,-9.97242,43.2995
2017,2,6,8,0,-0.113759249,2.584850309,0.00000031 ,43.1104,34.5021
2017,2,6,8,30,0.001215433,-0.027616874,0.00000033 ,-5.1435,1.26129
2017,2,6,9,0,-0.001800418,0.040909663,0.00000036 ,60.8032,34.2887
2017,2,6,9,30,-0.002647003,0.060145902,0.00000040 ,85.607,4.96968
2017,2,6,10,0,-0.00305576,0.069433753,0.00000045 ,101.27,-2.16807
2017,2,6,10,30,0.003877501,-0.088104517,0.00000048 ,133.67,-38.0906
2017,2,6,11,0,-0.002116881,0.048100504,0.00000050 ,-10.3534,28.3142
2017,2,6,11,30,0.03280567,-0.745413491,0.00000051 ,56.5761,-54.3966
2017,2,6,12,0,0.015991694,-0.363364472,0.00000053 ,295.771,97.2035
2017,2,6,12,30,-0.470902599,10.69990054,0.00000054 ,247.103,62.3584
2017,2,6,13,0,-0.008215655,0.186677561,0.00000056 ,-7.32306,9.71406
2017,2,6,13,30,0.021256918,-0.483001443,0.00000056 ,-37.4048,14.2169
2017,2,6,14,0,0.021256918,-0.48300144,0.00000056 ,-35.4828,14.2169
2017,2,6,14,30,0.049847927,-1.132649442,0.00000056 ,43.132,-1.97545
2017,2,6,15,0,-0.000393566,0.008943204,0.00000055 ,4.40172,4.82685
2017,2,6,15,30,-0.001259478,0.028618553,0.00000055 ,43.7286,633.639
2017,2,6,16,0,-0.002353906,0.05348625,0.00000055 ,-45.2951,27.4005
2017,2,6,16,30,-0.000377092,0.008568861,0.00000054 ,-36.4046,3.19074
2017,2,6,17,0,0.001318166,-0.029950971,0.00000053 ,-59.5893,-0.521133
2017,2,6,17,30,-0.009826773,0.22328552,0.00000052 ,-48.1503,47.9283
2017,2,6,18,0,0.158545145,-3.602479493,0.00000051 ,-38.1506,28.26
2017,2,6,18,30,0.238998065,-5.430539505,0.00000050 ,-50.2978,19.2581
2017,2,6,19,0,-0.011585941,0.263257479,0.00000048 ,-39.7015,27.1191
2017,2,6,19,30,-1.382587353,31.41530043,0.00000043 ,-27.9117,16.1874
2017,2,6,20,0,-0.019333153,0.439290379,0.00000038 ,-18.4648,11.9486
2017,2,6,20,30,-0.038215819,0.86834438,0.00000038 ,66.0084,27.893
2017,2,6,21,0,-0.017011493,0.386537381,0.00000038 ,31.5566,40.4869
2017,2,6,21,30,-0.038040836,0.864368343,0.00000034 ,59.8849,35.98
2017,2,6,22,0,-0.022158111,0.503479329,0.00000033 ,73.8951,28.4797
2017,2,6,22,30,-0.055173577,1.253660327,0.00000033 ,136.024,55.3337
2017,2,6,23,0,-0.065585903,1.490250309,0.00000031 ,179.473,36.088
2017,2,6,23,30,-0.051248765,1.1644803,0.00000030 ,130.196,35.0319
2017,2,6,24,0,-0.088249732,2.005220293,0.00000029 ,231.969,70.4733
2017,2,7,0,30,-0.037090484,0.84277428,0.00000028 ,324.547,60.0974
2017,2,7,1,0,-0.065016853,1.477320281,0.00000028 ,117.107,44.3812
2017,2,7,1,30,-0.09013116,2.04797027,0.00000027 ,165.476,28.5158
2017,2,7,2,0,-0.000226211,0.005140249,0.00000025 ,212.945,57.9434
2017,2,7,2,30,0.014924759,-0.339121768,0.00000023 ,108.984,47.3949
2017,2,7,3,0,-0.049117801,1.116060231,0.00000023 ,178.189,54.6143
2017,2,7,3,30,-0.051662899,1.173890214,0.00000021 ,260.081,44.8705
2017,2,7,4,0,-0.087238382,1.982240221,0.00000022 ,276.199,59.2692
2017,2,7,4,30,-0.001667979,0.037900228,0.00000023 ,220.058,80.847
2017,2,7,5,0,-0.037494936,0.851964202,0.00000020 ,147.398,61.9008
2017,2,7,5,30,-0.011643198,0.264558184,0.00000018 ,79.6647,24.1074
2017,2,7,6,0,0.020818226,-0.473033826,0.00000017 ,104.961,12.0229
2017,2,7,6,30,-0.021234341,0.482489159,0.00000016 ,58.098,27.2654
2017,2,7,7,0,-0.019061435,0.43311616,0.00000016 ,92.1426,7.09667
2017,2,7,7,30,0.012743007,-0.289547854,0.00000015 ,-22.5566,9.85663
2017,2,7,8,0,-0.015760333,0.358108144,0.00000014 ,61.303,16.8109
2017,2,7,8,30,0.017668871,-0.401473808,0.00000019 ,-30.9779,2.35158
2017,2,7,9,0,0.000928611,-0.021099783,0.00000022 ,70.1375,-9.59797
2017,2,7,9,30,0.017372375,-0.394736776,0.00000022 ,98.8564,-33.0925
2017,2,7,10,0,0.00727054,-0.165201759,0.00000024 ,128.907,-8.0089
2017,2,7,10,30,0.003789261,-0.086099712,0.00000029 ,154.332,-1.55858
2017,2,7,11,0,-0.013264702,0.301402325,0.00000033 ,179.856,-5.09655
2017,2,7,11,30,-0.011335304,0.257562366,0.00000037 ,119.456,26.7057
2017,2,7,12,0,0.004170445,-0.094760907,0.00000039 ,125.893,36.0141
2017,2,7,12,30,-0.037366999,0.849057496,0.00000050 ,245.532,32.0325
2017,2,7,13,0,0.015121,-0.343580469,0.00000053 ,180.066,26.3667
2017,2,7,13,30,-0.116589532,2.649160542,0.00000054 ,166.177,14.2828
2017,2,7,14,0,-0.067709825,1.538510543,0.00000054 ,183.036,73.9527
2017,2,7,14,30,-0.000822463,0.018688629,0.00000053 ,83.786,11.8073
2017,2,7,15,0,-0.010061478,0.228618523,0.00000052 ,-12.5704,88.7141
2017,2,7,15,30,-0.007785237,0.176897517,0.00000052 ,8.24905,54.8079
2017,2,7,16,0,-0.019459462,0.442160516,0.00000052 ,-2.01396,-1.35184
2017,2,7,16,30,-0.00166588,0.0378528,0.00000050 ,-25.498,5.58443
2017,2,7,17,0,-0.013127479,0.298284485,0.00000049 ,-11.0294,30.3441
2017,2,7,17,30,-0.015842104,0.359966474,0.00000047 ,-9.56576,13.6553
2017,2,7,18,0,0.009784171,-0.222316534,0.00000047 ,41.2304,14.4141
2017,2,7,18,30,-0.029498803,0.670275457,0.00000046 ,206.678,50.8128
2017,2,7,19,0,-0.276210281,6.27608044,0.00000044 ,129.128,-11.9314
2017,2,7,19,30,-0.070024311,1.59110043,0.00000043 ,-9.50503,-1.0341
2017,2,7,20,0,-0.025938438,0.589376429,0.00000043 ,-6.76301,-0.429702
2017,2,7,20,30,0.003864078,-0.087799578,0.00000042 ,-72.5623,2.41303
2017,2,7,21,0,-0.1066798,2.423990414,0.00000041 ,145.729,35.1405
2017,2,7,21,30,-0.183959159,4.179940408,0.00000041 ,-24.7293,13.1135
2017,2,7,22,0,-0.125726448,2.856770401,0.00000040 ,134.714,61.2315
2017,2,7,22,30,-0.046054265,1.046450387,0.00000039 ,311.12,52.0428
2017,2,7,23,0,-0.060341231,1.371080353,0.00000035 ,194.757,45.8288
2017,2,7,23,30,-0.08674371,1.971000305,0.00000031 ,278.739,52.4266
2017,2,7,24,0,-0.067502098,1.533790288,0.00000029 ,341.026,74.7165
2017,2,8,0,30,0.013507329,-0.306914718,0.00000028 ,294.35,76.7938
2017,2,8,1,0,-0.072656109,1.65090028,0.00000028 ,211.324,36.8254
2017,2,8,1,30,-0.128650032,2.923200273,0.00000027 ,322.623,53.6612
2017,2,8,2,0,-0.05039321,1.14504028,0.00000028 ,298.025,40.224
2017,2,8,2,30,-0.024142698,0.548573268,0.00000027 ,301.64,92.9181
2017,2,8,3,0,-0.056500038,1.283800253,0.00000025 ,273.468,53.772
2017,2,8,3,30,-0.108276043,2.460260273,0.00000027 ,273.776,71.5982
2017,2,8,4,0,0.013922431,-0.31634675,0.00000025 ,216.159,60.3559
2017,2,8,4,30,-0.084276509,1.914940226,0.00000023 ,89.2326,39.2839
2017,2,8,5,0,-0.001421523,0.032300213,0.00000021 ,76.2193,39.0657
2017,2,8,5,30,-0.018805253,0.427295206,0.00000021 ,110.919,31.4411
2017,2,8,6,0,-0.007216628,0.163977269,0.00000027 ,88.4527,31.9783
2017,2,8,6,30,-0.013613173,0.309320287,0.00000029 ,35.2101,11.6182
2017,2,8,7,0,0.013763511,-0.312735715,0.00000029 ,-32.913,7.57247
2017,2,8,7,30,-0.004925995,0.111929259,0.00000026 ,-16.9673,37.0252
2017,2,8,8,0,-0.004674258,0.106209282,0.00000028 ,-8.77192,0.105249
2017,2,8,8,30,0.002221255,-0.050471296,0.00000030 ,-16.6024,-0.00528119
2017,2,8,9,0,-0.000686556,0.015600321,0.00000032 ,39.365,-1.85857
2017,2,8,9,30,-0.00301057,0.068406832,0.00000033 ,15.0651,45.2515
2017,2,8,10,0,0.01796541,-0.40821165,0.00000035 ,58.1232,-18.6991
2017,2,8,10,30,-0.007265963,0.165098363,0.00000036 ,29.0119,-18.396
2017,2,8,11,0,-0.034703029,0.78852638,0.00000038 ,122.346,91.6981
2017,2,8,11,30,-0.024559913,0.558053379,0.00000038 ,146.211,18.6868
2017,2,8,12,0,-0.03206441,0.728571402,0.00000040 ,212.519,62.3437
2017,2,8,12,30,-0.020845865,0.473662416,0.00000042 ,-2.91648,-3.96539
2017,2,8,13,0,-0.001188169,0.026998125,0.00000043 ,-4.21511,-61.8297
2017,2,8,13,30,-0.015113738,0.343416431,0.00000043 ,196.049,116.225
2017,2,8,14,0,0.002523797,-0.057345561,0.00000044 ,124.079,116.225
2017,2,8,14,30,-0.018109763,0.411492442,0.00000044 ,63.3061,168.337
2017,2,8,15,0,0.011459896,-0.260392549,0.00000045 ,84.4708,13.9562
2017,2,8,15,30,0.001634536,-0.037139653,0.00000045 ,60.1756,63.0572
2017,2,8,16,0,0.001238318,-0.028136751,0.00000045 ,25.5719,43.1023
2017,2,8,16,30,-0.027095769,0.615673431,0.00000043 ,2.52755,-2.5076
2017,2,8,17,0,-0.0642546,1.460000423,0.00000042 ,47.6599,11.7721
2017,2,8,17,30,-0.001579915,0.035899414,0.00000041 ,0.717003,3.66186
2017,2,8,18,0,-0.06649911,1.511000408,0.00000041 ,-7.7428,-0.687703
2017,2,8,18,30,-0.085671626,1.946640403,0.00000040 ,157.236,36.0261
2017,2,8,19,0,-0.085671626,1.946640398,0.00000040 ,157.236,36.0261
2017,2,8,19,30,-0.085671626,1.946640396,0.00000040 ,157.236,36.0261
2017,2,8,20,0,-0.107945968,2.452760394,0.00000039 ,88.8115,22.4377
2017,2,8,20,30,-0.088026602,2.000150391,0.00000039 ,136.155,33.5316
2017,2,8,21,0,-0.15407901,3.501000392,0.00000039 ,30.1856,29.6088
2017,2,8,21,30,-0.429507233,9.759310391,0.00000039 ,55.6119,20.6744
2017,2,8,22,0,-0.186144256,4.229590387,0.00000039 ,157.236,28.7911
2017,2,8,22,30,-0.076877988,1.746830383,0.00000038 ,101.417,28.6877
2017,2,8,23,0,-0.021385779,0.485930378,0.00000038 ,64.7619,40.4393
2017,2,8,23,30,-0.140164368,3.184830374,0.00000037 ,357.11,52.466
2017,2,8,24,0,-0.103000124,2.340380371,0.00000037 ,190.16,36.0553
2017,2,9,0,30,-0.095497299,2.169900365,0.00000037 ,220.32,37.2635
2017,2,9,1,0,0.004044519,-0.091899642,0.00000036 ,120.143,30.2676
2017,2,9,1,30,0.035534246,-0.807412646,0.00000035 ,205.52,44.2638
2017,2,9,2,0,-0.021365095,0.485460353,0.00000035 ,311.119,53.4264
2017,2,9,2,30,-0.029922663,0.679906353,0.00000035 ,231.442,44.3684
2017,2,9,3,0,0.001245483,-0.028299651,0.00000035 ,184.838,39.0051
2017,2,9,3,30,-0.036530148,0.830042344,0.00000034 ,287.33,53.0009
2017,2,9,4,0,0.036922674,-0.83896066,0.00000034 ,135.603,34.7221
2017,2,9,4,30,0.004696131,-0.106705664,0.00000034 ,260.149,42.0982
2017,2,9,5,0,-0.013256824,0.301223333,0.00000033 ,150.71,29.4199
2017,2,9,5,30,0.007304472,-0.165972667,0.00000033 ,76.616,12.6758
2017,2,9,6,0,-0.010119175,0.22992933,0.00000033 ,39.5869,7.37747
2017,2,9,6,30,0.004119336,-0.093599672,0.00000033 ,9.38842,4.5978
2017,2,9,7,0,0.01107987,-0.251757673,0.00000033 ,-10.9478,3.59078
2017,2,9,7,30,-0.003674835,0.083500322,0.00000032 ,-5.22955,25.8673
2017,2,9,8,0,-0.000205527,0.004670322,0.00000032 ,-9.8827,2.05071
2017,2,9,8,30,0.003771657,-0.085699673,0.00000033 ,-8.22923,1.58487
2017,2,9,9,0,0.009588415,-0.217868662,0.00000034 ,-26.6794,0.0595
2017,2,9,9,30,0.000725307,-0.01648015,0.00000035 ,38.5175,63.8195
2017,2,9,10,0,0.005575627,-0.126689638,0.00000036 ,13.7544,11.9088
2017,2,9,10,30,0.013510234,-0.306980613,0.00000039 ,83.2972,-14.952
2017,2,9,11,0,-0.004229361,0.096100389,0.00000039 ,-16.0367,-14.3667
2017,2,9,11,30,0.010648264,-0.241950618,0.00000038 ,92.4227,3.59168
2017,2,9,12,0,0.239123054,-5.433379596,0.00000040 ,97.363,390.046
2017,2,9,12,30,0.358237879,-8.139919598,0.00000040 ,134.773,390.046
2017,2,9,13,0,0.238436058,-5.417769587,0.00000041 ,167.136,115.213
2017,2,9,13,30,0.031558207,-0.717068578,0.00000042 ,151.345,-45.153
2017,2,9,14,0,0.045228637,-1.02768957,0.00000043 ,-17.3415,-21.2835
2017,2,9,14,30,0.009978123,-0.226723566,0.00000043 ,80.2437,-48.3858
2017,2,9,15,0,-0.016764201,0.380918433,0.00000043 ,11.3389,0.784105
2017,2,9,15,30,0.089105287,-2.024659565,0.00000044 ,39.858,63.8195
2017,2,9,16,0,-0.000292951,0.006656891,0.00000042 ,-0.731852,13.7627
2017,2,9,16,30,0.00087425,-0.019864398,0.00000040 ,-8.36713,12.8823
2017,2,9,17,0,-0.152416752,3.463230392,0.00000039 ,122.254,11.3863
2017,2,9,17,30,-0.081311996,1.847580386,0.00000039 ,65.2367,7.5044
2017,2,9,18,0,-0.168362896,3.82556038,0.00000038 ,80.5761,23.4659
2017,2,9,18,30,-0.075259301,1.710050375,0.00000038 ,168.255,32.5314
2017,2,9,19,0,-0.051322702,1.166160365,0.00000037 ,174.629,32.6694
2017,2,9,19,30,-0.050724166,1.152560356,0.00000036 ,196.561,36.524
2017,2,9,20,0,-0.047961218,1.089780353,0.00000035 ,209.854,37.4244
2017,2,9,20,30,-0.052627598,1.195810351,0.00000035 ,215.677,37.8701
2017,2,9,21,0,-0.051565197,1.171670348,0.00000035 ,184.54,32.6898
2017,2,9,21,30,-0.369490796,8.395610346,0.00000035 ,93.742,27.1206
2017,2,9,22,0,-0.222112309,5.046860341,0.00000034 ,200.013,17.2318
2017,2,9,22,30,-0.311174465,7.070540338,0.00000034 ,93.1986,16.3924
2017,2,9,23,0,-0.200569854,4.557370335,0.00000034 ,186.971,18.8578
2017,2,9,23,30,-0.060399324,1.372400334,0.00000033 ,280.046,58.2152
2017,2,9,24,0,-0.01970046,0.44763634,0.00000034 ,268.52,65.5442
2017,2,10,0,30,-0.04309644,0.979242343,0.00000034 ,226.529,42.2822
2017,2,10,1,0,-0.054898954,1.247420351,0.00000035 ,215.656,38.6506
2017,2,10,1,30,-0.065410743,1.486270349,0.00000035 ,507.538,93.5549
2017,2,10,2,0,-0.036679694,0.833440333,0.00000033 ,297.879,49.5435
2017,2,10,2,30,-0.02910949,0.661429329,0.00000033 ,303.155,48.9183
2017,2,10,3,0,-0.057140383,1.298350317,0.00000032 ,325.723,41.9744
2017,2,10,3,30,-0.004326183,0.098300315,0.00000032 ,327.775,63.968
2017,2,10,4,0,-0.026367887,0.599134308,0.00000031 ,261.051,41.2692
2017,2,10,4,30,-0.006737843,0.153098279,0.00000028 ,281.572,33.7493
2017,2,10,5,0,0.024657923,-0.560279739,0.00000026 ,194.542,45.792
2017,2,10,5,30,0.019082692,-0.433598746,0.00000025 ,29.8215,11.6548
2017,2,10,6,0,-0.018998897,0.431695268,0.00000027 ,40.1123,38.8111
2017,2,10,6,30,0.016420087,-0.373098729,0.00000027 ,33.149,38.7128
2017,2,10,7,0,0.074721938,-1.697839726,0.00000027 ,-50.5509,9.72212
2017,2,10,7,30,0.038737074,-0.880187717,0.00000028 ,-40.3095,0.991185
2017,2,10,8,0,0.054180271,-1.231089717,0.00000028 ,-82.699,3.11023
2017,2,10,8,30,0.046799794,-1.063389692,0.00000031 ,-68.3787,-2.45896
2017,2,10,9,0,0.015538083,-0.353057669,0.00000033 ,84.7715,42.0728
2017,2,10,9,30,0.024445266,-0.555447633,0.00000037 ,116.505,30.7313
2017,2,10,10,0,0.013510234,-0.306980611,0.00000039 ,142.092,-43.2802
2017,2,10,10,30,0.358237879,-8.139919593,0.00000041 ,134.773,390.046
2017,2,10,11,0,0.02016459,-0.458181566,0.00000043 ,171.756,-53.4205
2017,2,10,11,30,0.07891169,-1.793039543,0.00000046 ,183.082,-93.3773
2017,2,10,12,0,0.089239077,-2.02769953,0.00000047 ,188.249,-110.215
2017,2,10,12,30,0.060535755,-1.375499513,0.00000049 ,207.938,-44.4701
2017,2,10,13,0,0.044067653,-1.001309497,0.00000050 ,213.09,-46.0709
2017,2,10,13,30,0.028187041,-0.640468487,0.00000051 ,203.955,-16.584
2017,2,10,14,0,-0.008558053,0.194457519,0.00000052 ,191.48,14.6225
2017,2,10,14,30,0.051071845,-1.160459482,0.00000052 ,-63.4262,-14.8176
2017,2,10,15,0,0.048624008,-1.104839481,0.00000052 ,143.797,-43.4466
2017,2,10,15,30,0.014330316,-0.325614486,0.00000051 ,-33.8343,39.806
2017,2,10,16,0,0.015117611,-0.343503486,0.00000051 ,-31.7211,42.1409
2017,2,10,16,30,0.02460828,-0.559151503,0.00000050 ,-58.2608,2.27265
2017,2,10,17,0,0.009907795,-0.225125523,0.00000048 ,-34.1829,3.63133
2017,2,10,17,30,0.024023211,-0.545857538,0.00000046 ,-43.4914,22.65
2017,2,10,18,0,0.020349344,-0.462379555,0.00000045 ,-39.1703,-0.137975
2017,2,10,18,30,0.014767291,-0.335543566,0.00000043 ,-35.3995,-4.1173
2017,2,10,19,0,0.008304907,-0.188704575,0.00000043 ,-26.5004,-4.79113
2017,2,10,19,30,0.074916463,-1.702259581,0.00000042 ,-49.5251,-5.88248
2017,2,10,20,0,0.104433089,-2.372939579,0.00000042 ,-42.2918,-14.3645
2017,2,10,20,30,-0.014647276,0.332817413,0.00000041 ,130.276,27.6234
2017,2,10,21,0,0.009373162,-0.212977603,0.00000040 ,141.189,21.2376
2017,2,10,21,30,-0.016357901,0.371686398,0.00000040 ,158.071,28.3957
2017,2,10,22,0,-0.028696853,0.65205337,0.00000037 ,145.843,58.3798
2017,2,10,22,30,0.005295591,-0.120326632,0.00000037 ,270.841,142.464
2017,2,10,23,0,-0.026320092,0.598048365,0.00000037 ,298.99,42.9824
2017,2,10,23,30,-0.023749644,0.539642356,0.00000036 ,327.841,41.065
2017,2,10,24,0,-0.01377535,0.313005368,0.00000037 ,333.326,78.1483
2017,2,11,0,30,0.013735389,-0.312096641,0.00000036 ,279.181,65.0299
2017,2,11,1,0,-0.012773726,0.29024633,0.00000033 ,402.551,77.2655
2017,2,11,1,30,-0.056736812,1.289180323,0.00000032 ,334.618,75.0269
2017,2,11,2,0,-0.075947177,1.725680311,0.00000031 ,397.388,66.1389
2017,2,11,2,30,0.015039053,-0.341718704,0.00000030 ,330.021,68.8368
2017,2,11,3,0,-0.021165025,0.480914291,0.00000029 ,211.711,45.7456
2017,2,11,3,30,-0.026112497,0.593331292,0.00000029 ,352.262,45.4275
2017,2,11,4,0,-0.016370356,0.371969289,0.00000029 ,249.512,46.1091
2017,2,11,4,30,0.010823555,-0.245933707,0.00000029 ,347.527,64.0429
2017,2,11,5,0,-0.021548572,0.489629302,0.00000030 ,212.958,33.9137
2017,2,11,5,30,0.009906607,-0.225098701,0.00000030 ,135.724,21.5831
2017,2,11,6,0,0.055667809,-1.264889697,0.00000030 ,98.1804,17.7064
2017,2,11,6,30,-0.038816996,0.882004279,0.00000028 ,31.9124,14.0466
2017,2,11,7,0,0.04748767,-1.079019738,0.00000026 ,203.702,9.54936
2017,2,11,7,30,-0.03540829,0.804551249,0.00000025 ,-8.01139,0.189976
2017,2,11,8,0,0.001317879,-0.02994477,0.00000023 ,-3.94703,0.0671
2017,2,11,8,30,0.009987409,-0.226934722,0.00000028 ,43.528,-1.77596
2017,2,11,9,0,-0.104492503,2.37429029,0.00000029 ,92.7969,91.6922
2017,2,11,9,30,0.031249829,-0.710061678,0.00000032 ,123.837,-5.16737
2017,2,11,10,0,0.026672789,-0.606061624,0.00000038 ,137.237,-43.0277
2017,2,11,10,30,0.0323198,-0.734373576,0.00000042 ,114.828,-73.3989
2017,2,11,11,0,0.034929901,-0.793680524,0.00000048 ,208.215,44.2115
2017,2,11,11,30,-0.007873213,0.178896508,0.00000051 ,224.378,10.9419
2017,2,11,12,0,-0.011360257,0.258129553,0.00000055 ,232.173,47.7328
2017,2,11,12,30,-0.001738395,0.039500564,0.00000056 ,241.746,34.2882
2017,2,11,13,0,-0.008761599,0.199082582,0.00000058 ,-26.7645,-7.92348
2017,2,11,13,30,-0.023293877,0.529286593,0.00000059 ,-78.1452,-8.85956
2017,2,11,14,0,-0.069186801,1.572070597,0.00000060 ,198.665,0.0298316
2017,2,11,14,30,-0.072569409,1.648930585,0.00000059 ,180.381,-1.8033
2017,2,11,15,0,-0.017886984,0.406430587,0.00000059 ,162.096,55.029
2017,2,11,15,30,-0.01655533,0.376172591,0.00000059 ,116.072,20.9031
2017,2,11,16,0,-0.006569373,0.149270591,0.00000059 ,51.4602,9.11987
2017,2,11,16,30,0.007644845,-0.17370642,0.00000058 ,-11.0111,11.8519
2017,2,11,17,0,-0.040063579,0.910329566,0.00000057 ,117.996,-1.13821
2017,2,11,17,30,-0.032740887,0.743942551,0.00000055 ,121.347,35.4392
2017,2,11,18,0,-0.044307068,1.006750532,0.00000053 ,-4.73155,-0.534184
2017,2,11,18,30,0.049990519,-1.135889496,0.00000050 ,-89.5835,3.2726
2017,2,11,19,0,-0.028287604,0.642754484,0.00000048 ,121.399,-0.445802
2017,2,11,19,30,-0.113930447,2.588740473,0.00000047 ,37.7544,-2.38543
2017,2,11,20,0,-0.064262522,1.460180426,0.00000043 ,-15.538,-0.371087
2017,2,11,20,30,-0.008473817,0.19254337,0.00000037 ,70.2491,18.1177
2017,2,11,21,0,-0.134946983,3.066280335,0.00000034 ,71.0763,20.7982
2017,2,11,21,30,0.183460086,-4.168599677,0.00000032 ,179.023,28.8357
2017,2,11,22,0,-0.011589505,0.263338311,0.00000031 ,126.113,24.0767
2017,2,11,22,30,-0.022851356,0.519231296,0.00000030 ,163.497,45.4101
2017,2,11,23,0,-0.092671417,2.105690292,0.00000029 ,236.487,46.2292
2017,2,11,23,30,0.016826255,-0.382327724,0.00000028 ,131.764,30.1016
2017,2,11,24,0,-0.075084141,1.706070269,0.00000027 ,223.869,36.6739
2017,2,12,0,30,0.007475715,-0.169863743,0.00000026 ,125.178,37.5701
2017,2,12,1,0,-0.132720517,3.015690248,0.00000025 ,343.141,63.9303
2017,2,12,1,30,-0.092266085,2.096480239,0.00000024 ,235.313,48.452
2017,2,12,2,0,-0.048859902,1.110200228,0.00000023 ,284.418,58.7577
2017,2,12,2,30,0.013994872,-0.317992786,0.00000021 ,231.579,55.3374
2017,2,12,3,0,-0.052877135,1.201480209,0.00000021 ,264.847,44.9792
2017,2,12,3,30,-0.085223165,1.936450211,0.00000021 ,303.665,35.1714
2017,2,12,4,0,0.015705849,-0.356869794,0.00000021 ,314.49,77.3384
2017,2,12,4,30,0.015708401,-0.356927802,0.00000020 ,181.095,27.3967
2017,2,12,5,0,0.018781576,-0.426756811,0.00000019 ,177.016,27.5956
2017,2,12,5,30,0.060897077,-1.383709815,0.00000019 ,62.1966,19.4212
2017,2,12,6,0,0.06706948,-1.523959821,0.00000018 ,77.384,15.1528
2017,2,12,6,30,0.002631798,-0.059799828,0.00000017 ,98.4989,1.9599
2017,2,12,7,0,0.02442423,-0.55496983,0.00000017 ,-18.1233,23.5941
2017,2,12,7,30,0.023657355,-0.537544829,0.00000017 ,-11.5408,-3.07596
2017,2,12,8,0,0.040852899,-0.928263822,0.00000018 ,-53.1645,18.683
2017,2,12,8,30,0.012472962,-0.283411777,0.00000022 ,17.9327,35.4873
2017,2,12,9,0,-0.003789261,0.086100263,0.00000026 ,92.0027,3.63577
2017,2,12,9,30,-0.010903874,0.247759277,0.00000028 ,127.389,2.2915
2017,2,12,10,0,0.009967209,-0.226475692,0.00000031 ,153.77,6.30786
2017,2,12,10,30,-0.012639848,0.28720435,0.00000035 ,44.969,11.8288
2017,2,12,11,0,-0.002979578,0.067702688,0.00000039 ,58.2651,-2.09228
2017,2,12,11,30,0.000893403,-0.020299577,0.00000042 ,-14.8658,-13.8233
2017,2,12,12,0,-0.010771095,0.244742456,0.00000046 ,-2.05941,-101.796
2017,2,12,12,30,-0.022828471,0.518711487,0.00000049 ,-18.4597,32.315
2017,2,12,13,0,-0.008567427,0.194670512,0.00000051 ,246.234,-0.519517
2017,2,12,13,30,0.00963863,-0.219009466,0.00000053 ,225.825,-16.137
2017,2,12,14,0,0.002263289,-0.05142614,0.00000056 ,113.67,10.0822
2017,2,12,14,30,0.001696656,-0.038551036,0.00000056 ,96.7251,4.29977
2017,2,12,15,0,0.001223478,-0.027799422,0.00000058 ,170.72,-40.0003
2017,2,12,15,30,0.014851351,-0.337453409,0.00000059 ,130.871,-4.0493
2017,2,12,16,0,0.052247792,-1.187179405,0.00000060 ,39.3444,-162.365
2017,2,12,16,30,0.003023487,-0.068699424,0.00000058 ,-17.3068,1.39868
2017,2,12,17,0,0.018870432,-0.428775457,0.00000054 ,-28.8566,4.11844
2017,2,12,17,30,-0.031066439,0.705895519,0.00000052 ,132.607,36.5779
2017,2,12,18,0,0.186483573,-4.237299499,0.00000050 ,133.537,19.7062
2017,2,12,18,30,-0.000567729,0.012900474,0.00000047 ,-30.4522,-2.22823
2017,2,12,19,0,-0.045678419,1.03791044,0.00000044 ,53.6767,22.65
2017,2,12,19,30,0.02675073,-0.607832602,0.00000040 ,0.21913,6.8255
2017,2,12,20,0,-0.154910799,3.519900378,0.00000038 ,235.003,65.4102
2017,2,12,20,30,0.147966021,-3.362099646,0.00000035 ,13.3873,6.94968
2017,2,12,21,0,0.300797348,-6.834749659,0.00000034 ,192.018,36.2367
2017,2,12,21,30,-0.005065199,0.115092331,0.00000033 ,105.315,14.5393
2017,2,12,22,0,-0.130337375,2.961540317,0.00000032 ,163.182,27.8238
2017,2,12,22,30,-0.011867208,0.269648288,0.00000029 ,267.691,32.8532
2017,2,12,23,0,-0.055176657,1.253730278,0.00000028 ,132.39,41.4541
2017,2,12,23,30,-0.039303571,0.89306027,0.00000027 ,218.268,38.1028
2017,2,12,24,0,0.007911502,-0.179765738,0.00000026 ,172.977,17.046
2017,2,13,0,30,-0.004629368,0.105189244,0.00000024 ,243.374,31.435
2017,2,13,1,0,-0.00228852,0.052000224,0.00000022 ,124.006,13.9431
2017,2,13,1,30,0.026410973,-0.600112788,0.00000021 ,362.844,63.1942
2017,2,13,2,0,-0.077979999,1.771870204,0.00000020 ,364.816,57.6002
2017,2,13,2,30,-0.057679506,1.310600202,0.00000020 ,264.048,44.9736
2017,2,13,3,0,0.008841961,-0.200907805,0.00000020 ,221.634,28.2261
2017,2,13,3,30,-0.015567525,0.353727189,0.00000019 ,220.285,34.9517
2017,2,13,4,0,0.064352742,-1.462229819,0.00000018 ,259.703,28.1872
2017,2,13,4,30,-0.013147635,0.298742177,0.00000018 ,154.119,25.1244
2017,2,13,5,0,-0.024961108,0.567169173,0.00000017 ,219.408,24.5879
2017,2,13,5,30,-0.053537285,1.216480164,0.00000016 ,185.593,17.66
2017,2,13,6,0,-0.03967211,0.901434167,0.00000017 ,78.8516,23.088
2017,2,13,6,30,-0.019814974,0.450238157,0.00000016 ,91.2754,21.8777
2017,2,13,7,0,-0.021787679,0.495062145,0.00000015 ,83.3604,21.178
2017,2,13,7,30,-0.027445384,0.623617147,0.00000015 ,31.5112,23.3364
2017,2,13,8,0,-0.002294813,0.05214316,0.00000016 ,-5.04166,11.7342
2017,2,13,8,30,-0.00316872,0.072000214,0.00000021 ,8.30211,6.24412
2017,2,13,9,0,-0.007820841,0.177706245,0.00000025 ,85.0265,24.8623
2017,2,13,9,30,0.015021889,-0.341328742,0.00000026 ,38.5236,1.82141
2017,2,13,10,0,0.015751179,-0.35789972,0.00000028 ,148.711,0.864018
2017,2,13,10,30,-0.002067854,0.046986332,0.00000033 ,148.112,123.135
2017,2,13,11,0,0.009423377,-0.214118636,0.00000036 ,-32.4077,-7.40655
2017,2,13,11,30,0.0074648,-0.169615602,0.00000040 ,-8.27566,-3.02883
2017,2,13,12,0,0.014804392,-0.336386568,0.00000043 ,103.675,-6.18159
2017,2,13,12,30,0.005495309,-0.124864537,0.00000046 ,11.471,-11.1407
2017,2,13,13,0,0.007655672,-0.173952504,0.00000050 ,235.014,-37.1515
2017,2,13,13,30,0.036127369,-0.820889482,0.00000052 ,208.522,-2.24208
2017,2,13,14,0,-0.009261596,0.21044353,0.00000053 ,-2.82578,5.21118
2017,2,13,14,30,0.003267765,-0.074249957,0.00000054 ,191.814,241.132
2017,2,13,15,0,-0.005037781,0.114469555,0.00000056 ,176.832,-0.415585
2017,2,13,15,30,-0.000401371,0.009120557,0.00000056 ,129.765,116.668
2017,2,13,16,0,0.007247435,-0.164676441,0.00000056 ,65.0312,410.742
2017,2,13,16,30,0.002394144,-0.054399456,0.00000054 ,-2.1939,4.88892
2017,2,13,17,0,-0.004476257,0.101710513,0.00000051 ,4.93688,8.27844
2017,2,13,17,30,-0.005441792,0.123649489,0.00000049 ,8.59324,11.169
2017,2,13,18,0,0.00225362,-0.051206535,0.00000047 ,4.07184,8.28768
2017,2,13,18,30,0.003371166,-0.07659956,0.00000044 ,6.41149,12.9731
2017,2,13,19,0,-0.001078245,0.024500405,0.00000041 ,11.285,5.34863
2017,2,13,19,30,-0.005274951,0.119858373,0.00000037 ,3.19632,7.81757
2017,2,13,20,0,-0.011770563,0.26745236,0.00000036 ,5.5012,9.59023
2017,2,13,20,30,-0.026548592,0.603240331,0.00000033 ,135.581,4.42574
2017,2,13,21,0,-0.03738403,0.849444307,0.00000031 ,16.6425,15.8915
2017,2,13,21,30,-0.041349904,0.939557279,0.00000028 ,13.176,16.1679
2017,2,13,22,0,-0.038124983,0.866280273,0.00000027 ,67.7212,32.228
2017,2,13,22,30,-0.051966568,1.180790254,0.00000025 ,41.8217,17.8996
2017,2,13,23,0,-0.023135265,0.525682238,0.00000024 ,43.0581,9.98625
2017,2,13,23,30,-0.031273374,0.710597248,0.00000025 ,30.006,19.0536
2017,2,13,24,0,-0.060890916,1.383570226,0.00000023 ,93.3677,19.7776
2017,2,14,0,30,-0.060105337,1.365720209,0.00000021 ,65.8914,15.0198
2017,2,14,1,0,-0.076624051,1.741060194,0.00000019 ,120.513,26.127
2017,2,14,1,30,-0.029526529,0.670905193,0.00000019 ,33.032,9.08696
2017,2,14,2,0,-0.054554796,1.239600183,0.00000018 ,64.7514,13.9714
2017,2,14,2,30,-0.026222962,0.595841176,0.00000018 ,43.8731,13.4839
2017,2,14,3,0,-0.075684437,1.719710166,0.00000017 ,31.5519,25.8313
2017,2,14,3,30,-0.045173624,1.026440171,0.00000017 ,52.8756,13.339
2017,2,14,4,0,-0.050978543,1.158340166,0.00000017 ,45.8901,8.59855
2017,2,14,4,30,-0.055397588,1.258750155,0.00000016 ,22.8984,6.36099
2017,2,14,5,0,-0.035861989,0.81486016,0.00000016 ,49.1596,15.0476
2017,2,14,5,30,-0.047608698,1.08177016,0.00000016 ,12.8636,7.80248
2017,2,14,6,0,-0.070535707,1.602720164,0.00000016 ,-28.8699,30.2361
2017,2,14,6,30,0.051785687,-1.17667983,0.00000017 ,3.89188,23.1543
2017,2,14,7,0,-0.016322825,0.370889172,0.00000017 ,-6.22994,17.3552
2017,2,14,7,30,-0.037756795,0.857914167,0.00000017 ,-12.7668,18.3297
2017,2,14,8,0,-0.026686784,0.606380182,0.00000018 ,-8.79246,20.1177
2017,2,14,8,30,-0.030472964,0.692410215,0.00000022 ,23.9501,9.96079
2017,2,14,9,0,-0.056210452,1.277220232,0.00000023 ,46.529,2.7812
2017,2,14,9,30,0.04306735,-0.978580717,0.00000028 ,108.979,37.4354
2017,2,14,10,0,0.002423653,-0.055070167,0.00000033 ,-9.13465,-43.3405
2017,2,14,10,30,-0.027251784,0.61921836,0.00000036 ,86.2415,5.50763
2017,2,14,11,0,0.208551507,-4.738729628,0.00000037 ,-14.9457,-5.69456
2017,2,14,11,30,0.034828634,-0.791379587,0.00000041 ,136.559,-23.5405
2017,2,14,12,0,0.009816563,-0.223052538,0.00000046 ,185.035,-179.431
2017,2,14,12,30,0.005501162,-0.124997524,0.00000048 ,179.536,-3.82681
2017,2,14,13,0,0.0411251,-0.93444849,0.00000051 ,-7.15799,-41.7847
2017,2,14,13,30,0.034095691,-0.774725463,0.00000054 ,189.068,-111.196
2017,2,14,14,0,0.010410213,-0.236541457,0.00000054 ,-2.97495,2.50022
2017,2,14,14,30,0.072412734,-1.645369452,0.00000055 ,119.406,44.2876
2017,2,14,15,0,0.059020051,-1.341059444,0.00000056 ,-0.196203,5.99327
2017,2,14,15,30,0.043048734,-0.978157436,0.00000056 ,33.4419,2.9261
2017,2,14,16,0,0.027077373,-0.615254436,0.00000056 ,33.1117,9.97
2017,2,14,16,30,-0.086559748,1.96682056,0.00000056 ,17.2698,3.76058
2017,2,14,17,0,0.020229064,-0.459646441,0.00000056 ,-2.71177,4.02588
2017,2,14,17,30,0.005475152,-0.124406445,0.00000056 ,-5.07819,2.36695
2017,2,14,18,0,0.070682261,-1.606049448,0.00000055 ,-13.5947,19.4766
2017,2,14,18,30,0.018550435,-0.421504459,0.00000054 ,-11.8376,11.9079
2017,2,14,19,0,0.02072114,-0.470827463,0.00000054 ,-18.7558,7.76081
2017,2,14,19,30,0.018192634,-0.413374468,0.00000053 ,-16.0356,8.41133
2017,2,14,20,0,-0.026543091,0.603115519,0.00000052 ,-36.6262,14.689
2017,2,14,20,30,-0.006529104,0.148355519,0.00000052 ,25.016,9.959
2017,2,14,21,0,-0.022415789,0.509334517,0.00000052 ,29.0995,22.0026
2017,2,14,21,30,-0.028515267,0.64792751,0.00000051 ,40.8449,25.2272
2017,2,14,22,0,-0.043550404,0.989557507,0.00000051 ,232.313,72.2259
2017,2,14,22,30,-0.055027904,1.250350494,0.00000049 ,331.121,43.4884
2017,2,14,23,0,-0.048305816,1.097610479,0.00000048 ,316.012,-5.5301
2017,2,14,23,30,-0.060457857,1.37373047,0.00000047 ,236.278,108.734
2017,2,14,24,0,-0.001711989,0.038900466,0.00000047 ,273.893,72.4554
2017,2,15,0,30,-0.162663161,3.696050465,0.00000047 ,432.92,130.542
2017,2,15,1,0,-0.078655112,1.787210465,0.00000047 ,328.857,87.7674
2017,2,15,1,30,-0.097796822,2.22215045,0.00000045 ,483.49,132.981
2017,2,15,2,0,-0.039879045,0.906136427,0.00000043 ,292.286,76.4833
2017,2,15,2,30,-0.024131783,0.548325405,0.00000041 ,252.334,127.408
2017,2,15,3,0,-0.064531863,1.466300383,0.00000038 ,310.007,67.4242
2017,2,15,3,30,0.012645789,-0.287338618,0.00000038 ,399.986,99.2576
2017,2,15,4,0,0.017672348,-0.401552607,0.00000039 ,206.725,93.9157
2017,2,15,4,30,-0.040399464,0.917961365,0.00000037 ,157.466,60.8355
2017,2,15,5,0,0.000239855,-0.005449662,0.00000034 ,117.461,24.7625
2017,2,15,5,30,0.007723667,-0.175497673,0.00000033 ,124.354,14.6883
2017,2,15,6,0,0.004562517,-0.103669685,0.00000032 ,117.008,47.694
2017,2,15,6,30,0.026735811,-0.607493702,0.00000030 ,75.8846,28.2344
2017,2,15,7,0,0.026741532,-0.607623705,0.00000030 ,135.283,13.9333
2017,2,15,7,30,0.035623718,-0.80944571,0.00000029 ,-30.7336,2.74645
2017,2,15,8,0,0.026421536,-0.600352715,0.00000029 ,-51.2955,-8.64729
2017,2,15,8,30,0.014487828,-0.329193682,0.00000032 ,30.5269,-15.4043
2017,2,15,9,0,0.009369817,-0.212901664,0.00000034 ,81.7028,50.9362
2017,2,15,9,30,0.024520744,-0.557162634,0.00000037 ,117.673,32.2544
2017,2,15,10,0,-0.123646535,2.809510371,0.00000037 ,98.9018,-3.50297
2017,2,15,10,30,0.003841615,-0.087289197,0.00000040 ,96.4427,26.7057
2017,2,15,11,0,0.013472253,-0.306117554,0.00000045 ,-2.45392,-6.43094
2017,2,15,11,30,-0.006570429,0.149294481,0.00000048 ,117.531,4.74496
2017,2,15,12,0,-0.029044796,0.659959512,0.00000051 ,86.3492,-98.9543
2017,2,15,12,30,-0.006565192,0.149175546,0.00000055 ,-25.0663,-3.59598
2017,2,15,13,0,0.021377637,-0.485744437,0.00000056 ,-23.4529,16.3057
2017,2,15,13,30,0.02833509,-0.643832435,0.00000057 ,103.531,33.507
2017,2,15,14,0,0.020160013,-0.458077435,0.00000057 ,-6.44698,23.1768
2017,2,15,14,30,0.010767355,-0.244656429,0.00000057 ,58.8826,12.8467
2017,2,15,15,0,0.010223347,-0.232295427,0.00000057 ,44.617,8.97234
2017,2,15,15,30,0.016517877,-0.375320419,0.00000058 ,32.5815,14.4618
2017,2,15,16,0,-0.065304679,1.483860584,0.00000058 ,-16.4276,-4.00615
2017,2,15,16,30,-0.034890468,0.792785582,0.00000058 ,-8.60658,-1.89697
2017,2,15,17,0,-0.019295216,0.438428576,0.00000058 ,7.54765,-11.1512
2017,2,15,17,30,0.06948959,-1.578949436,0.00000056 ,-9.2987,-2.04933
2017,2,15,18,0,-0.049289,1.119950548,0.00000055 ,-9.16516,57.8571
2017,2,15,18,30,-0.356578262,8.102210536,0.00000054 ,-9.26092,81.4059
2017,2,15,19,0,-0.066047567,1.500740525,0.00000053 ,169.018,-52.4913
2017,2,15,19,30,0.117922595,-2.679449484,0.00000052 ,56.6892,-42.2491
2017,2,15,20,0,0.269631666,-6.126599492,0.00000051 ,-14.7005,-68.9165
2017,2,15,20,30,0.202487369,-4.600939496,0.00000050 ,-10.6953,-77.1775
2017,2,15,21,0,-0.109487198,2.487780501,0.00000050 ,6.16098,33.4808
2017,2,15,21,30,-0.034712315,0.7887375,0.00000050 ,2.46102,11.9778
2017,2,15,22,0,-0.052661046,1.196570496,0.00000050 ,84.999,9.4209
2017,2,15,22,30,-0.077531977,1.761690492,0.00000049 ,22.0235,58.1612
2017,2,15,23,0,-0.083789319,1.903870487,0.00000049 ,82.3253,41.4311
2017,2,15,23,30,-0.083419635,1.895470479,0.00000048 ,20.1907,70.511
2017,2,15,24,0,-0.709788879,16.12790047,0.00000047 ,9.43775,85.4195
2017,2,16,0,30,-0.188887839,4.29193046,0.00000046 ,21.8428,81.4118
2017,2,16,1,0,0.013562474,-0.308167548,0.00000045 ,65.3829,45.3015
2017,2,16,1,30,0.058337896,-1.325559555,0.00000045 ,20.1765,93.1178
2017,2,16,2,0,0.103217093,-2.34530956,0.00000044 ,22.6897,189.475
2017,2,16,2,30,0.024571443,-0.558314566,0.00000043 ,13.9554,149.636
2017,2,16,3,0,-0.010760973,0.244512425,0.00000043 ,7.27682,46.7752
2017,2,16,3,30,-0.04436384,1.00804042,0.00000042 ,79.13,25.976
2017,2,16,4,0,0.048201512,-1.095239586,0.00000041 ,26.824,190.911
2017,2,16,4,30,0.034857284,-0.792030595,0.00000041 ,39.443,109.452
2017,2,16,5,0,0.026725557,-0.607260605,0.00000040 ,22.9626,139.33
2017,2,16,5,30,0.033934615,-0.771065619,0.00000038 ,66.0765,96.1039
2017,2,16,6,0,0.003313953,-0.075299632,0.00000037 ,86.0819,74.3101
2017,2,16,6,30,0.012254408,-0.278445647,0.00000035 ,58.2629,46.5884
2017,2,16,7,0,0.002309258,-0.052470861,0.00000034 ,107.793,38.2762
2017,2,16,7,30,0.099789154,-2.267419675,0.00000033 ,-106.549,100.733
2017,2,16,8,0,0.003938895,-0.089499676,0.00000032 ,-7.60443,9.71453
2017,2,16,8,30,0.071466959,-1.623879653,0.00000035 ,7.73821,-9.3198
2017,2,16,9,0,-0.014087469,0.320097364,0.00000036 ,-7.73643,25.3932
2017,2,16,9,30,0.015569814,-0.353778621,0.00000038 ,75.8514,-140.157
2017,2,16,10,0,0.011369587,-0.25834061,0.00000039 ,119.137,-51.826
2017,2,16,10,30,0.004924323,-0.111890593,0.00000041 ,119.799,-12.6109
2017,2,16,11,0,0.004683324,-0.106414589,0.00000041 ,120.272,-1.16156
2017,2,16,11,30,0.01353884,-0.307630592,0.00000041 ,121.46,7.96664
2017,2,16,12,0,0.004442325,-0.10093858,0.00000042 ,120.745,50.8064
2017,2,16,12,30,-0.004768968,0.108361424,0.00000042 ,-19.8616,-6.60845
2017,2,16,13,0,0.096966353,-2.203279559,0.00000044 ,86.3166,-43.3511
2017,2,16,13,30,0.025936017,-0.589320542,0.00000046 ,90.5456,-63.3881
2017,2,16,14,0,0.025936017,-0.589320546,0.00000045 ,90.5456,-16.5609
2017,2,16,14,30,-0.006988876,0.158802443,0.00000044 ,53.2351,1.42208
2017,2,16,15,0,-0.050996587,1.158750438,0.00000044 ,58.7887,11.2386
2017,2,16,15,30,0.007253816,-0.164821579,0.00000042 ,77.7195,-14.8237
2017,2,16,16,0,0.031172415,-0.708302581,0.00000042 ,-38.2571,4.38933
2017,2,16,16,30,0.033998033,-0.772506595,0.00000041 ,-53.3883,5.00306
2017,2,16,17,0,0.021125988,-0.480026617,0.00000038 ,-37.7174,-4.3272
2017,2,16,17,30,0.023598074,-0.536197628,0.00000037 ,-49.1136,-28.0105
2017,2,16,18,0,0.0144333,-0.327954641,0.00000036 ,-30.7594,-7.71618
2017,2,16,18,30,-0.015256859,0.346668352,0.00000035 ,-17.2414,-3.50667
2017,2,16,19,0,-0.001069443,0.024300341,0.00000034 ,-14.2065,33.5352
2017,2,16,19,30,0.004822748,-0.109582667,0.00000033 ,-7.48664,29.1764
2017,2,16,20,0,-0.022568152,0.512796323,0.00000032 ,49.8528,18.1733
2017,2,16,20,30,-0.047678674,1.083360313,0.00000031 ,77.326,31.2323
2017,2,16,21,0,0.007017923,-0.159461701,0.00000030 ,107.293,27.2233
2017,2,16,21,30,-0.047425616,1.07761029,0.00000029 ,185.937,50.2061
2017,2,16,22,0,-0.040351185,0.916864283,0.00000028 ,200.854,83.8331
2017,2,16,22,30,-0.071620554,1.627370277,0.00000028 ,302.592,125.37
2017,2,16,23,0,-0.086195786,1.958550272,0.00000027 ,226.925,90.0186
2017,2,16,23,30,-0.106960584,2.43037026,0.00000026 ,214.822,35.3424
2017,2,16,24,0,-0.112295036,2.551580261,0.00000026 ,325.526,65.8132
2017,2,17,0,30,-0.093603109,2.126860262,0.00000026 ,355.632,85.465
2017,2,17,1,0,-0.088075893,2.001270252,0.00000025 ,444.599,108.068
2017,2,17,1,30,-0.035745098,0.812204251,0.00000025 ,223.491,58.8915
2017,2,17,2,0,-0.13638831,3.099030249,0.00000025 ,482.079,112.776
2017,2,17,2,30,0.009054529,-0.205737755,0.00000025 ,512.27,143.027
2017,2,17,3,0,-0.002152089,0.048900235,0.00000024 ,211.091,53.8986
2017,2,17,3,30,-0.029308063,0.665941227,0.00000023 ,244.646,59.4065
2017,2,17,4,0,-0.029308063,0.665941222,0.00000022 ,244.646,59.4065
2017,2,17,4,30,-0.040196622,0.913352216,0.00000022 ,271.56,65.9741
2017,2,17,5,0,-0.039188528,0.89044621,0.00000021 ,270.453,67.072
2017,2,17,5,30,-0.029720525,0.675313206,0.00000021 ,204.795,57.42
2017,2,17,6,0,0.012303524,-0.279561804,0.00000020 ,111.329,33.8807
2017,2,17,6,30,0.001197072,-0.027199806,0.00000019 ,57.4724,24.2548
2017,2,17,7,0,-0.009209753,0.209265187,0.00000019 ,254.569,18.6438
2017,2,17,7,30,0.017706851,-0.402336819,0.00000018 ,-42.1653,7.89466
2017,2,17,8,0,-0.005127869,0.116516182,0.00000018 ,114.099,35.2001
2017,2,17,8,30,0.012346521,-0.280538809,0.00000019 ,-36.9456,0.24516
2017,2,17,9,0,0.006838054,-0.155374804,0.00000020 ,51.1724,-3.05784
2017,2,17,9,30,0.015270414,-0.346975796,0.00000020 ,65.4448,-4.23522
2017,2,17,10,0,-0.016169186,0.367398214,0.00000021 ,-23.983,-6.80445
2017,2,17,10,30,-0.020897356,0.474832232,0.00000023 ,-6.096,115.625
2017,2,17,11,0,0.025355085,-0.576120756,0.00000024 ,171.728,17.8637
2017,2,17,11,30,0.026404636,-0.599968731,0.00000027 ,124.178,-7.35033
2017,2,17,12,0,0.032540818,-0.739395716,0.00000028 ,105.133,2.01984
2017,2,17,12,30,-0.032722007,0.743513299,0.00000030 ,82.084,16.2291
2017,2,17,13,0,-0.027234224,0.618819301,0.00000030 ,-9.28382,11.1551
2017,2,17,13,30,-0.03385949,0.76935931,0.00000031 ,-26.1828,-0.463477
2017,2,17,14,0,-0.037771494,0.858248321,0.00000032 ,-8.3972,9.18852
2017,2,17,14,30,-0.039474417,0.896942317,0.00000032 ,164.559,24.5127
2017,2,17,15,0,-0.029842081,0.678075323,0.00000032 ,-9.49808,0.639893
2017,2,17,15,30,0.016281984,-0.369960659,0.00000034 ,69.0963,-1.43328
2017,2,17,16,0,-0.02312149,0.525369333,0.00000033 ,73.655,12.8455
2017,2,17,16,30,0.022443252,-0.509957676,0.00000032 ,-19.0158,9.50008
2017,2,17,17,0,-0.004792469,0.108895316,0.00000032 ,0.245465,2.29206
2017,2,17,17,30,-0.046489963,1.056350302,0.00000030 ,62.066,-0.249978
2017,2,17,18,0,0.032505786,-0.73859971,0.00000029 ,105.496,21.6011
2017,2,17,18,30,0.001386315,-0.031499727,0.00000027 ,-22.9832,-1.33495
2017,2,17,19,0,0.005092749,-0.115717738,0.00000026 ,69.8192,25.5683
2017,2,17,19,30,-0.054861106,1.246560258,0.00000026 ,22.1141,22.021
2017,2,17,20,0,0.050162158,-1.13978975,0.00000025 ,28.0975,21.7756
2017,2,17,20,30,0.076368353,-1.735249762,0.00000024 ,-1.85668,3.72343
2017,2,17,21,0,-0.035490588,0.806421184,0.00000018 ,52.7519,15.3043
2017,2,17,21,30,-0.019851723,0.451073139,0.00000014 ,83.2009,17.7292
2017,2,17,22,0,-0.075999989,1.726880146,0.00000015 ,201.431,29.8286
2017,2,17,22,30,-0.012193675,0.27706614,0.00000014 ,53.9419,19.932
2017,2,17,23,0,-0.116400289,2.644860131,0.00000013 ,377.838,69.1575
2017,2,17,23,30,-0.068828559,1.563930109,0.00000011 ,417.718,83.9255
2017,2,17,24,0,-0.008762919,0.199112104,0.00000010 ,429.005,98.497
2017,2,18,0,30,-0.009318589,0.211738104,0.00000010 ,332.8,72.7916
2017,2,18,1,0,-0.019939875,0.453076102,0.00000010 ,303.932,56.3115
2017,2,18,1,30,0.102115523,-2.320279901,0.00000010 ,403.148,98.1202
2017,2,18,2,0,-0.070189789,1.594860087,0.00000009 ,364.509,67.6632
2017,2,18,2,30,-0.075902287,1.724660077,0.00000008 ,334.294,57.4359
2017,2,18,3,0,0.031528456,-0.716392922,0.00000008 ,265.959,71.4865
2017,2,18,3,30,0.056654513,-1.287309929,0.00000007 ,165.182,45.0883
2017,2,18,4,0,0.061544464,-1.398419933,0.00000007 ,302.517,61.7804
2017,2,18,4,30,0.084916855,-1.929489938,0.00000006 ,132.297,43.1564
2017,2,18,5,0,0.101747159,-2.311909945,0.00000006 ,76.7025,39.2958
2017,2,18,5,30,0.100469989,-2.282889949,0.00000005 ,68.4647,38.3755
2017,2,18,6,0,0.097688117,-2.219679956,0.00000004 ,6.90034,23.6303
2017,2,18,6,30,0.093192935,-2.117539963,0.00000004 ,-23.3894,16.1547
2017,2,18,7,0,0.104746441,-2.380059964,0.00000004 ,-45.7838,16.9663
2017,2,18,7,30,0.033301443,-0.756678966,0.00000003 ,-28.6557,4.16143
2017,2,18,8,0,0.06768694,-1.537989954,0.00000005 ,-52.2475,11.2828
2017,2,18,8,30,0.028404538,-0.645410923,0.00000008 ,51.9425,-30.3188
2017,2,18,9,0,0.011110369,-0.252450903,0.00000010 ,68.5027,2.87777
2017,2,18,9,30,0.020843356,-0.473604904,0.00000010 ,128.136,-4.90379
2017,2,18,10,0,0.021058521,-0.478493868,0.00000013 ,155.727,-2.90832
2017,2,18,10,30,0.054932402,-1.248179827,0.00000017 ,181.265,-5.91015
2017,2,18,11,0,0.068275354,-1.551359783,0.00000022 ,204.023,-11.4295
2017,2,18,11,30,0.043887784,-0.997222733,0.00000027 ,216.593,-5.6448
2017,2,18,12,0,-0.009781134,0.222248303,0.00000030 ,-43.0818,3.8279
2017,2,18,12,30,0.049719857,-1.129739668,0.00000033 ,236.098,-6.13567
2017,2,18,13,0,0.081981388,-1.86278966,0.00000034 ,235.646,-4.85161
2017,2,18,13,30,0.137657119,-3.127859629,0.00000037 ,199.453,-92.1313
2017,2,18,14,0,0.091813222,-2.086189631,0.00000037 ,185.101,-62.4791
2017,2,18,14,30,0.079982454,-1.817369639,0.00000036 ,155.998,-55.6282
2017,2,18,15,0,0.110329549,-2.506919628,0.00000037 ,127.081,-148.158
2017,2,18,15,30,0.083602716,-1.899629622,0.00000038 ,126.819,-50.7354
2017,2,18,16,0,0.085345952,-1.939239629,0.00000037 ,64.3593,-22.7673
2017,2,18,16,30,0.094151913,-2.139329649,0.00000035 ,-78.8009,15.8499
2017,2,18,17,0,0.036904982,-0.838558672,0.00000033 ,-47.6443,4.83409
2017,2,18,17,30,0.109923777,-2.497699695,0.00000031 ,-73.0812,15.2648
2017,2,18,18,0,0.156839317,-3.563719717,0.00000028 ,-79.1897,30.9299
2017,2,18,18,30,0.079776487,-1.812689732,0.00000027 ,177.554,19.528
2017,2,18,19,0,0.007342672,-0.166840748,0.00000025 ,-14.1854,-12.5339
2017,2,18,19,30,0.032076248,-0.728839775,0.00000023 ,-25.4199,19.5495
2017,2,18,20,0,-0.070972727,1.612650207,0.00000021 ,277.967,11.8615
2017,2,18,20,30,0.084913334,-1.929409816,0.00000018 ,98.1667,51.3496
2017,2,18,21,0,-0.015595912,0.354372181,0.00000018 ,67.2516,14.5799
2017,2,18,21,30,-0.032913407,0.747862174,0.00000017 ,125.045,37.7817
2017,2,18,22,0,-0.050252819,1.141850162,0.00000016 ,178.918,22.316
2017,2,18,22,30,0.123753039,-2.811929842,0.00000016 ,235.056,31.1873
2017,2,18,23,0,-0.048330902,1.098180149,0.00000015 ,348.951,59.0647
2017,2,18,23,30,-0.105881018,2.405840144,0.00000014 ,364.975,58.2993
2017,2,18,24,0,-0.097417455,2.213530146,0.00000015 ,540.7,130.561
2017,2,19,0,30,-0.055389226,1.258560156,0.00000016 ,437.842,142.979
2017,2,19,1,0,-0.000638145,0.014500167,0.00000017 ,417.129,66.8785
2017,2,19,1,30,-0.160641341,3.650110162,0.00000016 ,473.607,59.6179
2017,2,19,2,0,-0.218517572,4.965180154,0.00000015 ,633.919,77.2818
2017,2,19,2,30,-0.070577517,1.603670138,0.00000014 ,330.315,61.4519
2017,2,19,3,0,-0.084328441,1.916120133,0.00000013 ,493.993,77.6809
2017,2,19,3,30,-0.073066282,1.660220131,0.00000013 ,407.611,55.2689
2017,2,19,4,0,-0.129711113,2.947310124,0.00000012 ,355.481,67.6632
2017,2,19,4,30,-0.067499017,1.53372013,0.00000013 ,351.543,67.6632
2017,2,19,5,0,-0.071028619,1.613920143,0.00000014 ,320.946,54.9095
2017,2,19,5,30,-0.082816258,1.881760143,0.00000014 ,337.99,60.09
2017,2,19,6,0,-0.040279888,0.915244128,0.00000013 ,145.15,16.4353
2017,2,19,6,30,-0.065338126,1.484620133,0.00000013 ,63.8144,62.3867
2017,2,19,7,0,-0.048330902,1.098180127,0.00000013 ,348.951,12.053
2017,2,19,7,30,0.016624733,-0.377748857,0.00000014 ,1.24471,14.0142
2017,2,19,8,0,0.04257435,-0.967378854,0.00000015 ,-43.3825,11.4778
2017,2,19,8,30,0.027742628,-0.63037084,0.00000016 ,-46.8394,11.8535
2017,2,19,9,0,0.015854999,-0.360258795,0.00000021 ,44.3272,-27.3706
2017,2,19,9,30,0.007288452,-0.165608773,0.00000023 ,75.5322,-19.7577
2017,2,19,10,0,0.014500239,-0.329475718,0.00000028 ,119.712,-17.536
2017,2,19,10,30,0.01565735,-0.355767654,0.00000035 ,105.151,-23.2329
2017,2,19,11,0,-0.004084128,0.092800359,0.00000036 ,107.118,-7.95626
2017,2,19,11,30,0.001927638,-0.043799639,0.00000036 ,124.636,-3.59421
2017,2,19,12,0,-0.008384257,0.190508375,0.00000038 ,130.191,-5.56163
2017,2,19,12,30,0.002099277,-0.047699602,0.00000040 ,116.356,-5.84318
2017,2,19,13,0,-0.003243537,0.073700407,0.00000041 ,113.628,0.869843
2017,2,19,13,30,-0.004826709,0.109673411,0.00000041 ,108.167,-1.5018
2017,2,19,14,0,-0.008596737,0.195336411,0.00000041 ,-22.5697,-1.75271
2017,2,19,14,30,0.001914435,-0.043499588,0.00000041 ,76.9906,-4.35848
2017,2,19,15,0,-0.012161107,0.276326408,0.00000041 ,78.5314,-2.0204
2017,2,19,15,30,0.011652396,-0.264766594,0.00000041 ,57.3706,1.46865
2017,2,19,16,0,0.025943807,-0.589497596,0.00000040 ,-42.2122,1.72137
2017,2,19,16,30,-0.00697202,0.158419403,0.00000040 ,-8.42176,0.379847
2017,2,19,17,0,-0.032806198,0.745426396,0.00000040 ,-8.2982,11.0513
2017,2,19,17,30,-0.003716649,0.084450485,0.00000039 ,14.9053,14.4293
2017,2,19,18,0,-0.012247719,0.278294373,0.00000037 ,67.985,23.9447
2017,2,19,18,30,0.000868366,-0.019730735,0.00000037 ,111.982,37.2023
2017,2,19,19,0,-0.007662317,0.17410436,0.00000036 ,-9.82832,0.208431
2017,2,19,19,30,-0.05747882,1.306040344,0.00000034 ,97.3981,-1.1255
2017,2,19,20,0,-0.068467237,1.555720343,0.00000034 ,-10.204,-2.00102
2017,2,19,20,30,0.006699774,-0.152232666,0.00000033 ,194.785,23.7131
2017,2,19,21,0,-0.007180672,0.163160295,0.00000030 ,134.336,28.4519
2017,2,19,21,30,0.073770002,-1.676209736,0.00000026 ,255.233,42.9375
2017,2,19,22,0,-0.111115568,2.524780236,0.00000024 ,278.598,39.7577
2017,2,19,22,30,-0.071616153,1.627270221,0.00000022 ,293.457,43.2243
2017,2,19,23,0,-0.016067347,0.365084209,0.00000021 ,283.485,63.2359
2017,2,19,23,30,-0.014718616,0.334438201,0.00000020 ,117.626,27.3228
2017,2,19,24,0,-0.083335136,1.893550228,0.00000023 ,319.657,39.3629
2017,2,20,0,30,0.078340441,-1.780059737,0.00000026 ,146.668,39.3923
2017,2,20,1,0,-0.074142327,1.684670211,0.00000021 ,382.347,19.3605
2017,2,20,1,30,-0.038295434,0.870153183,0.00000018 ,208.947,33.5373
2017,2,20,2,0,-0.116396768,2.644780177,0.00000018 ,359.344,65.1404
2017,2,20,2,30,-0.058560146,1.330610177,0.00000018 ,392.945,47.2561
2017,2,20,3,0,-0.059436825,1.350530175,0.00000018 ,307.773,43.2284
2017,2,20,3,30,-0.032518065,0.738879168,0.00000017 ,182.991,47.1496
2017,2,20,4,0,-0.060799815,1.38150016,0.00000016 ,325.415,34.6984
2017,2,20,4,30,-0.040908967,0.929538155,0.00000016 ,208.193,24.6469
2017,2,20,5,0,-0.010132686,0.230236152,0.00000015 ,191.543,27.6273
2017,2,20,5,30,-0.017113068,0.388845139,0.00000014 ,68.1026,25.4444
2017,2,20,6,0,-0.018211074,0.413794132,0.00000013 ,93.8319,13.0964
2017,2,20,6,30,0.000204646,-0.004649875,0.00000013 ,42.2743,11.2421
2017,2,20,7,0,-0.021138311,0.480307112,0.00000011 ,47.9765,-22.5463
2017,2,20,7,30,-0.003886083,0.088300113,0.00000011 ,3.89493,6.19913
2017,2,20,8,0,-0.003089502,0.070200136,0.00000014 ,-6.29278,3.52056
2017,2,20,8,30,-0.001043037,0.023700175,0.00000018 ,71.6889,46.0888
2017,2,20,9,0,0.026250557,-0.596467807,0.00000019 ,112.338,73.0494
2017,2,20,9,30,0.019587619,-0.445071789,0.00000021 ,68.7213,-5.78351
2017,2,20,10,0,0.00783246,-0.177969743,0.00000026 ,-37.0951,-3.08828
2017,2,20,10,30,-0.017565183,0.399118308,0.00000031 ,244.72,242.679
2017,2,20,11,0,0.018164687,-0.412739644,0.00000036 ,127.402,9.68447
2017,2,20,11,30,-0.006111141,0.13885841,0.00000041 ,222.216,-126.824
2017,2,20,12,0,0.007108231,-0.161513562,0.00000044 ,-24.84,32.8162
2017,2,20,12,30,-0.004022514,0.091400474,0.00000047 ,236.621,-9.01671
2017,2,20,13,0,0.030896296,-0.702028502,0.00000050 ,180.616,-3.63022
2017,2,20,13,30,-0.001170666,0.026600546,0.00000055 ,-15.6949,2.19095
2017,2,20,14,0,0.020668372,-0.469628436,0.00000056 ,135.07,7.77537
2017,2,20,14,30,0.003208329,-0.072899435,0.00000057 ,187.321,3.84962
2017,2,20,15,0,0.004018113,-0.091299433,0.00000057 ,-15.7542,-21.1672
2017,2,20,15,30,0.005119375,-0.116322424,0.00000058 ,-14.8967,-14.1842
2017,2,20,16,0,0.008371758,-0.190223427,0.00000057 ,-22.6677,2.70667
2017,2,20,16,30,0.012485285,-0.283691443,0.00000056 ,-31.6081,-3.31957
2017,2,20,17,0,0.011534097,-0.262078455,0.00000055 ,-26.0983,2.07524
2017,2,20,17,30,0.029189412,-0.66324449,0.00000051 ,-34.3012,2.54567
2017,2,20,18,0,0.02956517,-0.671782524,0.00000048 ,-49.012,0.867037
2017,2,20,18,30,0.024351613,-0.553319583,0.00000042 ,-40.0887,-1.88361
2017,2,20,19,0,0.033830751,-0.768705616,0.00000038 ,-37.9469,-7.85395
2017,2,20,19,30,0.050668273,-1.151289647,0.00000035 ,-31.7823,10.2692
2017,2,20,20,0,0.115270992,-2.61919967,0.00000033 ,49.0105,55.8695
2017,2,20,20,30,-0.029354318,0.666992302,0.00000030 ,86.4343,45.0354
2017,2,20,21,0,-0.029320958,0.666234283,0.00000028 ,180.412,35.5386
2017,2,20,21,30,-0.064923992,1.47521027,0.00000027 ,266.741,36.4085
2017,2,20,22,0,-0.075590256,1.71757026,0.00000026 ,247.71,42.0636
2017,2,20,22,30,-0.107042002,2.432220245,0.00000025 ,394.289,47.3215
2017,2,20,23,0,-0.112504964,2.556350239,0.00000024 ,379.979,42.7827
2017,2,20,23,30,-0.137076187,3.114660221,0.00000022 ,441.25,48.8926
2017,2,20,24,0,-0.062904373,1.429320215,0.00000022 ,438.852,45.4946
2017,2,21,0,30,-0.078046894,1.773390204,0.00000020 ,547.604,58.7595
2017,2,21,1,0,-0.218476642,4.964250185,0.00000019 ,423.313,37.6988
2017,2,21,1,30,-0.090223581,2.050070177,0.00000018 ,443.104,65.6269
2017,2,21,2,0,-0.109870085,2.496480177,0.00000018 ,433.596,49.1168
2017,2,21,2,30,-0.122345159,2.779940169,0.00000017 ,455.2,55.1682
2017,2,21,3,0,-0.086780678,1.971840152,0.00000015 ,407.942,34.5134
2017,2,21,3,30,-0.058430317,1.327660154,0.00000015 ,304.734,33.337
2017,2,21,4,0,-0.131141878,2.979820152,0.00000015 ,480.657,57.046
2017,2,21,4,30,-0.014624303,0.332295145,0.00000015 ,330.576,64.3699
2017,2,21,5,0,-0.047228451,1.073130142,0.00000014 ,232.977,20.2702
2017,2,21,5,30,-0.02855272,0.648778134,0.00000013 ,169.571,21.9616
2017,2,21,6,0,0.048835256,-1.109639871,0.00000013 ,170.187,27.4507
2017,2,21,6,30,0.022234424,-0.505212873,0.00000013 ,107.677,10.6183
2017,2,21,7,0,0.022429652,-0.509648874,0.00000013 ,21.8468,11.5914
2017,2,21,7,30,0.010112354,-0.229773879,0.00000012 ,-21.9579,2.28242
2017,2,21,8,0,0.000422496,-0.009599853,0.00000015 ,-25.356,9.63473
2017,2,21,8,30,-0.014185875,0.322333196,0.00000020 ,45.1764,-0.681717
2017,2,21,9,0,-0.001791207,0.04070023,0.00000023 ,94.2862,7.63842
2017,2,21,9,30,0.038401542,-0.872563742,0.00000026 ,1.76002,-5.04886
2017,2,21,10,0,0.045698664,-1.03836969,0.00000031 ,135.533,-7.58253
2017,2,21,10,30,0.021267084,-0.483232631,0.00000037 ,133.513,-9.49679
2017,2,21,11,0,0.009246985,-0.210110602,0.00000040 ,113.467,-11.1277
2017,2,21,11,30,-0.004971986,0.112974419,0.00000042 ,24.1484,48.2215
2017,2,21,12,0,-0.023218532,0.527574426,0.00000043 ,-7.53826,-23.5405
2017,2,21,12,30,-0.06790611,1.542970453,0.00000045 ,-12.3362,-6.19024
2017,2,21,13,0,0.018295045,-0.415701531,0.00000047 ,211.409,1.77989
2017,2,21,13,30,0.043530863,-0.98911252,0.00000048 ,205.888,-57.6078
2017,2,21,14,0,-0.000532015,0.012088986,0.00000049 ,77.2348,-121.669
2017,2,21,14,30,0.008041463,-0.182718516,0.00000048 ,100.005,-0.0696854
2017,2,21,15,0,0.031186102,-0.708613497,0.00000050 ,33.2013,-27.2468
2017,2,21,15,30,0.009311372,-0.211573494,0.00000051 ,-9.83419,-8.74113
2017,2,21,16,0,0.013790269,-0.3133435,0.00000050 ,-9.25546,21.4731
2017,2,21,16,30,0.092910831,-2.111129505,0.00000050 ,-10.7902,-50.1621
2017,2,21,17,0,-0.007221689,0.164092479,0.00000048 ,-26.9864,0.814225
2017,2,21,17,30,0.385490192,-8.759149549,0.00000045 ,-6.32459,-138.95
2017,2,21,18,0,-0.015655501,0.355726434,0.00000043 ,72.7532,16.7178
2017,2,21,18,30,-0.197594338,4.489760412,0.00000041 ,-7.73571,22.4047
2017,2,21,19,0,0.697730139,-15.85389961,0.00000039 ,-7.36815,87.1777
2017,2,21,19,30,0.181532008,-4.124789638,0.00000036 ,41.4383,88.5218
2017,2,21,20,0,0.037314407,-0.847861667,0.00000033 ,65.3539,90.24
2017,2,21,20,30,-0.050385729,1.144870303,0.00000030 ,23.2979,33.8063
2017,2,21,21,0,-0.057365715,1.303470283,0.00000028 ,24.9184,-53.1153
2017,2,21,21,30,-0.095452409,2.168880279,0.00000028 ,294.653,43.3769
2017,2,21,22,0,-0.030108693,0.684133271,0.00000027 ,20.7656,118.671
2017,2,21,22,30,-0.115435149,2.622930252,0.00000025 ,65.7536,40.6654
2017,2,21,23,0,-0.188428375,4.281490239,0.00000024 ,303.639,84.5053
2017,2,21,23,30,-0.047241214,1.073420243,0.00000024 ,172.935,109.288
2017,2,21,24,0,-0.031448622,0.714579234,0.00000023 ,224.221,126.096
2017,2,22,0,30,-0.03762745,0.854975218,0.00000022 ,152.378,101.455
2017,2,22,1,0,0.013512566,-0.307033794,0.00000021 ,317.641,158.845
2017,2,22,1,30,-0.060430571,1.373110212,0.00000021 ,350.905,67.0541
2017,2,22,2,0,-0.039320734,0.893450205,0.00000021 ,123.975,59.0611
2017,2,22,2,30,0.030334597,-0.689265808,0.00000019 ,317.155,53.305
2017,2,22,3,0,-0.038314754,0.87059219,0.00000019 ,271.368,47.7562
2017,2,22,3,30,0.031480617,-0.715305829,0.00000017 ,202.419,98.9949
2017,2,22,4,0,0.016700871,-0.379478824,0.00000018 ,181.975,77.848
2017,2,22,4,30,0.031322225,-0.711706831,0.00000017 ,84.1931,40.6548
2017,2,22,5,0,-0.003225933,0.073300159,0.00000016 ,63.916,22.0703
2017,2,22,5,30,0.02211969,-0.502605845,0.00000016 ,70.1682,14.1321
2017,2,22,6,0,0.013736445,-0.312120852,0.00000015 ,36.1026,16.3969
2017,2,22,6,30,0.037367703,-0.849072857,0.00000014 ,47.9601,21.2061
2017,2,22,7,0,0.027235897,-0.618856855,0.00000015 ,-12.625,7.94237
2017,2,22,7,30,-0.043585215,0.990348147,0.00000015 ,197.883,-14.1732
2017,2,22,8,0,0.00382887,-0.08699981,0.00000019 ,-6.76393,7.53359
2017,2,22,8,30,0.025595292,-0.581578769,0.00000023 ,82.2841,0.295686
2017,2,22,9,0,0.00861861,-0.195832761,0.00000024 ,-49.3448,-11.3774
2017,2,22,9,30,0.045698664,-1.038369752,0.00000025 ,135.533,-7.58253
2017,2,22,10,0,0.025078174,-0.569828693,0.00000031 ,136.763,-1.52095
2017,2,22,10,30,0.029605571,-0.672700638,0.00000036 ,121.313,4.36542
2017,2,22,11,0,0.112758021,-2.562099581,0.00000042 ,103.51,2.7829
2017,2,22,11,30,0.031681875,-0.719878494,0.00000051 ,139.252,31.1456
2017,2,22,12,0,0.028667102,-0.651376482,0.00000052 ,125.228,6.20952
2017,2,22,12,30,-0.010344374,0.235046525,0.00000053 ,223.007,74.4629
2017,2,22,13,0,-0.013093723,0.297517529,0.00000053 ,203.982,49.4646
2017,2,22,13,30,-0.011441676,0.259979529,0.00000053 ,125.228,-11.502
2017,2,22,14,0,0.031986292,-0.726795467,0.00000053 ,124.384,7.58265
2017,2,22,14,30,-0.027107651,0.615943533,0.00000053 ,154.952,16.5122
2017,2,22,15,0,-0.109750818,2.493770541,0.00000054 ,45.4904,-13.8622
2017,2,22,15,30,0.030393614,-0.690606457,0.00000054 ,21.9811,-0.261372
2017,2,22,16,0,0.020621854,-0.468571463,0.00000054 ,15.039,-0.568644
2017,2,22,16,30,0.086017105,-1.954489463,0.00000054 ,-44.1714,0.0459
2017,2,22,17,0,0.028224009,-0.641308473,0.00000053 ,-26.6947,12.9869
2017,2,22,17,30,0.038076088,-0.865168493,0.00000051 ,-3.58849,6.82996
2017,2,22,18,0,-0.008229826,0.186999494,0.00000049 ,-15.1808,0.92662
2017,2,22,18,30,0.058171538,-1.32177952,0.00000048 ,-33.742,-5.1622
2017,2,22,19,0,0.007883995,-0.179140532,0.00000047 ,142.661,48.6191
2017,2,22,19,30,0.016856226,-0.383008545,0.00000046 ,-4.10276,0.717449
2017,2,22,20,0,0.148175509,-3.366859571,0.00000043 ,103.917,60.6996
2017,2,22,20,30,0.171811079,-3.903909596,0.00000040 ,-39.3357,2.81827
2017,2,22,21,0,0.015511104,-0.352444619,0.00000038 ,188.953,45.2058
2017,2,22,21,30,0.008851027,-0.201113634,0.00000037 ,210.524,62.4231
2017,2,22,22,0,-0.421561228,9.578760314,0.00000031 ,240.283,66.2797
2017,2,22,22,30,-0.072971221,1.658060296,0.00000030 ,235.163,42.685
2017,2,22,23,0,0.001949643,-0.044299704,0.00000030 ,182.807,39.1685
2017,2,22,23,30,-0.037131413,0.843704282,0.00000028 ,290.782,158.314
2017,2,22,24,0,0.024245505,-0.550908732,0.00000027 ,184.403,77.7738
2017,2,23,0,30,0.032961334,-0.748950744,0.00000026 ,267.633,181.543
2017,2,23,1,0,-0.000994626,0.022600241,0.00000024 ,286.684,-34.063
2017,2,23,1,30,-0.063545599,1.443890238,0.00000024 ,312.457,27.6422
2017,2,23,2,0,-0.070982849,1.612880228,0.00000023 ,247.155,57.3178
2017,2,23,2,30,-0.050414775,1.145530193,0.00000019 ,281.567,70.949
2017,2,23,3,0,-0.055377343,1.258290181,0.00000018 ,377.204,83.7855
2017,2,23,3,30,-0.026083935,0.59268218,0.00000018 ,235.369,44.1085
2017,2,23,4,0,0.01939842,-0.440772833,0.00000017 ,303.072,39.0804
2017,2,23,4,30,0.030608823,-0.695496841,0.00000016 ,333.751,73.5416
2017,2,23,5,0,0.006900152,-0.156785851,0.00000015 ,169.115,21.9165
2017,2,23,5,30,0.022146712,-0.503219856,0.00000014 ,91.2039,27.5091
2017,2,23,6,0,0.043719402,-0.993396865,0.00000014 ,63.8416,22.4168
2017,2,23,6,30,0.037770042,-0.858214872,0.00000013 ,186.99,30.7617
2017,2,23,7,0,0.06033859,-1.37101988,0.00000012 ,-19.4382,12.5425
2017,2,23,7,30,0.047144832,-1.071229881,0.00000012 ,-17.7127,8.9847
2017,2,23,8,0,0.007441211,-0.169079839,0.00000016 ,-19.9343,7.53359
2017,2,23,8,30,0.092762958,-2.107769805,0.00000020 ,70.2821,2.25408
2017,2,23,9,0,0.050661671,-1.151139779,0.00000022 ,-40.3213,-14.9808
2017,2,23,9,30,0.08727315,-1.983029752,0.00000025 ,132.684,-2.08881
2017,2,23,10,0,0.238978701,-5.430099699,0.00000030 ,155.949,-11.0532
2017,2,23,10,30,0.019232634,-0.43700565,0.00000035 ,125.325,-5.22982
2017,2,23,11,0,0.209279873,-4.755279592,0.00000041 ,222.513,5.59571
2017,2,23,11,30,0.15680719,-3.562989548,0.00000045 ,205.032,-34.9771
2017,2,23,12,0,0.290451037,-6.599659506,0.00000049 ,224.41,320.376
2017,2,23,12,30,0.027623361,-0.627660479,0.00000052 ,157.25,22.9172
2017,2,23,13,0,0.027623361,-0.627660439,0.00000056 ,123.117,19.7217
2017,2,23,13,30,0.02700304,-0.613565422,0.00000058 ,-35.7528,7.11024
2017,2,23,14,0,0.024751356,-0.562402416,0.00000058 ,-21.0927,0.207229
2017,2,23,14,30,0.015799634,-0.359000422,0.00000058 ,-23.9286,-1.19729
2017,2,23,15,0,0.007198672,-0.163568424,0.00000058 ,105.803,-0.150106
2017,2,23,15,30,0.004155371,-0.094418214,0.00000059 ,58.4604,-10.8699
2017,2,23,16,0,0.007481084,-0.169985414,0.00000059 ,-13.086,3.40248
2017,2,23,16,30,0.018247734,-0.414626417,0.00000058 ,-58.5041,531.068
2017,2,23,17,0,0.087308798,-1.983839428,0.00000057 ,-66.0256,49.9748
2017,2,23,17,30,0.078125672,-1.775179463,0.00000054 ,-49.8462,39.8582
2017,2,23,18,0,0.07310237,-1.661039482,0.00000052 ,-19.3383,9.25306
2017,2,23,18,30,0.124539498,-2.829799525,0.00000048 ,-30.2916,118.581
2017,2,23,19,0,0.046665123,-1.06032958,0.00000042 ,-139.843,149.5
2017,2,23,19,30,-0.089382109,2.03095039,0.00000039 ,84.689,25.1215
2017,2,23,20,0,0.050492233,-1.147289636,0.00000036 ,196.495,64.0252
2017,2,23,20,30,-0.010370428,0.235638352,0.00000035 ,298.272,52.4665
2017,2,23,21,0,-0.022858222,0.519387336,0.00000034 ,238.523,103.797
2017,2,23,21,30,-0.021631663,0.491517318,0.00000032 ,152.854,48.7546
2017,2,23,22,0,-0.031030351,0.705075289,0.00000029 ,174.462,14.1216
2017,2,23,22,30,-0.061918549,1.40692028,0.00000028 ,315.198,62.9655
2017,2,23,23,0,-0.060127782,1.36623027,0.00000027 ,288.264,71.1664
2017,2,23,23,30,-0.032795856,0.745191245,0.00000025 ,487.669,91.4479
2017,2,23,24,0,-0.058586552,1.331210227,0.00000023 ,276.55,66.8451
2017,2,24,0,30,-0.039426843,0.895861225,0.00000023 ,258.091,61.1502
2017,2,24,1,0,-0.037109276,0.843201207,0.00000021 ,264.653,61.8002
2017,2,24,1,30,-0.03340227,0.758970203,0.00000020 ,252.17,56.755
2017,2,24,2,0,-0.029268058,0.665032202,0.00000020 ,240.295,52.0832
2017,2,24,2,30,-0.038330554,0.870951199,0.00000020 ,198.661,26.0598
2017,2,24,3,0,0.011196804,-0.254414811,0.00000019 ,203.98,73.9821
2017,2,24,3,30,-0.044672791,1.015060188,0.00000019 ,276.403,29.976
2017,2,24,4,0,-0.028675024,0.651557194,0.00000019 ,239.164,53.7988
2017,2,24,4,30,-0.025678867,0.583478196,0.00000020 ,238.815,53.3758
2017,2,24,5,0,-0.023252067,0.528336192,0.00000019 ,231.619,50.0815
2017,2,24,5,30,-0.024258048,0.551194196,0.00000020 ,234.297,49.8923
2017,2,24,6,0,-0.01552488,0.352758179,0.00000018 ,214.78,42.3914
2017,2,24,6,30,-0.008446487,0.191922167,0.00000017 ,111.693,45.1645
2017,2,24,7,0,-0.015710514,0.356976164,0.00000016 ,214.497,42.322
2017,2,24,7,30,0.010197953,-0.231718834,0.00000017 ,-18.0077,34.5722
2017,2,24,8,0,0.039699309,-0.90205181,0.00000019 ,-27.6829,15.7489
2017,2,24,8,30,0.019759918,-0.448986748,0.00000025 ,70.6586,-12.6937
2017,2,24,9,0,0.007052823,-0.16025472,0.00000028 ,-35.9776,-11.9115
2017,2,24,9,30,0.004123737,-0.093699709,0.00000029 ,138.382,-13.0763
2017,2,24,10,0,0.020228228,-0.459627656,0.00000034 ,166.902,-22.3233
2017,2,24,10,30,3.97E-06,-8.97E-05,0.00000040 ,-33.6762,6.60448
2017,2,24,11,0,0.014873047,-0.337946562,0.00000044 ,-37.5479,-67.706
2017,2,24,11,30,0.022990296,-0.522387533,0.00000047 ,-44.5464,-1.25197
2017,2,24,12,0,0.035119628,-0.797991506,0.00000049 ,166.111,-18.4772
2017,2,24,12,30,0.036827348,-0.836794465,0.00000054 ,89.2024,-16.6172
2017,2,24,13,0,0.020639766,-0.468978422,0.00000058 ,74.2086,-6.69855
2017,2,24,13,30,0.000201126,-0.004569413,0.00000059 ,80.3535,-0.895645
2017,2,24,14,0,0.002455758,-0.055799412,0.00000059 ,113.321,0.0505777
2017,2,24,14,30,-0.001685583,0.038300594,0.00000059 ,158.727,0.51647
2017,2,24,15,0,0.001342305,-0.030499409,0.00000059 ,125.377,0.462858
2017,2,24,15,30,0.009079483,-0.206304404,0.00000060 ,-20.92,-0.141075
2017,2,24,16,0,0.010740949,-0.244056415,0.00000059 ,65.0592,-1.95575
2017,2,24,16,30,0.01714766,-0.389630432,0.00000057 ,-38.7012,-0.405725
2017,2,24,17,0,-0.020031107,0.45514957,0.00000057 ,-35.1458,-0.128721
2017,2,24,17,30,0.022953636,-0.521554437,0.00000056 ,-61.71,-1.30692
2017,2,24,18,0,0.008159014,-0.185389449,0.00000055 ,-37.76,60.3456
2017,2,24,18,30,0.048685622,-1.106239465,0.00000054 ,-56.2968,-1.44059
2017,2,24,19,0,0.033467008,-0.760440479,0.00000052 ,-46.7803,1.50016
2017,2,24,19,30,0.067970364,-1.544429511,0.00000049 ,-41.0744,3.4364
2017,2,24,20,0,0.164758037,-3.743649552,0.00000045 ,0.575743,12.5423
2017,2,24,20,30,-0.012365798,0.280977413,0.00000041 ,39.4895,15.7679
2017,2,24,21,0,-0.070638251,1.60505038,0.00000038 ,196.289,26.4169
2017,2,24,21,30,-0.075821308,1.722820372,0.00000037 ,175.138,27.7185
2017,2,24,22,0,-0.028223613,0.641300369,0.00000037 ,239.621,46.305
2017,2,24,22,30,-0.018758206,0.426226346,0.00000035 ,442.611,55.683
2017,2,24,23,0,-0.047863076,1.087550344,0.00000034 ,435.561,66.7718
2017,2,24,23,30,-0.014834011,0.337060329,0.00000033 ,460.853,76.3522
2017,2,24,24,0,-0.028746056,0.653171328,0.00000033 ,231.981,24.76
2017,2,25,0,30,-0.032090992,0.729175315,0.00000032 ,360.73,49.3849
2017,2,25,1,0,-0.105423755,2.395450316,0.00000032 ,276.179,40.7221
2017,2,25,1,30,-0.062127597,1.411670302,0.00000030 ,134.117,26.7801
2017,2,25,2,0,0.034161882,-0.776229705,0.00000030 ,601.365,108.968
2017,2,25,2,30,-0.046286637,1.051730292,0.00000029 ,663.531,86.6337
2017,2,25,3,0,-0.062586621,1.422100296,0.00000030 ,469.234,45.6648
2017,2,25,3,30,-0.022060057,0.50125129,0.00000029 ,187.627,23.0037
2017,2,25,4,0,-0.20231397,4.59700028,0.00000028 ,406.939,53.0264
2017,2,25,4,30,0.010367788,-0.235577717,0.00000028 ,375.127,60.101
2017,2,25,5,0,-0.028830951,0.655100302,0.00000030 ,152.692,29.3804
2017,2,25,5,30,-0.081449747,1.85071033,0.00000033 ,72.6618,15.7191
2017,2,25,6,0,-0.112941543,2.56627032,0.00000032 ,142.327,20.188
2017,2,25,6,30,-0.102787556,2.335550333,0.00000033 ,44.2275,4.27027
2017,2,25,7,0,-0.025326963,0.575482342,0.00000034 ,41.9288,17.9486
2017,2,25,7,30,0.002614194,-0.059399655,0.00000035 ,-4.67404,1.15062
2017,2,25,8,0,0.00497423,-0.113024607,0.00000039 ,-10.866,-0.328958
2017,2,25,8,30,0.010575119,-0.240288523,0.00000048 ,45.4267,-0.708633
2017,2,25,9,0,0.009086921,-0.206473486,0.00000051 ,79.1533,-12.964
2017,2,25,9,30,0.002829843,-0.064299469,0.00000053 ,135.468,11.2168
2017,2,25,10,0,0.030597336,-0.695235434,0.00000057 ,122.736,21.6828
2017,2,25,10,30,-0.027890941,0.633741583,0.00000058 ,57.4575,-2.57046
2017,2,25,11,0,-0.043234412,0.982377597,0.00000060 ,194.756,27.789
2017,2,25,11,30,-0.059025332,1.341180615,0.00000062 ,211.834,37.1531
2017,2,25,12,0,0.055469324,-1.260379369,0.00000063 ,93.9552,34.8681
2017,2,25,12,30,0.003467988,-0.078799367,0.00000063 ,226.809,0.115572
2017,2,25,13,0,-0.004601025,0.104545643,0.00000064 ,219.605,0.834543
2017,2,25,13,30,-0.012752646,0.289767655,0.00000066 ,-21.9365,35.2432
2017,2,25,14,0,0.011779585,-0.267656343,0.00000066 ,191.394,-15.0513
2017,2,25,14,30,-0.006179004,0.140400659,0.00000066 ,188.48,-9.45269
2017,2,25,15,0,-0.017321632,0.393584665,0.00000067 ,176.506,1.98234
2017,2,25,15,30,-0.042985183,0.976714668,0.00000067 ,42.0201,-1.64348
2017,2,25,16,0,-0.0113706,0.258364667,0.00000067 ,46.331,-1.03604
2017,2,25,16,30,-0.007963654,0.180951664,0.00000066 ,-11.9461,0.0406
2017,2,25,17,0,0.005791936,-0.131604345,0.00000066 ,-12.6991,17.8339
2017,2,25,17,30,-0.022150277,0.503301639,0.00000064 ,-25.4048,-0.251238
2017,2,25,18,0,-0.014256379,0.323935629,0.00000063 ,-33.979,37.2107
2017,2,25,18,30,0.003815667,-0.086699383,0.00000062 ,-23.5083,1.8753
2017,2,25,19,0,0.065116756,-1.479589415,0.00000059 ,-55.8851,-7.25896
2017,2,25,19,30,0.031452143,-0.714658453,0.00000055 ,-17.9178,73.0114
2017,2,25,20,0,0.035112234,-0.797823473,0.00000053 ,-28.805,-25.049
2017,2,25,20,30,0.111791561,-2.540139499,0.00000050 ,-14.5281,-13.582
2017,2,25,21,0,0.166265819,-3.777909507,0.00000049 ,63.2456,-70.2307
2017,2,25,21,30,0.066349476,-1.507599532,0.00000047 ,266.267,79.4801
2017,2,25,22,0,0.040134875,-0.911948549,0.00000045 ,32.9163,1.16532
2017,2,25,22,30,0.047564688,-1.080769549,0.00000045 ,-27.8088,1.45676
2017,2,25,23,0,-0.037553689,0.853299441,0.00000044 ,8.44552,5.275
2017,2,25,23,30,-0.075412895,1.71354043,0.00000043 ,-22.5472,11.2586
2017,2,25,24,0,-0.007826034,0.177824403,0.00000040 ,21.0435,-9.24944
2017,2,26,0,30,0.017871757,-0.406083587,0.00000041 ,-16.1905,-6.59426
2017,2,26,1,0,0.010189855,-0.231534601,0.00000040 ,57.8675,-28.9941
2017,2,26,1,30,0.013593765,-0.3088786,0.00000040 ,40.527,-0.58941
2017,2,26,2,0,-0.023676236,0.537974382,0.00000038 ,16.5977,9.48027
2017,2,26,2,30,-0.061231113,1.391300378,0.00000038 ,83.7049,41.7768
2017,2,26,3,0,-0.08392839,1.907030358,0.00000036 ,30.2293,44.54
2017,2,26,3,30,-0.069870716,1.587610364,0.00000036 ,53.6502,6.36102
2017,2,26,4,0,-0.089462648,2.032780349,0.00000035 ,43.2045,-20.3462
2017,2,26,4,30,-0.086510017,1.96569034,0.00000034 ,21.5036,66.7452
2017,2,26,5,0,-0.071978355,1.635500333,0.00000033 ,30.4191,28.903
2017,2,26,5,30,0.098381714,-2.235439668,0.00000033 ,154.5,30.4385
2017,2,26,6,0,0.410398971,-9.325129684,0.00000032 ,-3.77314,49.6492
2017,2,26,6,30,-0.008088246,0.18378231,0.00000031 ,-7.71085,53.0237
2017,2,26,7,0,-0.020227348,0.459608308,0.00000031 ,-11.6892,53.0239
2017,2,26,7,30,-0.045931037,1.043650314,0.00000031 ,-23.5463,12.1912
2017,2,26,8,0,0.010754152,-0.244356634,0.00000037 ,-17.913,40.2892
2017,2,26,8,30,0.00726341,-0.165039608,0.00000039 ,-24.7895,5.22567
2017,2,26,9,0,0.00140362,-0.031892789,0.00000041 ,-8.47515,-7.07048
2017,2,26,9,30,0.008216359,-0.186692562,0.00000044 ,-5.27169,9.63461
2017,2,26,10,0,0.022061465,-0.501282506,0.00000049 ,-12.9279,21.9969
2017,2,26,10,30,0.016049391,-0.364675468,0.00000053 ,103.175,-11.9074
2017,2,26,11,0,0.012700318,-0.288577434,0.00000057 ,-24.8459,-18.9006
2017,2,26,11,30,0.021072648,-0.478814403,0.00000060 ,-49.1415,62.7882
2017,2,26,12,0,0.018829282,-0.427840371,0.00000063 ,-38.7484,69.5469
2017,2,26,12,30,0.009360047,-0.212679361,0.00000064 ,213.287,55.5593
2017,2,26,13,0,0.045475093,-1.03328935,0.00000065 ,203.915,69.5469
2017,2,26,13,30,0.096441314,-2.191349329,0.00000067 ,209.003,28.0334
2017,2,26,14,0,-0.000761373,0.017300687,0.00000069 ,162.557,21.6451
2017,2,26,14,30,0.016798441,-0.381695301,0.00000070 ,156.138,15.1046
2017,2,26,15,0,0.021881552,-0.497194301,0.00000070 ,171.385,13.8753
2017,2,26,15,30,-0.111011704,2.522420695,0.00000070 ,146.002,-9.28912
2017,2,26,16,0,0.043055423,-0.978309321,0.00000068 ,81.7976,11.0858
2017,2,26,16,30,-0.044028924,1.000430663,0.00000066 ,-26.6937,15.4788
2017,2,26,17,0,-0.013033473,0.296148626,0.00000063 ,-23.7742,5.96413
2017,2,26,17,30,0.049887095,-1.133539394,0.00000061 ,-19.3726,5.21622
2017,2,26,18,0,-0.125479112,2.851150587,0.00000059 ,-100.843,12.1082
2017,2,26,18,30,0.000990225,-0.022499426,0.00000057 ,-30.3598,7.40317
2017,2,26,19,0,0.009958495,-0.226277435,0.00000057 ,-20.7498,13.7465
2017,2,26,19,30,-0.069586852,1.58116056,0.00000056 ,1.43353,11.5558
2017,2,26,20,0,-0.014690846,0.333807552,0.00000055 ,16.5577,16.4251
2017,2,26,20,30,-0.017462684,0.396789546,0.00000055 ,50.1399,23.4075
2017,2,26,21,0,-0.002702214,0.061400539,0.00000054 ,61.2886,24.4585
2017,2,26,21,30,-0.053583935,1.217540524,0.00000052 ,185.363,28.3413
2017,2,26,22,0,-0.046937105,1.066510513,0.00000051 ,215.197,42.4829
2017,2,26,22,30,-0.061254438,1.39183051,0.00000051 ,197.92,52.4524
2017,2,26,23,0,-0.055880377,1.269720515,0.00000052 ,265.042,82.5256
2017,2,26,23,30,-0.04651857,1.057000516,0.00000052 ,448.407,108.995
2017,2,26,24,0,-0.044078216,1.001550516,0.00000052 ,272.194,63.9821
2017,2,27,0,30,-0.000247336,0.005620524,0.00000052 ,275.462,64.7176
2017,2,27,1,0,0.008975443,-0.203940465,0.00000054 ,185.36,77.6248
2017,2,27,1,30,-0.038146504,0.866769536,0.00000054 ,143.241,25.0346
2017,2,27,2,0,-0.016080814,0.365390534,0.00000053 ,149.429,34.0703
2017,2,27,2,30,-0.009042603,0.205467535,0.00000054 ,253.02,51.8061
2017,2,27,3,0,-0.000858195,0.019500531,0.00000053 ,139.072,31.1677
2017,2,27,3,30,-0.026077333,0.592532532,0.00000053 ,144.766,19.2051
2017,2,27,4,0,-0.009056378,0.205780537,0.00000054 ,145.566,41.7965
2017,2,27,4,30,-0.025840031,0.587140535,0.00000054 ,229.919,39.4494
2017,2,27,5,0,0.008682953,-0.197294469,0.00000053 ,154.145,28.6569
2017,2,27,5,30,-0.030101828,0.683977528,0.00000053 ,169.915,22.4252
2017,2,27,6,0,-0.022750441,0.516938532,0.00000053 ,198.562,42.3854
2017,2,27,6,30,-0.04245055,0.964566524,0.00000052 ,113.821,13.2616
2017,2,27,7,0,0.011448981,-0.260144479,0.00000052 ,46.9445,10.7477
2017,2,27,7,30,-0.005979331,0.135863519,0.00000052 ,16.9117,39.6685
2017,2,27,8,0,0.000919809,-0.020899476,0.00000052 ,-6.69504,1.64395
2017,2,27,8,30,-0.012784949,0.290501529,0.00000053 ,128.696,24.5754
2017,2,27,9,0,0.001610766,-0.036599463,0.00000054 ,-20.4625,-0.868842
2017,2,27,9,30,0.00606405,-0.137787461,0.00000054 ,-31.3739,0.023
2017,2,27,10,0,-0.029319154,0.666193548,0.00000055 ,42.5899,78.8888
2017,2,27,10,30,0.000889002,-0.02019944,0.00000056 ,4.91384,20.3706
2017,2,27,11,0,-0.007443763,0.169138569,0.00000057 ,58.2738,-81.9586
2017,2,27,11,30,0.00273927,-0.062241414,0.00000059 ,97.8419,-1.37971
2017,2,27,12,0,0.019392566,-0.440639396,0.00000060 ,107.936,3.26573
2017,2,27,12,30,0.004594028,-0.104385383,0.00000062 ,106.841,22.3065
2017,2,27,13,0,0.007532972,-0.171164375,0.00000063 ,50.1638,-10.0824
2017,2,27,13,30,0.00925253,-0.210236359,0.00000064 ,41.427,1.78796
2017,2,27,14,0,0.020077362,-0.456199323,0.00000068 ,113.671,14.9541
2017,2,27,14,30,0.018416557,-0.418462322,0.00000068 ,108.074,15.2507
2017,2,27,15,0,-0.010080711,0.229055689,0.00000069 ,186.667,40.564
2017,2,27,15,30,0.006306721,-0.143301313,0.00000069 ,64.9935,-15.4265
2017,2,27,16,0,0.009684665,-0.220055314,0.00000069 ,40.92,-0.697551
2017,2,27,16,30,0.041382823,-0.940304319,0.00000068 ,-20.8154,41.897
2017,2,27,17,0,0.026546216,-0.603185333,0.00000067 ,-20.4952,31.5859
2017,2,27,17,30,-0.0181341,0.412045648,0.00000065 ,113.681,42.1341
2017,2,27,18,0,-0.048562394,1.103440632,0.00000063 ,315.287,44.5318
2017,2,27,18,30,-0.001632608,0.037096911,0.00000061 ,196.954,30.7719
2017,2,27,19,0,0.029023055,-0.659464407,0.00000059 ,-1.65006,2.11028
2017,2,27,19,30,-0.002119037,0.048149567,0.00000057 ,215.432,3.53916
2017,2,27,20,0,-0.037183741,0.844893539,0.00000054 ,251.003,5.75105
2017,2,27,20,30,-0.021147465,0.480515535,0.00000054 ,125.037,29.2663
2017,2,27,21,0,-0.355323537,8.073700519,0.00000052 ,124.366,47.4314
2017,2,27,21,30,-0.010482962,0.23819552,0.00000052 ,164.727,21.9446
2017,2,27,22,0,-0.065242184,1.482440521,0.00000052 ,195.073,22.0057
2017,2,27,22,30,-0.04360436,0.990783508,0.00000051 ,237.753,32.7669
2017,2,27,23,0,-0.034968542,0.794559491,0.00000049 ,261.999,43.9483
2017,2,27,23,30,-0.096059307,2.18267048,0.00000048 ,325.331,86.4002
2017,2,27,24,0,-0.090295317,2.051700467,0.00000047 ,490.142,39.703
2017,2,28,0,30,-0.004913276,0.111640443,0.00000044 ,244.915,42.2763
2017,2,28,1,0,-0.064060516,1.455590438,0.00000044 ,327.234,40.0447
2017,2,28,1,30,-0.058759511,1.335140429,0.00000043 ,444.693,59.2786
2017,2,28,2,0,-0.089512379,2.033910418,0.00000042 ,529.745,118.739
2017,2,28,2,30,-0.096943468,2.20276043,0.00000043 ,665.463,87.1886
2017,2,28,3,0,-0.020398459,0.463496413,0.00000041 ,287.239,35.4126
2017,2,28,3,30,-0.077999803,1.772320415,0.00000042 ,265.681,38.3391
2017,2,28,4,0,0.001421523,-0.032299595,0.00000041 ,278.959,43.255
2017,2,28,4,30,-0.074919983,1.702340415,0.00000042 ,247.659,40.7685
2017,2,28,5,0,0.001711989,-0.038899582,0.00000042 ,258.921,24.8952
2017,2,28,5,30,0.007876382,-0.178967581,0.00000042 ,168.723,25.6833
2017,2,28,6,0,-0.014665188,0.333224444,0.00000044 ,144.054,11.7655
2017,2,28,6,30,-0.02684544,0.609985482,0.00000048 ,108.825,6.78331
2017,2,28,7,0,0.024331281,-0.552857512,0.00000049 ,54.5133,10.0142
2017,2,28,7,30,0.009030588,-0.205193519,0.00000048 ,-2.7424,0.662789
2017,2,28,8,0,0.014236355,-0.323479526,0.00000047 ,-17.9824,1.36733
2017,2,28,8,30,0.018912989,-0.429742522,0.00000048 ,-27.3871,0.843465
2017,2,28,9,0,0.016574694,-0.376611517,0.00000048 ,-22.6848,0.575375
2017,2,28,9,30,0.015983068,-0.363168513,0.00000049 ,50.4219,-0.933762
2017,2,28,10,0,0.050076338,-1.137839507,0.00000049 ,59.3938,-4.43623
2017,2,28,10,30,0.009849042,-0.223790503,0.00000050 ,41.7847,0.225212
2017,2,28,11,0,0.005927047,-0.13467451,0.00000049 ,103.08,-1.79713
2017,2,28,11,30,0.016555242,-0.376169506,0.00000049 ,75.8234,-2.22496
2017,2,28,12,0,0.01320212,-0.299979505,0.00000050 ,58.804,-0.999874
2017,2,28,12,30,0.008204036,-0.186412504,0.00000050 ,74.2903,-12.625
2017,2,28,13,0,0.023592573,-0.536072494,0.00000051 ,65.09,1.98991
2017,2,28,13,30,-0.005619461,0.127686514,0.00000051 ,-7.69497,-9.6131
2017,2,28,14,0,0.011497701,-0.261251497,0.00000050 ,68.9239,-3.54932
2017,2,28,14,30,-0.022974012,0.522018505,0.00000051 ,43.3607,1.8306
2017,2,28,15,0,-0.003549952,0.0806629,0.00000050 ,33.4508,22.6029
2017,2,28,15,30,0.039453733,-0.8964715,0.00000050 ,68.9783,0.238361
2017,2,28,16,0,-0.020470195,0.465126492,0.00000049 ,46.5881,19.7312
2017,2,28,16,30,0.013329177,-0.302866512,0.00000049 ,-19.6727,-37.5822
2017,2,28,17,0,0.058061513,-1.319279517,0.00000048 ,-20.6551,-23.4818
2017,2,28,17,30,-0.000303361,0.006893469,0.00000047 ,205.437,2.33108
2017,2,28,18,0,0.036217105,-0.822928549,0.00000045 ,23.1742,48.0895
2017,2,28,18,30,-0.163833827,3.722650434,0.00000043 ,60.3193,32.201
2017,2,28,19,0,0.031521414,-0.716232581,0.00000042 ,50.894,-37.1212
2017,2,28,19,30,-0.00035164,0.007990409,0.00000041 ,25.947,0.511614
2017,2,28,20,0,-0.19395339,4.407030386,0.00000039 ,28.8155,28.5519
2017,2,28,20,30,-0.195696186,4.44663038,0.00000038 ,99.721,20.8566
2017,2,28,21,0,-0.308231517,7.00367038,0.00000038 ,67.4143,-98.7947
2017,2,28,21,30,-0.294311154,6.687370341,0.00000034 ,122.126,40.0136
2017,2,28,22,0,-0.025373085,0.576530309,0.00000031 ,127.865,47.02
2017,2,28,22,30,-0.042870889,0.974117283,0.00000028 ,258.784,27.428
2017,2,28,23,0,-0.119129349,2.706870267,0.00000027 ,461.698,31.1904
2017,2,28,23,30,-0.051317861,1.166050244,0.00000024 ,259.807,37.9943
2017,2,28,24,0,-0.072181681,1.640120229,0.00000023 ,361.502,84.8116
2017,3,1,0,30,-0.006419959,0.145875211,0.00000021 ,452.554,71.0274
2017,3,1,1,0,0.004685921,-0.10647378,0.00000022 ,490.839,54.8948
2017,3,1,1,30,-0.109244703,2.48227021,0.00000021 ,389.153,37.9572
2017,3,1,2,0,-0.006975453,0.158497215,0.00000022 ,421.732,56.6467
2017,3,1,2,30,-0.047876719,1.087860192,0.00000019 ,275.464,30.3067
2017,3,1,3,0,-0.104271133,2.369260179,0.00000018 ,351.149,34.8964
2017,3,1,3,30,0.00575686,-0.130807822,0.00000018 ,142.756,15.023
2017,3,1,4,0,-0.021848412,0.49644222,0.00000022 ,294.986,28.6036
2017,3,1,4,30,-0.008214731,0.186656235,0.00000024 ,226.546,26.5758
2017,3,1,5,0,0.023708935,-0.538716778,0.00000022 ,77.9618,11.9379
2017,3,1,5,30,0.021269637,-0.483290787,0.00000021 ,55.1878,12.5885
2017,3,1,6,0,0.035275467,-0.801532805,0.00000020 ,66.2372,7.59528
2017,3,1,6,30,0.008632958,-0.196158811,0.00000019 ,69.4061,7.91352
2017,3,1,7,0,-0.096826401,2.200100186,0.00000019 ,253,79.3506
2017,3,1,7,30,-0.005127869,0.116516185,0.00000019 ,114.099,-0.0343
2017,3,1,8,0,-0.009334345,0.212096223,0.00000022 ,14.3789,-0.670766
2017,3,1,8,30,0.008159058,-0.185390765,0.00000024 ,52.8607,0.629376
2017,3,1,9,0,0.007431573,-0.168860739,0.00000026 ,69.6655,-7.91971
2017,3,1,9,30,0.028077632,-0.637982714,0.00000029 ,-7.57135,17.81
2017,3,1,10,0,0.022097817,-0.502108702,0.00000030 ,-6.32677,25.7463
2017,3,1,10,30,-0.038209834,0.86820831,0.00000031 ,173.452,22.7737
2017,3,1,11,0,-0.02507505,0.56975833,0.00000033 ,40.3621,55.8094
2017,3,1,11,30,0.00410105,-0.093184164,0.00000034 ,125.491,63.8384
2017,3,1,12,0,0.129499865,-2.942134676,0.00037532 ,229.306,-0.0299
2017,3,1,12,30,-0.02653693,0.603738104,0.00076310 ,238.196,28.6256
2017,3,1,13,0,0.010710802,-0.242162994,0.00120901 ,235.784,253.084
2017,3,1,13,30,0.022668099,-0.513436764,0.00163024 ,212.796,67.0127
2017,3,1,14,0,-0.013815091,0.315966084,0.00205808 ,197.848,39.235
2017,3,1,14,30,0.046817398,-1.061343271,0.00244673 ,182.289,29.4928
2017,3,1,15,0,0.0431805,-0.978233334,0.00291867 ,167.523,26.6564
2017,3,1,15,30,-0.095477935,2.17283016,0.00337016 ,173.198,92.6933
2017,3,1,16,0,-0.022877586,0.523611568,0.00378457 ,130.168,36.5347
2017,3,1,16,30,-0.018650382,0.428036954,0.00426095 ,53.5425,47.7555
2017,3,1,17,0,-0.004811877,0.113840941,0.00450494 ,32.1062,38.3589
2017,3,1,17,30,0.002645001,-0.055347893,0.00475211 ,-16.813,-3.10599
2017,3,1,18,0,0.029417912,-0.663475197,0.00496180 ,96.2182,67.5043
2017,3,1,18,30,-0.042771691,0.976919434,0.00505643 ,-9.99341,-7.25787
2017,3,1,19,0,-0.02349289,0.539079488,0.00527149 ,94.0627,49.1274
2017,3,1,19,30,0.029398196,-0.662939746,0.00504925 ,-9.46482,41.5781
2017,3,1,20,0,0.117923475,-2.674921022,0.00454898 ,-7.74426,-11.404
2017,3,1,20,30,0.010786147,-0.240524773,0.00455923 ,72.17,32.4524
2017,3,1,21,0,0.12727604,-2.887356856,0.00462314 ,179.558,39.1859
2017,3,1,21,30,-0.014522332,0.334528296,0.00455030 ,63.7344,10.2357
2017,3,1,22,0,0.026001548,-0.586099112,0.00471089 ,127.006,34.6999
2017,3,1,22,30,-0.127468364,2.901199133,0.00484913 ,506.568,48.021
2017,3,1,23,0,-0.122946776,2.798383758,0.00477376 ,361.777,58.5316
2017,3,1,23,30,-0.002627397,0.064479683,0.00477968 ,266.567,54.7731
2017,3,1,24,0,-0.08934206,2.035036746,0.00499675 ,331.572,35.6219
2017,3,2,0,30,-0.114481893,2.606672671,0.00540267 ,392.975,49.9552
2017,3,2,1,0,-0.114859939,2.615372988,0.00551299 ,427.198,50.0424
2017,3,2,1,30,-0.029673698,0.679592206,0.00534321 ,345.607,57.5809
2017,3,2,2,0,-0.079740399,1.817301317,0.00543132 ,323.379,65.3218
2017,3,2,2,30,-0.091528037,2.08494334,0.00523334 ,494.329,69.3074
2017,3,2,3,0,-0.06808435,1.552093506,0.00507351 ,342.695,44.2611
2017,3,2,3,30,0.083843891,-1.899756057,0.00535394 ,231.626,39.1463
2017,3,2,4,0,-0.020696011,0.476197655,0.00594066 ,195.592,14.2537
2017,3,2,4,30,0.030651293,-0.689836756,0.00662524 ,168.929,43.8697
2017,3,2,5,0,0.047893442,-1.081369939,0.00687006 ,92.1877,28.2003
2017,3,2,5,30,0.007324188,-0.159285961,0.00713504 ,89.7226,41.6318
2017,3,2,6,0,0.029878521,-0.671693191,0.00720981 ,33.9047,10.5798
2017,3,2,6,30,0.071393462,-1.614441953,0.00776805 ,29.5242,29.9506
2017,3,2,7,0,0.072065935,-1.629899741,0.00759026 ,14.0897,40.8226
2017,3,2,7,30,0.071815078,-1.623928983,0.00786102 ,-16.797,13.4103
2017,3,2,8,0,0.009422937,-0.204234747,0.00987425 ,-5.08034,0.615249
2017,3,2,8,30,0.002306124,-0.040642195,0.01175781 ,-4.81995,-4.17896
2017,3,2,9,0,0.015628303,-0.342163969,0.01294403 ,-24.1816,-6.54316
2017,3,2,9,30,0.019402997,-0.426068754,0.01480825 ,105.675,6.48387
2017,3,2,10,0,0.023491174,-0.516940115,0.01682889 ,112.11,35.7618
2017,3,2,10,30,0.020248957,-0.441226014,0.01887299 ,126.8,62.4833
2017,3,2,11,0,0.007357768,-0.146455537,0.02072846 ,137.904,99.0157
2017,3,2,11,30,0.016236257,-0.346373108,0.02254889 ,-15.4925,-3.70052
2017,3,2,12,0,0.068080389,-1.523212375,0.02371763 ,187.635,-46.9129
2017,3,2,12,30,0.034874976,-0.76795709,0.02447591 ,139.915,-11.926
2017,3,2,13,0,0.021621673,-0.465299704,0.02599030 ,115.971,-15.1453
2017,3,2,13,30,0.036835754,-0.810396243,0.02658976 ,84.3457,-21.4207
2017,3,2,14,0,0.018101885,-0.383585597,0.02772740 ,88.0638,-13.4105
2017,3,2,14,30,0.012863067,-0.264423841,0.02785216 ,107.504,8.62893
2017,3,2,15,0,0.040567714,-0.893158914,0.02862509 ,114.192,-15.2041
2017,3,2,15,30,0.037164156,-0.81521992,0.02922808 ,103.786,-8.1375
2017,3,2,16,0,0.028156058,-0.610787503,0.02897750 ,122.678,-6.82685
2017,3,2,16,30,0.03592994,-0.786517367,0.02988663 ,36.421,-5.71858
2017,3,2,17,0,0.0295925,-0.64245359,0.02995041 ,-25.3399,2.68474
2017,3,2,17,30,0.021498225,-0.459069102,0.02941590 ,-39.391,3.35985
2017,3,2,18,0,0.006532624,-0.119335975,0.02909903 ,-11.8848,44.1565
2017,3,2,18,30,-0.016866216,0.411956554,0.02872055 ,183.932,1.64867
2017,3,2,19,0,0.121477282,-2.731925317,0.02829468 ,-48.3354,66.8388
2017,3,2,19,30,0.090407102,-2.028275937,0.02596406 ,-18.7386,82.5304
2017,3,2,20,0,0.0333609,-0.73553797,0.02249203 ,57.0878,12.9753
2017,3,2,20,30,0.031521414,-0.693817792,0.02241521 ,50.894,-37.1212
2017,3,2,21,0,0.018066413,-0.38878165,0.02172535 ,-122.92,23.9909
2017,3,2,21,30,0.075396612,-1.693461504,0.01970850 ,-28.0369,52.5624
2017,3,2,22,0,-0.063917483,1.47156895,0.01922895 ,19.0322,50.098
2017,3,2,22,30,-0.072610339,1.668308753,0.01844875 ,160.264,51.6544
2017,3,2,23,0,-0.064662133,1.487455946,0.01819595 ,309.784,69.0664
2017,3,2,23,30,-0.033950942,0.79113815,0.01970115 ,200.928,47.4202
2017,3,2,24,0,-0.052003976,1.204172929,0.02253293 ,240.158,37.9124
2017,3,3,0,30,-0.09374218,2.15297489,0.02295489 ,331.675,49.1474
2017,3,3,1,0,0.031068727,-0.682988053,0.02295895 ,89.6947,16.0735
2017,3,3,1,30,0.050142794,-1.116433657,0.02291634 ,90.5538,30.3327
2017,3,3,2,0,-0.009713887,0.243702545,0.02298255 ,181.369,93.1719
2017,3,3,2,30,-0.141728924,3.243641199,0.02326120 ,200.551,119.1
2017,3,3,3,0,0.02463891,-0.532693815,0.02715419 ,262.576,54.0123
2017,3,3,3,30,0.014535843,-0.302930646,0.02735435 ,173.903,57.7256
2017,3,3,4,0,0.823884804,-18.69500481,0.02539519 ,56.7972,139.12
2017,3,3,4,30,-0.045927956,1.067283648,0.02370365 ,0.842124,90.8061
2017,3,3,5,0,0.014788328,-0.313080453,0.02294155 ,4.40344,45.1095
2017,3,3,5,30,-0.04170172,0.969183751,0.02163275 ,229.9,65.8732
2017,3,3,6,0,0.08722738,-1.96084303,0.02114697 ,10.2508,73.8769
2017,3,3,6,30,0.062618748,-1.403390953,0.01943905 ,184.925,80.4535
2017,3,3,7,0,0.038085858,-0.845832513,0.01955849 ,-3.37718,30.0234
2017,3,3,7,30,0.004084128,-0.072020586,0.02077941 ,-11.644,26.3566
2017,3,3,8,0,0.001403919,-0.009447064,0.02245294 ,-12.2124,34.1453
2017,3,3,8,30,0.023424102,-0.507777575,0.02446743 ,-11.2681,20.1121
2017,3,3,9,0,-0.01923127,0.46137029,0.02439529 ,-8.8141,19.9963
2017,3,3,9,30,0.04392176,-0.972309988,0.02568501 ,20.633,188.369
2017,3,3,10,0,-0.043379821,1.012895082,0.02721408 ,27.4843,151.291
2017,3,3,10,30,-0.098259367,2.261315268,0.02865527 ,46.8938,207.508
2017,3,3,11,0,-0.060477222,1.404367062,0.03019706 ,123.384,195.231
2017,3,3,11,30,-0.050056974,1.16887272,0.03147272 ,185.938,50.7503
2017,3,3,12,0,0.054902035,-1.212980118,0.03450988 ,-11.5111,126.085
2017,3,3,12,30,-0.031459712,0.753737325,0.03890633 ,235.001,237.517
2017,3,3,13,0,0.019411975,-0.40013538,0.04094562 ,218.575,302.196
2017,3,3,13,30,-0.004897829,0.153666375,0.04237738 ,233.372,477.542
2017,3,3,14,0,0.027370831,-0.578275256,0.04364774 ,-5.18303,1.96857
2017,3,3,14,30,0.013595481,-0.26463105,0.04428695 ,191.633,216.545
2017,3,3,15,0,-0.014255411,0.36839893,0.04448593 ,-6.60558,6.47982
2017,3,3,15,30,0.031487483,-0.67138957,0.04407243 ,-6.11882,-53.5383
2017,3,3,16,0,-0.002116881,0.09174115,0.04364115 ,-9.59357,-16.0096
2017,3,3,16,30,-0.002363337,0.095890693,0.04219069 ,62.3252,97.1427
2017,3,3,17,0,-0.040246441,0.95534839,0.04086439 ,-5.20485,485.951
2017,3,3,17,30,0.012705027,-0.249541747,0.03914325 ,-8.17464,21.7228
2017,3,3,18,0,-0.00668019,0.187578388,0.03579039 ,-8.34032,23.2043
2017,3,3,18,30,0.001698786,-0.007388404,0.03121160 ,-2.71595,11.3713
2017,3,3,19,0,0.010142853,-0.200038494,0.03042851 ,-5.81139,13.3859
2017,3,3,19,30,-0.006635388,0.178857594,0.02808759 ,23.0525,26.2782
2017,3,3,20,0,-0.016653912,0.404843447,0.02643145 ,34.4586,39.8249
2017,3,3,20,30,-0.026428797,0.624151106,0.02363311 ,33.1729,47.4764
2017,3,3,21,0,-0.047474907,1.100430216,0.02170022 ,37.4015,48.9829
2017,3,3,21,30,-0.015713462,0.37939843,0.02235543 ,20.8822,26.1275
2017,3,3,22,0,-0.04735652,1.096829439,0.02078944 ,39.8265,39.7111
2017,3,3,22,30,-0.04253056,0.988012104,0.02162810 ,24.4471,37.8571
2017,3,3,23,0,-0.01919012,0.45573212,0.01969212 ,27.4626,42.6056
2017,3,3,23,30,-0.082348871,1.889992146,0.01885215 ,39.1787,37.2056
2017,3,3,24,0,-0.021287637,0.502981773,0.01928177 ,48.3214,44.2124
2017,3,4,0,30,-0.060127342,1.38475867,0.01853867 ,100.209,79.3014
2017,3,4,1,0,-0.035211785,0.818312966,0.01822697 ,96.9993,69.7978
2017,3,4,1,30,-0.19602054,4.470941337,0.01694134 ,266.12,108.056
2017,3,4,2,0,-0.230136652,5.24562592,0.01643592 ,306.002,118.473
2017,3,4,2,30,-0.069123426,1.586823712,0.01619371 ,149.89,68.5832
2017,3,4,3,0,-0.052103439,1.198358066,0.01445807 ,132.572,40.3704
2017,3,4,3,30,-0.059625188,1.368816382,0.01400638 ,158.395,60.0208
2017,3,4,4,0,-0.035177677,0.813196071,0.01388507 ,99.331,65.8368
2017,3,4,4,30,-0.044426335,1.022839664,0.01337966 ,64.3734,34.2427
2017,3,4,5,0,-0.035327399,0.815313866,0.01260087 ,85.8656,67.8028
2017,3,4,5,30,-0.053554449,1.229045411,0.01217541 ,58.2486,20.6042
2017,3,4,6,0,-0.056196809,1.287725857,0.01081586 ,51.1824,29.6511
2017,3,4,6,30,-0.064173622,1.474401835,0.01624184 ,35.1067,16.5058
2017,3,4,7,0,-0.022270424,0.527757297,0.02172630 ,3.23115,5.41492
2017,3,4,7,30,-0.012679985,0.309481738,0.02136574 ,-1.53082,4.46774
2017,3,4,8,0,-0.011815409,0.293037345,0.02456635 ,3.84912,46.111
2017,3,4,8,30,-0.013579462,0.340221236,0.03166724 ,51.1084,3.35164
2017,3,4,9,0,0.007162011,-0.116917194,0.04581881 ,119.46,-7.97062
2017,3,4,9,30,0.02454671,-0.496009364,0.06174364 ,152.309,95.0894
2017,3,4,10,0,0.012267479,-0.21353371,0.06520929 ,-8.81593,23.5511
2017,3,4,10,30,0.007969551,-0.1143075,0.06677750 ,115.263,24.9049
2017,3,4,11,0,0.00676711,-0.084083345,0.06967966 ,123.344,46.8602
2017,3,4,11,30,-0.024503096,0.62656982,0.06980782 ,212.199,-1.95301
2017,3,4,12,0,-0.010954089,0.32081727,0.07191727 ,-17.3682,44.6063
2017,3,4,12,30,-0.046541015,1.13238118,0.07487118 ,98.5488,63.3467
2017,3,4,13,0,-0.034201975,0.85288749,0.07574649 ,214.466,21.3825
2017,3,4,13,30,0.010119835,-0.1533542,0.07658980 ,128.124,48.8794
2017,3,4,14,0,0.007411944,-0.091124376,0.07729062 ,120.831,48.1957
2017,3,4,14,30,-0.037644526,0.93379921,0.07843621 ,169.249,26.6339
2017,3,4,15,0,-0.011565432,0.34189839,0.07910739 ,166.482,12.8964
2017,3,4,15,30,-0.032445756,0.81641922,0.07918322 ,151.9,11.6512
2017,3,4,16,0,-0.001741344,0.11753693,0.07796993 ,115.864,-94.1457
2017,3,4,16,30,-0.036820658,0.91225809,0.07561509 ,75.915,65.0242
2017,3,4,17,0,-0.008693559,0.27217312,0.07463712 ,-5.78728,-0.261372
2017,3,4,17,30,0.017650431,-0.32871243,0.07234257 ,95.6614,23.949
2017,3,4,18,0,-0.013172149,0.37052378,0.07122478 ,166.56,-1.55878
2017,3,4,18,30,-0.034537244,0.850790404,0.06603140 ,167.666,-3.27035
2017,3,4,19,0,0.002614194,-0.00511495,0.05428505 ,-14.603,2.81712
2017,3,4,19,30,-0.01508852,0.397100415,0.05425742 ,168.913,42.4111
2017,3,4,20,0,-0.045871623,1.096772752,0.05447275 ,45.4936,-3.77638
2017,3,4,20,30,0.011207939,-0.204208887,0.05045911 ,95.0899,45.8283
2017,3,4,21,0,0.000126309,0.042801955,0.04567196 ,212.614,66.4551
2017,3,4,21,30,0.105703658,-2.357886358,0.04392364 ,180.786,178.805
2017,3,4,22,0,-0.085521992,1.985567404,0.04232740 ,205.83,76.9961
2017,3,4,22,30,-0.011933664,0.313451195,0.04229320 ,260.889,100.493
2017,3,4,23,0,-0.041323057,0.979248736,0.04030174 ,202.576,105.714
2017,3,4,23,30,0.007613774,-0.13699482,0.03600618 ,93.0096,85.8605
2017,3,4,24,0,-0.047152754,1.106893662,0.03548366 ,134.625,-20.7369
2017,3,5,0,30,0.004439201,-0.067499718,0.03336828 ,69.6651,16.4324
2017,3,5,1,0,-0.092670977,2.135311598,0.02963160 ,351.983,97.3906
2017,3,5,1,30,-0.066581849,1.544445946,0.03156595 ,551.011,147.009
2017,3,5,2,0,-0.072460265,1.67848364,0.03203364 ,328.506,72.5774
2017,3,5,2,30,-0.023182972,0.555202856,0.02843686 ,104.235,56.1425
2017,3,5,3,0,-0.04320202,1.007689666,0.02604867 ,255.371,70.4546
2017,3,5,3,30,-0.032189178,0.754998329,0.02359233 ,110.504,46.5665
2017,3,5,4,0,-0.010176916,0.253061921,0.02182092 ,89.7505,37.6202
2017,3,5,4,30,-0.028442343,0.667771357,0.02150136 ,86.6777,41.4288
2017,3,5,5,0,-0.044281982,1.02695756,0.02077756 ,122.925,38.1116
2017,3,5,5,30,-0.08986666,2.063554368,0.02159437 ,349.933,33.1968
2017,3,5,6,0,-0.035626755,0.831080313,0.02156531 ,70.7941,31.2736
2017,3,5,6,30,-0.028075167,0.664615937,0.02668894 ,136.094,15.1259
2017,3,5,7,0,-0.04533206,1.059947722,0.02990772 ,108.107,53.6547
2017,3,5,7,30,0.071940506,-1.60536055,0.02927945 ,-33.2011,27.1165
2017,3,5,8,0,-0.826481394,18.83395855,0.05455855 ,19.1315,0.622684
2017,3,5,8,30,0.029640119,-0.60126082,0.07222518 ,-44.8331,-8.78868
2017,3,5,9,0,0.014099088,-0.24445023,0.07591077 ,-26.5838,-4.3315
2017,3,5,9,30,0.157986658,-3.51126882,0.07852118 ,-5.36597,9.03597
2017,3,5,10,0,0.112758021,-2.48066272,0.08143728 ,103.51,22.6382
2017,3,5,10,30,0.011441104,-0.17588262,0.08408338 ,110.152,23.5823
2017,3,5,11,0,-0.02280453,0.602934595,0.08476760 ,221.263,253.084
2017,3,5,11,30,-0.01907213,0.51886165,0.08550265 ,192.221,148.595
2017,3,5,12,0,0.006279875,-0.05528158,0.08741042 ,222.257,-70.9925
2017,3,5,12,30,-0.001901232,0.13223693,0.08903693 ,-10.9933,148.595
2017,3,5,13,0,-0.002539377,0.147980905,0.09028091 ,158.752,87.057
2017,3,5,13,30,0.025488392,-0.48624135,0.09290865 ,-14.4764,1.96857
2017,3,5,14,0,0.059163523,-1.25132247,0.09299753 ,188.946,-83.1199
2017,3,5,14,30,0.01718278,-0.29769816,0.09273084 ,174.991,-76.7441
2017,3,5,15,0,0.020669385,-0.37800339,0.09164861 ,132.102,-51.7988
2017,3,5,15,30,0.042305581,-0.86926109,0.09201091 ,115.816,-55.2778
2017,3,5,16,0,0.020066668,-0.36572939,0.09022761 ,-6.37835,60.4776
2017,3,5,16,30,0.123324822,-2.71404988,0.08815012 ,64.752,342.775
2017,3,5,17,0,0.343843529,-7.72765127,0.08519873 ,-12.3536,90.7766
2017,3,5,17,30,0.47359161,-10.678702,0.08229800 ,-28.4029,-29.9034
2017,3,5,18,0,0.59849199,-13.51917525,0.07982475 ,-14.4532,-33.4256
2017,3,5,18,30,-0.927990459,21.16561251,0.07971251 ,-12.9098,39.3458
2017,3,5,19,0,-0.044703158,1.09480639,0.07905639 ,-30.5618,236.219
2017,3,5,19,30,-0.085594169,2.02180826,0.07692826 ,-11.7125,59.7378
2017,3,5,20,0,-0.06927306,1.65450348,0.08047348 ,183.113,126.59
2017,3,5,20,30,-0.068421907,1.63530272,0.08061272 ,91.1564,105.701
2017,3,5,21,0,0.112083788,-2.466526146,0.08025385 ,-4.27106,92.1856
2017,3,5,21,30,0.112083788,-2.46683942,0.07994058 ,4.93653,92.1856
2017,3,5,22,0,0.112083788,-2.4667171,0.08006290 ,-5.63095,92.1856
2017,3,5,22,30,0.112083788,-2.466877984,0.07990202 ,54.6986,92.1856
2017,3,5,23,0,0.09233298,-2.02321477,0.07478523 ,18.5341,87.954
2017,3,5,23,30,0.09233298,-2.02607255,0.07192745 ,-10.3021,87.954
2017,3,5,24,0,0.07679877,-1.67463049,0.07039951 ,24.309,79.6382
2017,3,6,0,30,0.0734967,-1.604499286,0.06550071 ,10.6289,65.8525
2017,3,6,1,0,0.040526961,-0.85590785,0.06495015 ,47.8346,62.3791
2017,3,6,1,30,-0.038748649,0.945413976,0.06496298 ,204.748,65.1133
2017,3,6,2,0,-0.041739788,1.01638507,0.06796907 ,108.263,67.9065
2017,3,6,2,30,-0.061493413,1.469494996,0.07223500 ,109.591,136.189
2017,3,6,3,0,-0.044745847,1.09392052,0.07720052 ,152.29,111.611
2017,3,6,3,30,-0.030082199,0.7648671,0.08133610 ,241.885,62.5411
2017,3,6,4,0,-0.044738366,1.10289296,0.08634296 ,240.044,116.917
2017,3,6,4,30,-0.028552412,0.736169246,0.08739825 ,193.975,69.0287
2017,3,6,5,0,-0.008543705,0.28301044,0.08887944 ,193.326,24.8039
2017,3,6,5,30,-0.031177784,0.796505265,0.08808027 ,79.4212,44.2311
2017,3,6,6,0,-0.016408028,0.460031885,0.08720689 ,42.6681,38.0593
2017,3,6,6,30,-0.00842259,0.285006706,0.09362771 ,27.8951,18.8779
2017,3,6,7,0,0.002913462,0.03468033,0.10088033 ,18.1077,-0.484453
2017,3,6,7,30,0.041842728,-0.84095833,0.10979667 ,8.45582,1.87553
2017,3,6,8,0,-0.016582616,0.49628026,0.11948826 ,30.2923,20.5394
2017,3,6,8,30,0.01159153,-0.13668767,0.12669633 ,53.927,-60.9513
2017,3,6,9,0,0.054625212,-1.10671839,0.13448161 ,80.9165,2.14689
2017,3,6,9,30,0.023039631,-0.38781496,0.13569404 ,131.563,-30.0831
2017,3,6,10,0,0.015498474,-0.20956415,0.14259385 ,150.069,-25.5948
2017,3,6,10,30,0.000399171,0.13476751,0.14383751 ,-10.0919,-63.1438
2017,3,6,11,0,0.008484688,-0.04581162,0.14697838 ,-15.6529,27.5433
2017,3,6,11,30,0.01113651,-0.10027047,0.15277453 ,155.47,6.02187
2017,3,6,12,0,0.01701541,-0.23100905,0.15561695 ,116.853,27.5269
2017,3,6,12,30,0.020882085,-0.31795918,0.15652582 ,136.264,-1.5457
2017,3,6,13,0,0.007486233,-0.01274997,0.15735303 ,191.467,45.3745
2017,3,6,13,30,0.007192202,-0.00201626,0.16140574 ,216.421,18.6296
2017,3,6,14,0,0.005007634,0.04947661,0.16326061 ,149.195,-20.4336
2017,3,6,14,30,0.002715417,0.10338119,0.16508119 ,152.133,-5.51172
2017,3,6,15,0,0.00211248,0.11620141,0.16420141 ,155.369,-4.87115
2017,3,6,15,30,0.035101892,-0.63680417,0.16078483 ,147.418,-21.977
2017,3,6,16,0,0.012398717,-0.12365897,0.15806603 ,113.514,-36.4904
2017,3,6,16,30,0.000160196,0.15195112,0.15559112 ,-16.4572,1.74217
2017,3,6,17,0,0.005921722,0.01762783,0.15218183 ,-14.7449,1.28429
2017,3,6,17,30,0.006224906,0.00878353,0.15022653 ,-17.5978,29.3013
2017,3,6,18,0,0.006661882,-0.00076738,0.15060462 ,-20.0272,25.8097
2017,3,6,18,30,0.016533457,-0.22398866,0.15168634 ,-12.4772,53.2869
2017,3,6,19,0,0.044589612,-0.8609794,0.15219060 ,-31.0544,9.61658
2017,3,6,19,30,0.174492608,-3.81325049,0.15158951 ,196.072,36.3527
2017,3,6,20,0,0.27448861,-6.08592126,0.15103874 ,63.8825,66.855
2017,3,6,20,30,-0.01875605,0.5749342,0.14875720 ,84.5179,36.9533
2017,3,6,21,0,-0.011596855,0.41000448,0.14649948 ,78.5428,15.8109
2017,3,6,21,30,0.049959712,-0.98856827,0.14662173 ,299.693,117.773
2017,3,6,22,0,-0.004988666,0.25616394,0.14281094 ,386.396,72.5433
2017,3,6,22,30,-0.018265866,0.55862313,0.14358413 ,308.281,71.0588
2017,3,6,23,0,-0.043522765,1.13506622,0.14613722 ,340.113,72.8302
2017,3,6,23,30,-0.01834152,0.56354077,0.14678277 ,287.315,73.3475
2017,3,6,24,0,-0.01998142,0.60041392,0.14639392 ,373.814,78.1099
2017,3,7,0,30,0.003269943,0.07155538,0.14585538 ,303.427,77.2875
2017,3,7,1,0,-0.010463466,0.38312599,0.14537399 ,277.72,65.1099
2017,3,7,1,30,-0.04563661,1.18296524,0.14600524 ,364.901,65.2296
2017,3,7,2,0,-0.015732783,0.50270702,0.14522502 ,413.351,68.5209
2017,3,7,2,30,-0.027097705,0.7634092,0.14769220 ,277.952,53.2364
2017,3,7,3,0,-0.098884309,2.40105579,0.15419579 ,364.918,61.1747
2017,3,7,3,30,0.121543737,-2.60864599,0.15308401 ,412.929,93.8972
2017,3,7,4,0,-0.015934921,0.51274027,0.15066527 ,272.775,57.8485
2017,3,7,4,30,0.027255481,-0.47254112,0.14676088 ,265.494,48.9696
2017,3,7,5,0,0.034361468,-0.63878113,0.14198387 ,197.616,35.4207
2017,3,7,5,30,0.028535204,-0.51081297,0.13756703 ,160.333,25.9148
2017,3,7,6,0,0.031481453,-0.57621844,0.13910656 ,118.364,16.9072
2017,3,7,6,30,0.027792491,-0.48013954,0.15136446 ,73.423,11.8189
2017,3,7,7,0,0.038929354,-0.72509687,0.15946013 ,40.7526,14.1318
2017,3,7,7,30,0.012652347,-0.12401647,0.16347153 ,-11.559,4.13605
2017,3,7,8,0,0.023212326,-0.36066758,0.16676542 ,-30.52,3.1985
2017,3,7,8,30,0.003445983,0.0948834,0.17318340 ,-8.8254,42.6073
2017,3,7,9,0,-0.006564312,0.32802571,0.17887071 ,31.8289,22.4753
2017,3,7,9,30,0.009168251,-0.02584701,0.18247499 ,56.4796,12.298
2017,3,7,10,0,0.012271176,-0.08964144,0.18918556 ,-15.1524,-52.1528
2017,3,7,10,30,0.005285777,0.07296427,0.19306827 ,-13.3798,-12.1301
2017,3,7,11,0,0.007714601,0.02206747,0.19735947 ,-23.6871,-2.96334
2017,3,7,11,30,-0.007684982,0.37775726,0.20313826 ,192.299,12.388
2017,3,7,12,0,0.033880306,-0.56038477,0.20944723 ,256.504,0.111529
2017,3,7,12,30,0.023202996,-0.31568522,0.21153578 ,146.411,11.1002
2017,3,7,13,0,0.026949788,-0.39540473,0.21695127 ,109.96,9.51625
2017,3,7,13,30,0.027365638,-0.39949154,0.22231346 ,105.367,12.6791
2017,3,7,14,0,0.027920604,-0.40626621,0.22814879 ,115.71,12.0931
2017,3,7,14,30,0.028812379,-0.42523466,0.22944334 ,101.586,16.7618
2017,3,7,15,0,0.026674197,-0.37630981,0.22978419 ,101.242,13.1127
2017,3,7,15,30,0.035371717,-0.57232736,0.23139264 ,108.057,5.1872
2017,3,7,16,0,0.032522906,-0.50824611,0.23074289 ,62.7909,-23.3983
2017,3,7,16,30,0.002531909,0.17068395,0.22821425 ,-2.35377,6.4437
2017,3,7,17,0,0.006184329,0.08558095,0.22610195 ,-12.9764,35.8436
2017,3,7,17,30,0.006370844,0.0791008,0.22385980 ,-46.9319,2.02768
2017,3,7,18,0,-0.020930892,0.69803107,0.22243707 ,6.4957,-0.364548
2017,3,7,18,30,-0.039325488,1.11509975,0.22154175 ,31.436,-2.5761
2017,3,7,19,0,-0.006858298,0.37668979,0.22085479 ,135.874,17.2806
2017,3,7,19,30,-0.000365446,0.22991393,0.22161023 ,-19.7698,-5.21648
2017,3,7,20,0,0.143365656,-3.03649043,0.22107957 ,-32.2069,8.99173
2017,3,7,20,30,0.021572162,-0.26972037,0.22044463 ,94.5369,14.6758
2017,3,7,21,0,-0.016422155,0.5920877,0.21894170 ,167.004,22.7653
2017,3,7,21,30,-0.035288758,1.01986992,0.21803492 ,177.212,19.8854
2017,3,7,22,0,0.013088882,-0.08066583,0.21674117 ,217.468,62.5168
2017,3,7,22,30,-0.022765229,0.73380952,0.21653552 ,279.66,88.6249
2017,3,7,23,0,-0.034985397,1.00952994,0.21458794 ,317.191,55.8484
2017,3,7,23,30,-0.210774012,5.00058572,0.21135572 ,355.09,23.0111
2017,3,7,24,0,0.007306276,0.04481259,0.21082659 ,358.677,72.6251
2017,3,8,0,30,-0.095364389,2.3795334,0.21265340 ,363.145,30.2653
2017,3,8,1,0,-0.023434797,0.74426597,0.21177797 ,228.99,32.0334
2017,3,8,1,30,-0.03191438,0.93496227,0.20980027 ,189.983,39.1173
2017,3,8,2,0,-0.052568185,1.404122,0.20966200 ,402.091,74.4714
2017,3,8,2,30,-0.01933949,0.64593228,0.20649828 ,351.1,59.1305
2017,3,8,3,0,-0.034351653,0.98489563,0.20435363 ,255.255,43.2973
2017,3,8,3,30,-0.006514536,0.35656664,0.20854264 ,352.008,50.8823
2017,3,8,4,0,0.065842041,-1.28687401,0.20919599 ,182.741,25.895
2017,3,8,4,30,0.018690695,-0.21467731,0.21001469 ,333.139,51.7792
2017,3,8,5,0,0.083172739,-1.67844444,0.21141556 ,172.972,31.1642
2017,3,8,5,30,-0.002138886,0.26025353,0.21165353 ,113.21,18.6082
2017,3,8,6,0,0.020573399,-0.2539937,0.21347730 ,106.172,61.9953
2017,3,8,6,30,0.106051337,-2.19106578,0.21864422 ,91.7875,46.5656
2017,3,8,7,0,0.053534644,-0.99183396,0.22458604 ,45.9925,12.037
2017,3,8,7,30,0.069915166,-1.35988329,0.22873671 ,15.6238,14.7918
2017,3,8,8,0,0.04198444,-0.72171082,0.23226418 ,34.1997,-52.7754
2017,3,8,8,30,-0.508795209,11.79927292,0.23837292 ,36.7199,5.89577
2017,3,8,9,0,0.036803671,-0.59351035,0.24274665 ,98.9517,-132.047
2017,3,8,9,30,0.02024262,-0.21294036,0.24701464 ,137.362,-8.48801
2017,3,8,10,0,-0.005415959,0.3748307,0.25176870 ,166.531,0.147571
2017,3,8,10,30,0.032084346,-0.47302086,0.25600314 ,111.321,-22.1721
2017,3,8,11,0,0.01449751,-0.0692088,0.26020520 ,164.585,276.389
2017,3,8,11,30,0.045674898,-0.77727756,0.26055244 ,209.579,144.19
2017,3,8,12,0,0.037403571,-0.58752564,0.26236236 ,-45.3893,20.8583
2017,3,8,12,30,0.042966523,-0.7078622,0.26842780 ,147.762,135.692
2017,3,8,13,0,-0.07855873,2.05366105,0.26864105 ,142.295,6.36456
2017,3,8,13,30,0.026071172,-0.3177963,0.27459570 ,180.509,38.7865
2017,3,8,14,0,0.024370361,-0.27723317,0.27651283 ,132.125,0.459069
2017,3,8,14,30,0.029844633,-0.40082442,0.27730858 ,128.218,20.6104
2017,3,8,15,0,0.025880653,-0.31011268,0.27795032 ,104.364,2.39822
2017,3,8,15,30,0.031765934,-0.44114282,0.28064618 ,76.881,-23.5861
2017,3,8,16,0,0.014061019,-0.0426759,0.27682010 ,49.7882,-21.3479
2017,3,8,16,30,-0.041685436,1.21984137,0.27266037 ,104.605,22.6649
2017,3,8,17,0,-0.043652947,1.26395428,0.27206728 ,-12.2013,-3.55598
2017,3,8,17,30,0.050207048,-0.87204318,0.26876682 ,67.4103,23.0162
2017,3,8,18,0,-0.093041981,2.37951592,0.26540592 ,97.659,-30.3498
2017,3,8,18,30,0.027056028,-0.35250122,0.26226878 ,-25.9883,1.88762
2017,3,8,19,0,-0.020082203,0.7181683,0.26185830 ,20.3653,-2.17022
2017,3,8,19,30,0.328845801,-7.21420138,0.25786862 ,324.161,-35.9809
2017,3,8,20,0,0.548853111,-12.22908388,0.24201612 ,-84.9236,21.5806
2017,3,8,20,30,-0.057240286,1.52210448,0.22148448 ,100.479,32.614
2017,3,8,21,0,-0.001210275,0.2463832,0.21888320 ,119.174,23.0111
2017,3,8,21,30,-0.005861736,0.34428021,0.21108921 ,208.519,40.7112
2017,3,8,22,0,0.000319953,0.19820895,0.20547895 ,198.563,69.9404
2017,3,8,22,30,-0.055457001,1.46505401,0.20495401 ,371.735,52.1808
2017,3,8,23,0,-0.036233917,1.02518748,0.20187648 ,349.908,71.5515
2017,3,8,23,30,0.000814185,0.17858169,0.19708169 ,298.745,68.1756
2017,3,8,24,0,0.005711838,0.06363396,0.19341896 ,441.366,99.8417
2017,3,9,0,30,-0.031480265,0.90751422,0.19221622 ,402.8,87.0912
2017,3,9,1,0,-0.019030496,0.62109804,0.18868504 ,380.784,62.7617
2017,3,9,1,30,0.053722127,-1.03374252,0.18693748 ,393.226,100.748
2017,3,9,2,0,0.021197681,-0.29353829,0.18811771 ,515.175,78.5734
2017,3,9,2,30,-0.028399609,0.83266555,0.18736655 ,438.969,69.1773
2017,3,9,3,0,-0.075220572,1.89023918,0.18106918 ,361.764,35.0389
2017,3,9,3,30,0.0400829,-0.73162603,0.17914197 ,309.075,68.0234
2017,3,9,4,0,-0.014989102,0.51860898,0.17802498 ,414.177,78.2295
2017,3,9,4,30,0.015127293,-0.1694314,0.17429260 ,235.354,32.5403
2017,3,9,5,0,0.020383452,-0.29022224,0.17293276 ,140.679,22.0157
2017,3,9,5,30,0.054297778,-1.06094,0.17282000 ,65.2849,25.211
2017,3,9,6,0,0.067833053,-1.36797455,0.17333545 ,69.4606,16.626
2017,3,9,6,30,0.053197968,-1.00884134,0.19992866 ,37.8545,71.3729
2017,3,9,7,0,0.084775583,-1.70935673,0.21692327 ,65.8195,23.2823
2017,3,9,7,30,0.062167206,-1.18754733,0.22502267 ,7.80478,5.74331
2017,3,9,8,0,0.055314849,-1.0268081,0.23006190 ,72.8665,-50.8548
2017,3,9,8,30,0.047625862,-0.82865003,0.25350997 ,136.271,-4.46405
2017,3,9,9,0,0.047307229,-0.8005497,0.27437030 ,137.528,50.27
2017,3,9,9,30,0.030855939,-0.41010415,0.29100785 ,122.065,22.7247
2017,3,9,10,0,-0.005269141,0.42888626,0.30916026 ,88.0093,21.0175
2017,3,9,10,30,0.055469324,-0.9415946,0.31878540 ,186.794,34.7418
2017,3,9,11,0,0.025424577,-0.25452084,0.32317916 ,131.733,34.2654
2017,3,9,11,30,0.17445344,-3.63760792,0.32634208 ,-58.1521,10.7255
2017,3,9,12,0,0.201440812,-4.24557656,0.33158344 ,-68.0785,-6.92567
2017,3,9,12,30,0.179831902,-3.7534455,0.33271450 ,255.277,-11.5176
2017,3,9,13,0,0.197571893,-4.15305003,0.33619997 ,241.509,-17.6668
2017,3,9,13,30,-0.069892721,1.92484874,0.33673874 ,226.742,-42.1047
2017,3,9,14,0,0.000378046,0.3301399,0.33872990 ,-30.7333,33.2758
2017,3,9,14,30,-0.036042386,1.1600605,0.34110150 ,182.681,-60.8524
2017,3,9,15,0,0.030600065,-0.35572292,0.33957508 ,121.682,23.6366
2017,3,9,15,30,0.00515806,0.22194354,0.33914554 ,164.881,-15.9626
2017,3,9,16,0,0.043282383,-0.64949836,0.33396864 ,70.9811,19.3215
2017,3,9,16,30,0.007706415,0.1514724,0.32657840 ,40.9637,24.236
2017,3,9,17,0,0.001177668,0.29300867,0.31976777 ,18.0472,57.846
2017,3,9,17,30,0.081422901,-1.53765198,0.31244802 ,-129.629,7.01593
2017,3,9,18,0,0.060590767,-1.0729924,0.30375760 ,-55.008,53.1437
2017,3,9,18,30,0.448629138,-9.89623067,0.29756933 ,-38.2759,-37.8243
2017,3,9,19,0,0.039741778,-0.61483087,0.28818613 ,155.627,-10.5769
2017,3,9,19,30,0.158608959,-3.33657974,0.26735026 ,155.624,13.9878
2017,3,9,20,0,0.005215449,0.13138422,0.24989022 ,112.506,1.32097
2017,3,9,20,30,-0.000192324,0.24647273,0.24210273 ,26.2612,107.527
2017,3,9,21,0,-0.06839154,1.7900687,0.23606870 ,147.429,18.2141
2017,3,9,21,30,-0.000426897,0.2382038,0.22850380 ,162.906,67.2557
2017,3,9,22,0,0.011190687,-0.03166788,0.22260812 ,174.499,57.8487
2017,3,9,22,30,-0.026901333,0.83118979,0.21993479 ,408.621,93.1084
2017,3,9,23,0,-0.256135119,6.02653098,0.20660098 ,190.254,69.7031
2017,3,9,23,30,0.013381505,-0.10337369,0.20068231 ,211.158,53.082
2017,3,9,24,0,-0.016466253,0.56854947,0.19440147 ,359.646,54.348
2017,3,10,0,30,-0.027338,0.80805945,0.18688245 ,154.751,52.7541
2017,3,10,1,0,-0.017151885,0.57078407,0.18105707 ,163.337,35.3522
2017,3,10,1,30,0.019426718,-0.26585809,0.17555791 ,180.956,34.987
2017,3,10,2,0,0.057517549,-1.13634058,0.17057942 ,194.342,111.832
2017,3,10,2,30,0.100849355,-2.12694003,0.16456997 ,192.439,101.295
2017,3,10,3,0,-0.631239831,14.50488735,0.16178735 ,201.074,201.511
2017,3,10,3,30,-0.245041519,5.72765166,0.15979166 ,190.358,52.9704
2017,3,10,4,0,-0.289373672,6.73136476,0.15618476 ,302.514,109.482
2017,3,10,4,30,-0.028039035,0.78847438,0.15136838 ,183.454,56.4276
2017,3,10,5,0,-0.04148431,1.09374564,0.15113464 ,214.15,56.4276
2017,3,10,5,30,-0.050503676,1.29628075,0.14873075 ,126.346,79.8255
2017,3,10,6,0,-0.050503676,1.29379994,0.14624994 ,273.947,56.6966
2017,3,10,6,30,0.017276918,-0.22740933,0.16515867 ,25.8536,57.2347
2017,3,10,7,0,-0.118283917,2.86982442,0.18216442 ,79.2362,33.0296
2017,3,10,7,30,0.00858217,-0.00157514,0.19342986 ,20.5631,22.9076
2017,3,10,8,0,-0.008150212,0.38030366,0.19511366 ,56.3103,110.208
2017,3,10,8,30,0.154797693,-3.30453605,0.21279395 ,96.7211,8.13326
2017,3,10,9,0,0.017664206,-0.17750307,0.22386493 ,127.62,33.4649
2017,3,10,9,30,0.016600352,-0.13890068,0.23829432 ,-51.9519,-65.9119
2017,3,10,10,0,0.014264169,-0.07673735,0.24737465 ,206.913,-43.823
2017,3,10,10,30,0.02328217,-0.27017372,0.25884628 ,-34.2796,8.02959
2017,3,10,11,0,0.009041546,0.0610862,0.26652920 ,249.153,-129.391
2017,3,10,11,30,0.021946555,-0.22651224,0.27215976 ,255.701,-41.2763
2017,3,10,12,0,0.013650582,-0.03512446,0.27504554 ,275.631,3.7349
2017,3,10,12,30,0.007487333,0.10936438,0.27949238 ,275.895,-9.64583
2017,3,10,13,0,0.005276799,0.1604774,0.28037740 ,266.474,-18.4014
2017,3,10,13,30,0.023490205,-0.2536719,0.28007510 ,256.844,7.86485
2017,3,10,14,0,0.011847052,0.0083658,0.27755580 ,249.591,5.75692
2017,3,10,14,30,0.005203698,0.15725313,0.27549213 ,220.699,16.4933
2017,3,10,15,0,0.030468827,-0.42043424,0.27188176 ,123.349,-0.949817
2017,3,10,15,30,0.036920781,-0.5720928,0.26682520 ,119.069,3.28854
2017,3,10,16,0,0.045323258,-0.77047808,0.25936192 ,69.0041,-1.03515
2017,3,10,16,30,0.044170196,-0.75711841,0.24652159 ,96.2717,16.6627
2017,3,10,17,0,0.01890828,-0.19305548,0.23658052 ,41.0662,-5.08835
2017,3,10,17,30,0.007258701,0.06536966,0.23030266 ,-14.7911,18.9499
2017,3,10,18,0,0.069989983,-1.3673788,0.22294120 ,-84.659,-0.390311
2017,3,10,18,30,0.048950563,-0.89467591,0.21758409 ,-56.7558,1.65237
2017,3,10,19,0,0.100620943,-2.0746852,0.21163480 ,-25.5351,6.95856
2017,3,10,19,30,0.168020498,-3.6096794,0.20810060 ,-72.402,4.92567
2017,3,10,20,0,0.038378921,-0.6682733,0.20377670 ,52.8636,26.4195
2017,3,10,20,30,-0.066217886,1.70500448,0.20039448 ,135.15,14.5921
2017,3,10,21,0,-0.042515024,1.15785857,0.19182757 ,301.564,35.6971
2017,3,10,21,30,-0.033602383,0.95119803,0.18768103 ,320.727,41.5003
2017,3,10,22,0,-0.084120274,2.09445366,0.18306366 ,432.844,45.1243
2017,3,10,22,30,-0.0749037,1.87643913,0.17446913 ,324.177,83.1843
2017,3,10,23,0,-0.113390885,2.74513925,0.16865925 ,582.383,83.9584
2017,3,10,23,30,-0.039947261,1.06896285,0.16127685 ,504.062,108.086
2017,3,10,24,0,-0.086966401,2.13499668,0.15893668 ,482.638,51.5007
2017,3,11,0,30,-0.043140142,1.13615616,0.15592116 ,400.584,61.5533
2017,3,11,1,0,0.002416149,0.09857792,0.15347792 ,331.61,54.8299
2017,3,11,1,30,-0.010400795,0.38806131,0.15173331 ,465.921,68.8918
2017,3,11,2,0,-0.028134845,0.79332918,0.15404618 ,523.599,79.4148
2017,3,11,2,30,-0.156151881,3.70225639,0.15415639 ,354.577,65.6653
2017,3,11,3,0,0.047868357,-0.93323109,0.15443891 ,506.07,67.3248
2017,3,11,3,30,-0.057946207,1.46959212,0.15293212 ,566.278,59.7428
2017,3,11,4,0,-0.087737896,2.14805714,0.15446714 ,382.035,48.3475
2017,3,11,4,30,-0.082399483,2.0294995,0.15720950 ,200.232,68.6218
2017,3,11,5,0,0.03857745,-0.71733272,0.15922828 ,153.792,30.2298
2017,3,11,5,30,0.032599923,-0.57868789,0.16205111 ,172.594,36.9952
2017,3,11,6,0,0.03259187,-0.57080039,0.16975561 ,134.89,22.1932
2017,3,11,6,30,0.038931246,-0.71094889,0.17365111 ,102.971,21.4971
2017,3,11,7,0,0.063056208,-1.25501481,0.17775519 ,14.8811,7.5182
2017,3,11,7,30,0.080615318,-1.65350994,0.17824006 ,-28.2822,6.18987
2017,3,11,8,0,0.028352474,-0.46512051,0.17910749 ,-16.6818,43.8199
2017,3,11,8,30,0.02403769,-0.36819266,0.17799434 ,75.1651,78.0599
2017,3,11,9,0,0.051836738,-0.99944671,0.17839329 ,34.9076,-24.7195
2017,3,11,9,30,0.090077027,-1.86888369,0.17785631 ,-46.3536,-58.2164
2017,3,11,10,0,0.046308202,-0.87527858,0.17694142 ,90.4591,11.0661
2017,3,11,10,30,-0.011720523,0.44260138,0.17628638 ,24.2151,35.3925
2017,3,11,11,0,0.018143651,-0.23496873,0.17729327 ,45.2105,42.2295
2017,3,11,11,30,0.024277368,-0.37274982,0.17888318 ,-19.9962,17.7047
2017,3,11,12,0,0.075515439,-1.53711811,0.17875189 ,152.792,11.2905
2017,3,11,12,30,0.032571845,-0.56302105,0.17707995 ,-48.5707,26.5137
2017,3,11,13,0,0.020493345,-0.28961345,0.17603855 ,-45.3896,16.2245
2017,3,11,13,30,-0.034968278,0.96860822,0.17405522 ,234.731,3.9077
2017,3,11,14,0,0.028178503,-0.46718894,0.17308606 ,129.923,21.8376
2017,3,11,14,30,0.031270689,-0.53983225,0.17070375 ,-28.5752,30.7494
2017,3,11,15,0,-0.055943752,1.43989115,0.16873115 ,35.9643,21.426
2017,3,11,15,30,-0.00777397,0.34299625,0.16635525 ,155.674,-7.43294
2017,3,11,16,0,0.042779612,-0.81093474,0.16110826 ,79.1423,41.3369
2017,3,11,16,30,0.016810632,-0.22626646,0.15570654 ,-15.259,26.2913
2017,3,11,17,0,0.015475632,-0.19989605,0.15174295 ,31.0818,1.84174
2017,3,11,17,30,0.009863081,-0.07678939,0.14732061 ,-11.6936,-0.250933
2017,3,11,18,0,0.028867919,-0.51251786,0.14342214 ,211.995,-1.05275
2017,3,11,18,30,-0.154624294,3.65274238,0.13935238 ,193.921,27.1363
2017,3,11,19,0,-0.014800167,0.4715562,0.13526520 ,18.9659,-0.120216
2017,3,11,19,30,-0.053105987,1.33765756,0.13097756 ,113.449,64.4355
2017,3,11,20,0,0.056883365,-1.16639334,0.12611666 ,52.303,20.2588
2017,3,11,20,30,0.173880429,-3.83232671,0.11860329 ,-37.5753,10.4485
2017,3,11,21,0,-0.000937413,0.13774737,0.11644737 ,130.276,25.0205
2017,3,11,21,30,-0.091615617,2.19382261,0.11212261 ,148.927,22.3728
2017,3,11,22,0,-0.020678054,0.57310566,0.10325666 ,303.046,24.9346
2017,3,11,22,30,-0.413990187,9.508010004,0.10128000 ,519.431,23.0111
2017,3,11,23,0,0.109613066,-2.39272482,0.09791518 ,339.806,41.7727
2017,3,11,23,30,0.207003236,-4.60972683,0.09382317 ,376.274,129.644
2017,3,11,24,0,-0.070450768,1.692588864,0.09179886 ,339.845,57.5032
2017,3,12,0,30,-0.033621748,0.849524415,0.08556742 ,387.515,77.6153
2017,3,12,1,0,-0.065338566,1.56723934,0.08260934 ,421.925,96.7667
2017,3,12,1,30,-0.003375567,0.15740065,0.08070065 ,702.162,144.706
2017,3,12,2,0,0.072182561,-1.56132729,0.07881271 ,612.64,107.316
2017,3,12,2,30,0.106647673,-2.345628675,0.07763133 ,492.258,97.6705
2017,3,12,3,0,0.02168606,-0.41659497,0.07615803 ,337.344,78.2701
2017,3,12,3,30,0.096695251,-2.124389936,0.07273006 ,468.574,58.255
2017,3,12,4,0,0.035441077,-0.7360214,0.06927460 ,335.926,73.3545
2017,3,12,4,30,0.190822959,-4.26825812,0.06764188 ,280.478,76.186
2017,3,12,5,0,0.106938139,-2.36691324,0.06294676 ,194.9,74.3477
2017,3,12,5,30,0.159565737,-3.563156954,0.06251305 ,221.361,74.1665
2017,3,12,6,0,0.093451274,-2.06023991,0.06317009 ,117.346,23.0041
2017,3,12,6,30,0.139118691,-3.08951392,0.07155608 ,52.1701,29.1251
2017,3,12,7,0,0.136591637,-3.02837819,0.07527181 ,3.86839,18.2311
2017,3,12,7,30,0.165760144,-3.68472077,0.08169923 ,18.1135,-65.7829
2017,3,12,8,0,0.098750518,-2.15838042,0.08543958 ,70.7414,-14.1236
2017,3,12,8,30,0.064468929,-1.3746771,0.09019290 ,113.801,-26.8141
2017,3,12,9,0,0.014513618,-0.235038834,0.09474117 ,163.449,-0.414951
2017,3,12,9,30,0.051600405,-1.074764025,0.09770598 ,192.446,-1.0536
2017,3,12,10,0,0.077514813,-1.66500905,0.09629095 ,222.17,-2.35194
2017,3,12,10,30,0.073372152,-1.57189128,0.09527872 ,259.602,8.67401
2017,3,12,11,0,0.036919681,-0.74456772,0.09432528 ,263.294,4.98754
2017,3,12,11,30,0.02319371,-0.43259697,0.09441303 ,-14.4854,6.61777
2017,3,12,12,0,0.018981513,-0.33742973,0.09387027 ,264.193,2.03012
2017,3,12,12,30,0.00443568,-0.00704994,0.09373806 ,125.834,0.441105
2017,3,12,13,0,0.017582787,-0.30755842,0.09195958 ,-19.5185,88.5596
2017,3,12,13,30,0.071199818,-1.52700427,0.09080573 ,-65.978,75.7253
2017,3,12,14,0,-0.032804658,0.8353666,0.08997560 ,5.81888,39.6268
2017,3,12,14,30,0.038979569,-0.79754405,0.08815395 ,148.83,25.8328
2017,3,12,15,0,0.137198975,-3.03127318,0.08617682 ,178.854,-86.7201
2017,3,12,15,30,0.096062828,-2.09852215,0.08422785 ,173.663,-46.9297
2017,3,12,16,0,0.0383787,-0.79017599,0.08186901 ,92.2664,24.2852
2017,3,12,16,30,0.026119847,-0.51486504,0.07863296 ,48.7036,41.3813
2017,3,12,17,0,0.120600163,-2.664762526,0.07552747 ,48.6305,-18.6865
2017,3,12,17,30,0.024440821,-0.48264201,0.07270499 ,-16.6797,1.31155
2017,3,12,18,0,0.014185127,-0.253054755,0.06926125 ,-14.0612,-19.612
2017,3,12,18,30,0.037149633,-0.779654735,0.06446327 ,-19.7889,-0.253308
2017,3,12,19,0,0.053832152,-1.164818485,0.05836152 ,-33.6129,-2.38548
2017,3,12,19,30,-0.002537507,0.112328158,0.05467066 ,119.002,1.10773
2017,3,12,20,0,0.052542659,-1.14165893,0.05222107 ,-25.1759,-3.54916
2017,3,12,20,30,0.166583571,-3.736519343,0.04861066 ,-11.8165,11.4077
2017,3,12,21,0,0.244619463,-5.51277085,0.04549915 ,22.59,40.2501
2017,3,12,21,30,0.040482907,-0.877541256,0.04231574 ,45.3845,27.6567
2017,3,12,22,0,0.037422583,-0.810449526,0.03987047 ,144.417,51.1803
2017,3,12,22,30,-0.061558107,1.436896083,0.03816608 ,168.482,32.6056
2017,3,12,23,0,0.013640063,-0.274176677,0.03575432 ,150.98,147.501
2017,3,12,23,30,0.107414767,-2.407120686,0.03356931 ,279.387,68.7532
2017,3,12,24,0,0.084819153,-1.89544091,0.03182909 ,159.077,92.376
2017,3,13,0,30,0.003745251,-0.054447887,0.03065211 ,352.161,43.0094
2017,3,13,1,0,0.046704732,-1.031686198,0.02954380 ,184.912,259.092
2017,3,13,1,30,0.094661109,-2.12308143,0.02781857 ,403.826,140.398
2017,3,13,2,0,0.053562371,-1.190872713,0.02617729 ,466.571,96.8886
2017,3,13,2,30,0.086131091,-1.931726002,0.02535400 ,360.105,64.4046
2017,3,13,3,0,0.07389191,-1.654721483,0.02425852 ,184.11,21.9668
2017,3,13,3,30,0.076694907,-1.71914087,0.02352913 ,141.653,43.0039
2017,3,13,4,0,0.037595146,-0.832361003,0.02188000 ,272.868,34.7508
2017,3,13,4,30,0.053263103,-1.189607224,0.02064278 ,184.375,41.1934
2017,3,13,5,0,-0.013018818,0.315061992,0.01924699 ,138.458,-149.159
2017,3,13,5,30,0.032412441,-0.718293962,0.01818504 ,68.7902,11.8125
2017,3,13,6,0,0.025943499,-0.571325296,0.01816570 ,73.4784,-22.7658
2017,3,13,6,30,0.112640954,-2.53931014,0.02012986 ,62.3184,16.0666
2017,3,13,7,0,0.054273132,-1.212613621,0.02058638 ,49.4776,24.3561
2017,3,13,7,30,0.040915657,-0.909189094,0.02050091 ,23.7581,-100.926
2017,3,13,8,0,0.068079069,-1.52664071,0.02025929 ,42.3594,22.9857
2017,3,13,8,30,0.076638134,-1.720395917,0.02098408 ,120.94,-23.4168
2017,3,13,9,0,0.022267344,-0.484738215,0.02122279 ,-16.3822,28.624
2017,3,13,9,30,0.011335876,-0.236186045,0.02138896 ,-21.4255,25.4119
2017,3,13,10,0,0.08652322,-1.944718946,0.02127105 ,222.449,-68.1381
2017,3,13,10,30,0.051058642,-1.139450368,0.02070963 ,242.835,-177.044
2017,3,13,11,0,0.153615145,-3.47121449,0.01924551 ,175.599,5.4528
2017,3,13,11,30,0.021988452,-0.481709606,0.01791439 ,177.235,0.447714
2017,3,13,12,0,0.016216277,-0.35195289,0.01651511 ,-14.5408,10.7255
2017,3,13,12,30,0.026214733,-0.58080615,0.01484785 ,281.231,-13.1613
2017,3,13,13,0,-0.005672713,0.142074675,0.01317868 ,-17.5085,86.6524
2017,3,13,13,30,9.99E-05,0.009309879,0.01157988 ,-23.3246,-29.8858
2017,3,13,14,0,0.017027249,-0.376879437,0.01001556 ,-11.5542,52.4158
2017,3,13,14,30,-0.000143913,0.011643833,0.00837383 ,-15.9059,-20.4194
2017,3,13,15,0,0.029624099,-0.666337269,0.00678473 ,201.978,20.0136
2017,3,13,15,30,0.011827688,-0.263671945,0.00507806 ,180.723,33.2363
2017,3,13,16,0,0.020626123,-0.465315243,0.00335376 ,-18.488,19.0856
2017,3,13,16,30,0.024765923,-0.561085548,0.00164845 ,42.9341,25.9418
2017,3,13,17,0,0.017501281,-0.397665297,0.00000070 ,49.158,20.4456
2017,3,13,17,30,0.021451134,-0.486850485,0.00056452 ,-9.77436,-1.54354
2017,3,13,18,0,0.022345813,-0.506647491,0.00109651 ,-13.4047,-1.39966
2017,3,13,18,30,0.040476217,-0.918135863,0.00156914 ,-14.5519,1.95095
2017,3,13,19,0,0.003903687,-0.086721403,0.00197860 ,177.641,0.279983
2017,3,13,19,30,0.020721404,-0.468422117,0.00241188 ,163.368,1.74745
2017,3,13,20,0,0.015855879,-0.357453124,0.00282588 ,110.515,2.58
2017,3,13,20,30,0.018535472,-0.418052658,0.00311234 ,49.1268,13.0757
2017,3,13,21,0,-0.067627086,1.540069568,0.00343957 ,210.203,5.77203
2017,3,13,21,30,-0.05620253,1.280764141,0.00372414 ,68.0923,19.8194
2017,3,13,22,0,-0.057657061,1.31418571,0.00409571 ,53.7873,19.9057
2017,3,13,22,30,-1.280585376,29.10210108,0.00450108 ,82.0441,132.898
2017,3,13,23,0,0.012813644,-0.286413473,0.00473953 ,-6.15978,89.7722
2017,3,13,23,30,0.018885923,-0.424291549,0.00483645 ,-11.286,69.021
2017,3,13,24,0,0.018416381,-0.413390255,0.00506875 ,-12.561,40.5
2017,3,14,0,30,0.00092906,-0.015906659,0.00520354 ,-14.4918,55.0091
2017,3,14,1,0,0.013909933,-0.310598002,0.00546500 ,20.3135,65.6919
2017,3,14,1,30,0.056593779,-1.280281636,0.00564836 ,-29.5617,78.5075
2017,3,14,2,0,0.058800001,-1.330090069,0.00596993 ,-12.425,61.4316
2017,3,14,2,30,0.053482712,-1.209059211,0.00618079 ,-43.5272,43.1361
2017,3,14,3,0,0.212996957,-4.833448767,0.00629123 ,-43.8806,269.381
2017,3,14,3,30,0.098146261,-2.223500919,0.00658908 ,34.1073,26.6889
2017,3,14,4,0,0.271186539,-6.155079863,0.00685014 ,240.79,388.307
2017,3,14,4,30,0.000757346,-0.010092827,0.00711567 ,250.344,66.3912
2017,3,14,5,0,0.112742177,-2.554425053,0.00731495 ,11.3751,59.1163
2017,3,14,5,30,0.141156794,-3.199960055,0.00741995 ,193.059,83.3373
2017,3,14,6,0,0.0829166,-1.875918488,0.00812151 ,165.15,55.5295
2017,3,14,6,30,0.009130183,-0.197904713,0.00955229 ,100.465,60.173
2017,3,14,7,0,0.116881758,-2.644969349,0.01083065 ,23.8692,-17.5805
2017,3,14,7,30,0.025427306,-0.566135609,0.01162639 ,20.5538,0.971352
2017,3,14,8,0,0.162451032,-3.678777281,0.01245272 ,-39.6484,-30.9426
2017,3,14,8,30,0.205291247,-4.650648312,0.01400169 ,107.976,-104.225
2017,3,14,9,0,0.172378808,-3.901324413,0.01548559 ,136.96,19.0936
2017,3,14,9,30,0.145211435,-3.282621465,0.01688854 ,183.173,-106.229
2017,3,14,10,0,0.172816708,-3.908162865,0.01859714 ,222.993,-101.144
2017,3,14,10,30,0.167172425,-3.778582016,0.01992798 ,256.613,-88.4306
2017,3,14,11,0,0.141305108,-3.189451966,0.02129803 ,266.932,-45.9575
2017,3,14,11,30,0.131029653,-2.954831211,0.02243879 ,-78.5052,94.7943
2017,3,14,12,0,0.11953028,-2.692360512,0.02361949 ,307.24,13.4042
2017,3,14,12,30,0.083982523,-1.883478914,0.02478109 ,314.42,16.4635
2017,3,14,13,0,0.037575254,-0.827855136,0.02593386 ,306.762,-2.57113
2017,3,14,13,30,0.034875196,-0.765594637,0.02684336 ,134.208,-26.0576
2017,3,14,14,0,0.037766169,-0.8305322,0.02759480 ,-7.98712,53.6122
2017,3,14,14,30,0.039563098,-0.870678359,0.02827864 ,245.646,3.69167
2017,3,14,15,0,-0.010389001,0.265147627,0.02908763 ,123.96,0.0256
2017,3,14,15,30,-0.034127731,0.805021868,0.02956787 ,163.873,4.94573
2017,3,14,16,0,0.052044906,-1.152810977,0.02975902 ,86.0806,28.3116
2017,3,14,16,30,0.024947465,-0.538348146,0.02851085 ,44.3494,23.4989
2017,3,14,17,0,-0.168434192,3.855189197,0.02800920 ,72.5995,169.286
2017,3,14,17,30,0.05250349,-1.165182783,0.02780722 ,-31.1496,5.67825
2017,3,14,18,0,0.037330866,-0.820690872,0.02754513 ,-45.9058,58.3462
2017,3,14,18,30,1.199320911,-27.22383263,0.02726737 ,-184.018,83.9977
2017,3,14,19,0,0.08124026,-1.818895757,0.02705424 ,-29.7875,32.3051
2017,3,14,19,30,0.082733519,-1.852957212,0.02692279 ,193.872,42.2408
2017,3,14,20,0,-0.044418413,1.036059106,0.02677911 ,238.829,47.88
2017,3,14,20,30,0.00975222,-0.194777968,0.02681303 ,31.7201,73.7027
2017,3,14,21,0,0.005617921,-0.100546535,0.02710447 ,54.3571,83.2471
2017,3,14,21,30,-0.040365576,0.944366093,0.02717509 ,118.934,81.9107
2017,3,14,22,0,-0.06544243,1.513746022,0.02675602 ,175.475,64.8879
2017,3,14,22,30,-0.051734195,1.202999673,0.02748967 ,179.162,75.5548
2017,3,14,23,0,-0.11644826,2.673839282,0.02788928 ,270.19,130.02
2017,3,14,23,30,-0.146900979,3.36449179,0.02659179 ,392.685,140.79
2017,3,14,24,0,-0.124186538,2.849134024,0.02735402 ,447.186,142.567
2017,3,15,0,30,-0.110164952,2.530263432,0.02708343 ,311.61,118.097
2017,3,15,1,0,-0.00600402,0.162866947,0.02644295 ,137.177,57.023
2017,3,15,1,30,-0.002638047,0.086250456,0.02630846 ,75.6633,87.8981
2017,3,15,2,0,-0.951553413,21.64759435,0.02629435 ,94.4781,22.353
2017,3,15,2,30,-0.116379604,2.670578169,0.02618817 ,139.419,50.4307
2017,3,15,3,0,-0.205913988,4.704269411,0.02546941 ,31.9768,112.682
2017,3,15,3,30,-0.053113909,1.232110632,0.02525063 ,62.8992,81.864
2017,3,15,4,0,-0.054937243,1.27330224,0.02501224 ,220.571,38.8378
2017,3,15,4,30,-0.046159448,1.074752946,0.02591295 ,-20.6644,38.8378
2017,3,15,5,0,-0.046159448,1.076200346,0.02736035 ,11.4714,38.8378
2017,3,15,5,30,-0.046159448,1.077246186,0.02840619 ,18.4713,38.8378
2017,3,15,6,0,-0.046159448,1.078093136,0.02925314 ,-139.169,38.8378
2017,3,15,6,30,-0.046159448,1.079267862,0.03042786 ,39.7609,38.8378
2017,3,15,7,0,-0.051908035,1.21141137,0.03195137 ,-88.4175,44.9628
2017,3,15,7,30,0.007863883,-0.145786144,0.03289786 ,-49.1838,34.1695
2017,3,15,8,0,0.039345996,-0.859669492,0.03435451 ,-1.48226,18.0607
2017,3,15,8,30,0.028555096,-0.61198036,0.03685164 ,25.7418,25.0699
2017,3,15,9,0,0.049120001,-1.076015248,0.04009475 ,45.5378,8.35471
2017,3,15,9,30,0.036740076,-0.791587162,0.04322484 ,132.694,37.8652
2017,3,15,10,0,0.035057222,-0.751435574,0.04513843 ,-165.304,19.8527
2017,3,15,10,30,0.02675632,-0.560004625,0.04795538 ,189.807,114.183
2017,3,15,11,0,0.03386816,-0.718827128,0.05072887 ,183.045,117.134
2017,3,15,11,30,0.035689689,-0.757038842,0.05390616 ,171.511,112.466
2017,3,15,12,0,0.038213575,-0.812161462,0.05613154 ,190.3,103.432
2017,3,15,12,30,0.019810617,-0.392012387,0.05812661 ,-48.233,95.8249
2017,3,15,13,0,0.024392851,-0.493691003,0.06056600 ,-52.132,-26.0576
2017,3,15,13,30,0.101034637,-2.23403592,0.06168408 ,286.504,273.673
2017,3,15,14,0,0.038927945,-0.82179324,0.06273176 ,91.4283,51.8386
2017,3,15,14,30,0.088193399,-1.94025529,0.06368471 ,261.179,293.671
2017,3,15,15,0,0.102919586,-2.274158685,0.06439132 ,228.31,275.449
2017,3,15,15,30,0.056781702,-1.22592396,0.06427604 ,164.281,206.336
2017,3,15,16,0,0.066129866,-1.43759599,0.06501401 ,131.423,199.414
2017,3,15,16,30,0.113168634,-2.506373736,0.06505626 ,62.504,244.848
2017,3,15,17,0,0.050454824,-1.08285106,0.06358894 ,6.27906,201.261
2017,3,15,17,30,0.043916567,-0.936983613,0.06089339 ,-24.7684,18.597
2017,3,15,18,0,0.068222982,-1.491050228,0.05911977 ,-30.3152,26.7815
2017,3,15,18,30,0.051651896,-1.115934225,0.05770578 ,-43.3304,25.0109
2017,3,15,19,0,0.034360323,-0.724040752,0.05669825 ,-23.9829,28.0693
2017,3,15,19,30,0.025437384,-0.52133074,0.05666026 ,-6.67013,41.1026
2017,3,15,20,0,0.018531775,-0.365429216,0.05565178 ,20.4989,51.0056
2017,3,15,20,30,1.34E-05,0.05474926,0.05505426 ,63.2202,61.8636
2017,3,15,21,0,0.007336907,-0.113180756,0.05352924 ,118.933,97.9944
2017,3,15,21,30,0.003894885,-0.036367736,0.05213226 ,47.533,61.966
2017,3,15,22,0,0.005263772,-0.06813987,0.05146413 ,253.512,133.048
2017,3,15,22,30,-0.007387519,0.219102888,0.05124289 ,151.969,91.3235
2017,3,15,23,0,-0.028099945,0.689107952,0.05061795 ,203.17,100.322
2017,3,15,23,30,-0.01206565,0.323914484,0.04975748 ,86.498,38.8329
2017,3,15,24,0,-0.006631119,0.200252896,0.04957990 ,182.456,70.9479
2017,3,16,0,30,-0.0098747,0.274176974,0.04980297 ,141.041,50.045
2017,3,16,1,0,-0.01890806,0.478686707,0.04905571 ,83.1631,23.1724
2017,3,16,1,30,-0.044644184,1.062624257,0.04821426 ,96.5047,37.0908
2017,3,16,2,0,-0.015902089,0.40979715,0.04846815 ,58.9092,22.7691
2017,3,16,2,30,-0.017052203,0.43672549,0.04926349 ,49.856,44.1949
2017,3,16,3,0,0.00338877,-0.029028133,0.04797187 ,47.0696,31.7411
2017,3,16,3,30,-0.002719818,0.109424268,0.04762427 ,23.7049,25.3492
2017,3,16,4,0,-0.011938769,0.319644272,0.04837027 ,42.7867,17.8988
2017,3,16,4,30,-0.006954372,0.205679144,0.04766114 ,48.8208,14.3596
2017,3,16,5,0,0.003445983,-0.03026139,0.04803861 ,33.0329,18.2245
2017,3,16,5,30,-0.009092818,0.25530284,0.04869484 ,40.9947,19.5085
2017,3,16,6,0,-0.04025247,0.966582843,0.05196184 ,24.7469,12.4919
2017,3,16,6,30,-0.011235269,0.310521916,0.05523292 ,8.89838,12.734
2017,3,16,7,0,-0.001549152,0.094868947,0.05966895 ,4.99779,11.1043
2017,3,16,7,30,-0.002953071,0.12998049,0.06288049 ,33.0596,10.4352
2017,3,16,8,0,0.057506107,-1.23903388,0.06762612 ,50.8815,57.4197
2017,3,16,8,30,0.021115338,-0.407784794,0.07200021 ,110.969,6.00363
2017,3,16,9,0,0.014764563,-0.25998109,0.07550091 ,115.671,6.43972
2017,3,16,9,30,0.035466647,-0.72661747,0.07925953 ,13.3284,59.1582
2017,3,16,10,0,-0.152498611,3.547315464,0.08222546 ,-6.57716,64.8309
2017,3,16,10,30,0.009849746,-0.13854699,0.08526001 ,436.84,190.403
2017,3,16,11,0,0.03004259,-0.59524274,0.08738826 ,405.618,191.736
2017,3,16,11,30,0.046595147,-0.96929853,0.08944147 ,340.775,424.796
2017,3,16,12,0,0.026835009,-0.51931584,0.09043216 ,364.818,420.98
2017,3,16,12,30,0.033138826,-0.66073619,0.09224781 ,346.971,434.963
2017,3,16,13,0,0.006024881,-0.04468848,0.09220952 ,328.571,431.221
2017,3,16,13,30,0.007317851,-0.073168435,0.09310857 ,313.076,468.033
2017,3,16,14,0,0.030680999,-0.60285976,0.09427724 ,386.781,315.538
2017,3,16,14,30,0.02079204,-0.376965725,0.09547328 ,295.874,380.416
2017,3,16,15,0,0.031017984,-0.60855928,0.09623472 ,207.705,408.086
2017,3,16,15,30,0.067318136,-1.43321208,0.09639792 ,154.065,415.918
2017,3,16,16,0,0.039915134,-0.81161179,0.09534421 ,121.986,460.77
2017,3,16,16,30,0.059231299,-1.251056734,0.09480327 ,43.2387,498.693
2017,3,16,17,0,0.030734516,-0.605354056,0.09299894 ,-7.54373,300.673
2017,3,16,17,30,-0.005078974,0.20605609,0.09065109 ,-13.9249,48.2666
2017,3,16,18,0,0.053329998,-1.12205621,0.08971379 ,53.3815,40.1429
2017,3,16,18,30,0.021658113,-0.402431204,0.08968680 ,181.238,67.4486
2017,3,16,19,0,0.04695823,-0.980261956,0.08672804 ,-19.7005,60.3253
2017,3,16,19,30,0.084174846,-1.82766788,0.08496212 ,-10.6783,67.8267
2017,3,16,20,0,-0.006421455,0.230451766,0.08454277 ,1.51479,57.3798
2017,3,16,20,30,0.025498998,-0.49699198,0.08239902 ,20.3281,51.3391
2017,3,16,21,0,0.006199689,-0.06018142,0.08068858 ,43.1859,50.0889
2017,3,16,21,30,0.020470371,-0.38565843,0.07947157 ,62.6589,48.7669
2017,3,16,22,0,0.398962973,-8.98615505,0.07912495 ,66.795,49.2414
2017,3,16,22,30,-0.01017674,0.30892841,0.07769141 ,115.367,45.0666
2017,3,16,23,0,-0.481196538,11.01159258,0.07779258 ,60.6644,223.934
2017,3,16,23,30,-0.027659405,0.70575641,0.07727641 ,141.409,56.5901
2017,3,16,24,0,-0.045736072,1.115678,0.07645800 ,128.375,43.5901
2017,3,17,0,30,0.006100798,-0.06230615,0.07631685 ,99.2728,52.8658
2017,3,17,1,0,-0.010820739,0.32150549,0.07563549 ,191.013,63.2648
2017,3,17,1,30,-0.047237693,1.14847196,0.07513196 ,299.481,102.364
2017,3,17,2,0,-0.038794683,0.95652802,0.07503102 ,269.291,108.301
2017,3,17,2,30,-0.048435205,1.175441225,0.07489123 ,277.089,84.4159
2017,3,17,3,0,-0.021940701,0.57294633,0.07440733 ,247.58,83.3226
2017,3,17,3,30,-0.038151609,0.94113162,0.07424662 ,329.425,117.826
2017,3,17,4,0,-0.01919791,0.50945433,0.07323733 ,248.01,70.5302
2017,3,17,4,30,-0.054275773,1.30612268,0.07286268 ,243.98,52.5465
2017,3,17,5,0,-0.011408184,0.332485415,0.07326742 ,240.266,53.8035
2017,3,17,5,30,-0.005293611,0.193125,0.07284300 ,209.854,69.5948
2017,3,17,6,0,-0.012572337,0.359617504,0.07394750 ,193.117,58.0383
2017,3,17,6,30,0.020421388,-0.38627478,0.07774222 ,85.265,37.1991
2017,3,17,7,0,0.02236443,-0.42593689,0.08223011 ,2.60432,15.5841
2017,3,17,7,30,0.070431404,-1.5125421,0.08780790 ,-18.5526,35.4273
2017,3,17,8,0,0.035382104,-0.71149771,0.09245829 ,47.0096,-139.735
2017,3,17,8,30,0.041395542,-0.84482449,0.09576951 ,75.9114,-127.499
2017,3,17,9,0,0.016905077,-0.28322031,0.10089869 ,-31.7387,34.0189
2017,3,17,9,30,0.022124751,-0.39876172,0.10395928 ,164.872,-20.9711
2017,3,17,10,0,0.033314118,-0.64935253,0.10761447 ,-49.7954,19.5579
2017,3,17,10,30,0.017672524,-0.29135289,0.11020411 ,219.533,-18.1246
2017,3,17,11,0,-0.003850875,0.20197882,0.11447882 ,-18.5886,60.2432
2017,3,17,11,30,0.01947865,-0.326025214,0.11657079 ,314.012,-21.2894
2017,3,17,12,0,0.021369496,-0.366404094,0.11915591 ,329.388,-36.6645
2017,3,17,12,30,-0.002913462,0.18769686,0.12149686 ,-15.2816,-55.3198
2017,3,17,13,0,0.001021032,0.09871993,0.12191993 ,-12.7556,105.026
2017,3,17,13,30,-0.011732626,0.389240184,0.12265018 ,355.752,-3.6194
2017,3,17,14,0,0.029817787,-0.55277572,0.12474728 ,336.593,-2.60434
2017,3,17,14,30,0.03914201,-0.76277456,0.12661444 ,170.907,33.3671
2017,3,17,15,0,0.031735479,-0.59332506,0.12777194 ,101.696,36.7328
2017,3,17,15,30,-0.001223478,0.15644329,0.12864329 ,225.599,-1.78506
2017,3,17,16,0,0.05408917,-1.10226484,0.12675516 ,51.5641,30.2513
2017,3,17,16,30,0.054470297,-1.11123228,0.12644772 ,50.0738,30.9665
2017,3,17,17,0,0.007014886,-0.03773495,0.12165805 ,-13.5464,46.4467
2017,3,17,17,30,0.016032535,-0.24763937,0.11665363 ,-12.4123,1.28756
2017,3,17,18,0,-0.064709223,1.58410637,0.11377637 ,10.1673,-3.40824
2017,3,17,18,30,-0.084980669,2.04293679,0.11199679 ,54.8845,47.1081
2017,3,17,19,0,0.304113061,-6.79971137,0.11037863 ,-7.50488,27.3328
2017,3,17,19,30,0.094604336,-2.04265602,0.10695398 ,9.5006,67.2482
2017,3,17,20,0,0.00049498,0.09295673,0.10420373 ,179.629,64.819
2017,3,17,20,30,0.348641059,-7.82194624,0.09991376 ,137.734,41.1201
2017,3,17,21,0,-0.008595505,0.291265585,0.09595759 ,167.248,41.2466
2017,3,17,21,30,-0.0892536,2.1224462,0.09441620 ,207.172,35.056
2017,3,17,22,0,-0.050796342,1.2466446,0.09244460 ,300.38,66.6035
2017,3,17,22,30,-0.043405479,1.07730823,0.09104423 ,402.047,40.6315
2017,3,17,23,0,-0.065594264,1.580093745,0.08965375 ,434.584,98.8103
2017,3,17,23,30,-0.018901767,0.51779921,0.08831121 ,305.134,76.739
2017,3,17,24,0,0.012699394,-0.200693324,0.08786368 ,99.6098,56.4342
2017,3,18,0,30,-0.034964889,0.88254675,0.08807075 ,351.133,78.9778
2017,3,18,1,0,-0.016726089,0.46600072,0.08594872 ,434.996,91.4759
2017,3,18,1,30,0.026831137,-0.527946204,0.08171380 ,403.528,100.895
2017,3,18,2,0,-0.011230956,0.33388483,0.07869383 ,375.338,79.9
2017,3,18,2,30,-0.030300665,0.765974206,0.07747921 ,318.897,55.6161
2017,3,18,3,0,-0.026584108,0.67931198,0.07526498 ,354.849,66.0499
2017,3,18,3,30,-0.026196512,0.668709825,0.07346983 ,374.001,74.232
2017,3,18,4,0,-0.006564444,0.2211883,0.07203030 ,227.546,54.3385
2017,3,18,4,30,-0.003217131,0.14401237,0.07091237 ,332.252,73.2623
2017,3,18,5,0,0.021161108,-0.41180406,0.06902094 ,178.733,62.0034
2017,3,18,5,30,0.005471059,-0.056051855,0.06826215 ,197.807,46.0802
2017,3,18,6,0,0.02504015,-0.49914915,0.06981585 ,114.676,21.9175
2017,3,18,6,30,0.022048174,-0.426862736,0.07411826 ,40.35,12.9648
2017,3,18,7,0,0.02124684,-0.40550925,0.07726375 ,2.77211,22.2498
2017,3,18,7,30,0.020615164,-0.38927698,0.07914302 ,-4.07409,37.3523
2017,3,18,8,0,0.030591263,-0.61365598,0.08144202 ,59.3167,-85.6069
2017,3,18,8,30,0.032458827,-0.65271335,0.08481965 ,146.35,-68.5457
2017,3,18,9,0,0.014220423,-0.235926284,0.08719172 ,170.448,-27.4257
2017,3,18,9,30,0.01576535,-0.26877714,0.08944486 ,152.092,-22.9192
2017,3,18,10,0,-0.013742299,0.40358934,0.09133534 ,200.221,5.91805
2017,3,18,10,30,0.094955096,-2.063041475,0.09453853 ,270.826,-148.663
2017,3,18,11,0,0.008799667,-0.104404346,0.09554265 ,-11.1949,32.8367
2017,3,18,11,30,0.048435646,-1.008127106,0.09243289 ,311.21,-95.0924
2017,3,18,12,0,0.039882346,-0.814289775,0.09192123 ,154.37,19.3182
2017,3,18,12,30,0.036234445,-0.73205606,0.09126694 ,127.972,24.7574
2017,3,18,13,0,0.039864126,-0.815491724,0.09030528 ,120.749,24.7786
2017,3,18,13,30,0.036776164,-0.74636743,0.08926457 ,160.841,19.813
2017,3,18,14,0,0.03478634,-0.7008333,0.08958570 ,161.036,77.0204
2017,3,18,14,30,0.048178627,-1.00455045,0.09016955 ,140.959,23.7787
2017,3,18,15,0,0.065639155,-1.40229238,0.08916762 ,57.2988,47.2241
2017,3,18,15,30,0.030581009,-0.60703514,0.08782986 ,13.0961,19.4641
2017,3,18,16,0,0.014060315,-0.23230809,0.08717191 ,30.4457,-0.597525
2017,3,18,16,30,0.058344937,-1.24085054,0.08486946 ,77.4866,17.6129
2017,3,18,17,0,0.022048306,-0.42216445,0.07881955 ,62.5796,-24.1524
2017,3,18,17,30,0.034244885,-0.70215193,0.07596407 ,3.67783,30.1011
2017,3,18,18,0,0.01333503,-0.229861145,0.07313886 ,52.9224,49.4279
2017,3,18,18,30,-0.010155704,0.30151078,0.07075178 ,104.002,49.1553
2017,3,18,19,0,0.007319303,-0.097245495,0.06906451 ,89.54,30.9139
2017,3,18,19,30,0.140598747,-3.12734184,0.06735816 ,6.09208,10.2997
2017,3,18,20,0,0.010796929,-0.17985775,0.06547125 ,61.7786,55.3251
2017,3,18,20,30,-0.031082547,0.76932588,0.06306488 ,195.074,66.4216
2017,3,18,21,0,-0.163618178,3.77883442,0.06108442 ,106.99,14.053
2017,3,18,21,30,0.068119998,-1.489107545,0.05872246 ,136.898,21.1067
2017,3,18,22,0,-0.103274306,2.403054045,0.05644405 ,181.533,86.6554
2017,3,18,22,30,0.121841685,-2.71497235,0.05352765 ,313.711,22.8886
2017,3,18,23,0,-0.036030943,0.87004669,0.05134769 ,207.262,61.432
2017,3,18,23,30,0.005368956,-0.072401192,0.04959281 ,362.871,88.4121
2017,3,18,24,0,0.034775514,-0.742416373,0.04775663 ,355.495,79.7017
2017,3,19,0,30,0.032022116,-0.681817122,0.04579288 ,475.513,118.955
2017,3,19,1,0,-0.004075326,0.13673348,0.04413348 ,381.469,87.3132
2017,3,19,1,30,0.069698637,-1.54066388,0.04303612 ,416.854,114.798
2017,3,19,2,0,0.00998094,-0.185262483,0.04152552 ,327.599,80.7776
2017,3,19,2,30,0.043705011,-0.95249986,0.04057014 ,477.283,80.2434
2017,3,19,3,0,0.101211557,-2.261116313,0.03862369 ,181.536,66.5454
2017,3,19,3,30,0.157969934,-3.551761236,0.03764876 ,329.472,107.541
2017,3,19,4,0,0.215221223,-4.853274438,0.03700556 ,355.86,136.561
2017,3,19,4,30,0.177413552,-3.995866007,0.03534399 ,491.418,67.4774
2017,3,19,5,0,0.178629108,-4.024380464,0.03444954 ,374.162,69.6668
2017,3,19,5,30,0.15293255,-3.4407583,0.03419170 ,214.927,44.1811
2017,3,19,6,0,-0.020148526,0.495806706,0.03798971 ,175.326,66.0292
2017,3,19,6,30,0.171687411,-3.859871054,0.04122895 ,25.6048,34.6644
2017,3,19,7,0,0.227800601,-5.133064118,0.04304588 ,-10.3291,81.7837
2017,3,19,7,30,0.146457798,-3.284686947,0.04314305 ,30.7627,50.985
2017,3,19,8,0,0.1043037,-2.32427016,0.04572984 ,85.4667,-173.786
2017,3,19,8,30,0.09594136,-2.130693457,0.04929654 ,145.054,-51.8401
2017,3,19,9,0,0.028513199,-0.594759596,0.05312040 ,-7.85224,34.7658
2017,3,19,9,30,0.043267375,-0.926453185,0.05667282 ,245.057,38.4531
2017,3,19,10,0,0.034427175,-0.725128297,0.05712970 ,167.061,80.5506
2017,3,19,10,30,0.003688038,-0.02532827,0.05847173 ,-7.03448,95.9822
2017,3,19,11,0,0.011586161,-0.204996068,0.05826593 ,339.179,-2.82564
2017,3,19,11,30,0.021087612,-0.42175346,0.05740154 ,124.854,107.151
2017,3,19,12,0,0.021005445,-0.419608865,0.05767914 ,151.576,-0.540826
2017,3,19,12,30,0.021005445,-0.419795576,0.05749242 ,-3.60979,-1.06501
2017,3,19,13,0,-0.0022005,0.10712898,0.05712898 ,351.092,51.2328
2017,3,19,13,30,0.015690049,-0.299809902,0.05670110 ,-17.3702,114.716
2017,3,19,14,0,0.009834431,-0.167215446,0.05624355 ,313.892,90.1646
2017,3,19,14,30,0.028032874,-0.580891112,0.05607489 ,309.038,155.652
2017,3,19,15,0,0.012538977,-0.22911871,0.05579329 ,264.127,66.3822
2017,3,19,15,30,0.016938481,-0.330049613,0.05482839 ,-17.1173,43.0347
2017,3,19,16,0,0.019075914,-0.38010693,0.05333807 ,-6.49868,56.3515
2017,3,19,16,30,0.031434715,-0.662462317,0.05180068 ,106.284,7.63989
2017,3,19,17,0,0.06905081,-1.51856961,0.05041039 ,48.8942,0.879556
2017,3,19,17,30,0.032517713,-0.69005618,0.04881482 ,2.86456,12.5819
2017,3,19,18,0,0.123282132,-2.753895526,0.04733447 ,-60.2918,0.563336
2017,3,19,18,30,-0.067634568,1.58276626,0.04596626 ,272.373,74.7557
2017,3,19,19,0,-0.127061271,2.931971192,0.04487119 ,46.0842,-4.333
2017,3,19,19,30,0.153456269,-3.442795056,0.04405494 ,-17.2933,24.4943
2017,3,19,20,0,0.373848226,-8.451413845,0.04320616 ,54.6444,125.039
2017,3,19,20,30,0.005129498,-0.074257585,0.04229542 ,88.9448,51.0298
2017,3,19,21,0,0.005926651,-0.093479194,0.04118681 ,137.234,19.7745
2017,3,19,21,30,-0.03983574,0.945588603,0.04043660 ,146.94,29.84
2017,3,19,22,0,-0.053039972,1.244598023,0.03941802 ,278.26,52.4961
2017,3,19,22,30,-0.078923573,1.83194098,0.03863098 ,283.273,60.3857
2017,3,19,23,0,0.011529388,-0.22389182,0.03808018 ,334.966,65.4802
2017,3,19,23,30,-0.016110829,0.403496937,0.03742494 ,335.24,116.406
2017,3,19,24,0,-0.060828422,1.418868216,0.03671822 ,425.541,99.5883
2017,3,20,0,30,-0.051779966,1.212840366,0.03629037 ,350.056,82.7533
2017,3,20,1,0,-0.038803441,0.918221752,0.03652575 ,378.802,46.2312
2017,3,20,1,30,-0.044478266,1.046761476,0.03612148 ,490.267,64.2088
2017,3,20,2,0,-0.028949206,0.693560557,0.03577356 ,467.653,174.809
2017,3,20,2,30,-0.007074828,0.195775795,0.03502080 ,245.115,44.916
2017,3,20,3,0,0.018076491,-0.37629213,0.03444387 ,143.751,39.6571
2017,3,20,3,30,-0.004018113,0.125286833,0.03398683 ,72.2852,19.0297
2017,3,20,4,0,0.037387463,-0.815959384,0.03356262 ,52.4641,27.4573
2017,3,20,4,30,1.041126966,-23.62392375,0.03267625 ,70.1226,-91.4773
2017,3,20,5,0,0.028538945,-0.616314255,0.03215075 ,22.9999,31.105
2017,3,20,5,30,-0.043183536,1.01277571,0.03155471 ,24.5484,15.3732
2017,3,20,6,0,-0.034024131,0.80409579,0.03099579 ,248.028,77.4784
2017,3,20,6,30,-0.014562689,0.361819194,0.03092419 ,9.45041,68.8463
2017,3,20,7,0,0.055923067,-1.2392717,0.03141830 ,7.86154,33.2195
2017,3,20,7,30,0.029882526,-0.648113752,0.03088025 ,3.32921,27.4641
2017,3,20,8,0,0.027293902,-0.58981731,0.03035769 ,-5.7677,11.5436
2017,3,20,8,30,0.024736041,-0.5316027,0.03045230 ,22.1717,-73.5685
2017,3,20,9,0,0.029464387,-0.63871989,0.03077311 ,71.4065,56.908
2017,3,20,9,30,0.032651811,-0.711375699,0.03054230 ,-20.158,42.1843
2017,3,20,10,0,0.034335018,-0.749622673,0.03054133 ,242.248,14.9973
2017,3,20,10,30,0.02633576,-0.56843499,0.02996901 ,229.984,-8.68269
2017,3,20,11,0,0.063082614,-1.403474467,0.02989553 ,311.764,-6.5244
2017,3,20,11,30,-0.00448233,0.131190689,0.02934269 ,1.56165,113.484
2017,3,20,12,0,0.052676009,-1.167916142,0.02899386 ,321.904,-10.1005
2017,3,20,12,30,0.012387671,-0.252852108,0.02862189 ,169.008,0.507546
2017,3,20,13,0,-0.010219298,0.260142617,0.02793862 ,-3.22123,134.304
2017,3,20,13,30,0.015039053,-0.314458877,0.02726012 ,-3.86827,104.842
2017,3,20,14,0,-0.022063621,0.528035047,0.02670305 ,298.809,216.331
2017,3,20,14,30,0.005609339,-0.101413084,0.02604292 ,293.029,19.2705
2017,3,20,15,0,0.031385908,-0.687613907,0.02554009 ,152.925,65.7514
2017,3,20,15,30,0.044693035,-0.990656442,0.02486356 ,140.622,38.8885
2017,3,20,16,0,-0.037599239,0.878432147,0.02409815 ,128.19,3.72131
2017,3,20,16,30,-0.109701086,2.515770346,0.02313035 ,70.6105,39.4357
2017,3,20,17,0,0.033196875,-0.732173924,0.02212908 ,32.5079,45.4944
2017,3,20,17,30,0.02831621,-0.62226848,0.02113552 ,4.9414,16.0997
2017,3,20,18,0,-0.043835104,1.016364668,0.02033867 ,10.1726,-1.8877
2017,3,20,18,30,-0.176837901,4.03756516,0.01943516 ,-6.40995,-1.60069
2017,3,20,19,0,0.022055083,-0.482694678,0.01844332 ,83.2082,46.152
2017,3,20,19,30,0.039007383,-0.868491157,0.01783884 ,106.381,-23.1048
2017,3,20,20,0,0.601216209,-13.64379093,0.01710907 ,34.5598,-48.537
2017,3,20,20,30,-0.182569324,4.164638885,0.01627889 ,163.775,2.68375
2017,3,20,21,0,-0.039489205,0.912820869,0.01554287 ,144.907,185.814
2017,3,20,21,30,-0.094992504,2.173145721,0.01471572 ,156.507,78.5846
2017,3,20,22,0,-0.09290423,2.124794515,0.01381452 ,230.627,36.3386
2017,3,20,22,30,-0.173330744,3.951693745,0.01325375 ,289.902,100.415
2017,3,20,23,0,-0.080412872,1.839774564,0.01262456 ,212.18,277.619
2017,3,20,23,30,-0.07155806,1.63781199,0.01186199 ,347.301,45.5585
2017,3,20,24,0,-0.038908097,0.895171386,0.01109739 ,278.348,116.091
2017,3,21,0,30,-0.065848202,1.506461503,0.01025150 ,500.295,124.518
2017,3,21,1,0,-0.076081407,1.738109533,0.00937953 ,320.794,53.2547
2017,3,21,1,30,-0.068652079,1.568341995,0.00842200 ,391.218,76.5893
2017,3,21,2,0,-0.123086728,2.80436423,0.00757423 ,427.572,90.8625
2017,3,21,2,30,-0.091859432,2.094223775,0.00698378 ,608.36,144.866
2017,3,21,3,0,-0.055872015,1.275884487,0.00635449 ,402.457,71.2411
2017,3,21,3,30,-0.121674447,2.770553178,0.00585318 ,434.491,80.016
2017,3,21,4,0,-0.111441242,2.537502633,0.00532263 ,408.771,61.3928
2017,3,21,4,30,-0.098744357,2.248565779,0.00488578 ,444.909,81.1757
2017,3,21,5,0,-0.013164799,0.303430607,0.00429861 ,336.604,50.0111
2017,3,21,5,30,-0.033100009,0.756161731,0.00405973 ,259.867,31.1246
2017,3,21,6,0,-0.021486474,0.492027748,0.00380975 ,211.956,55.5897
2017,3,21,6,30,-0.033022155,0.753824515,0.00349152 ,117.168,45.1019
2017,3,21,7,0,0.00118827,-0.023889227,0.00311077 ,53.4786,11.3703
2017,3,21,7,30,0.014045924,-0.316501475,0.00265153 ,48.0797,54.7006
2017,3,21,8,0,0.070003626,-1.588453762,0.00217624 ,90.2132,-130.107
2017,3,21,8,30,0.057295299,-1.300202481,0.00166752 ,61.6106,-31.15
2017,3,21,9,0,0.041982855,-0.952814121,0.00112488 ,187.484,42.1914
2017,3,21,9,30,0.018066941,-0.409938771,0.00058023 ,226.772,14.2461
2017,3,21,10,0,0.058719022,-1.334219331,0.00000067 ,263.855,129.614
2017,3,21,10,30,0.060282257,-1.36973932,0.00000068 ,298.168,82.2249
2017,3,21,11,0,0.023335686,-0.530235309,0.00000069 ,318.559,45.3991
2017,3,21,11,30,0.015277587,-0.347138314,0.00000069 ,206.271,104.579
2017,3,21,12,0,0.052744225,-1.198459306,0.00000069 ,362.559,40.7186
2017,3,21,12,30,0.023461423,-0.5330923,0.00000070 ,-33.2554,116.532
2017,3,21,13,0,0.011027454,-0.250566303,0.00000070 ,-11.4892,30.8197
2017,3,21,13,30,0.018532039,-0.421086297,0.00000070 ,132.028,114.564
2017,3,21,14,0,0.012606092,-0.286436298,0.00000070 ,291.864,11.2054
2017,3,21,14,30,0.022769542,-0.517371305,0.00000070 ,156.151,65.8794
2017,3,21,15,0,0.025395002,-0.577027302,0.00000070 ,142.468,74.629
2017,3,21,15,30,0.030913196,-0.702412303,0.00000070 ,114.657,71.3706
2017,3,21,16,0,0.025166238,-0.571829308,0.00000069 ,42.4645,45.2746
2017,3,21,16,30,0.102847409,-2.336909315,0.00000069 ,-78.4132,-5.29112
2017,3,21,17,0,0.065271231,-1.483099323,0.00000068 ,40.5367,78.3399
2017,3,21,17,30,0.044299146,-1.006569335,0.00000067 ,-21.966,49.467
2017,3,21,18,0,0.036306842,-0.824967346,0.00000065 ,-27.0398,-1.01069
2017,3,21,18,30,-0.052301924,1.188410643,0.00000064 ,227.871,82.212
2017,3,21,19,0,0.051061282,-1.160219366,0.00000063 ,-48.8638,-1.03295
2017,3,21,19,30,0.040973662,-0.931007372,0.00000063 ,-17.6441,14.4851
2017,3,21,20,0,0.156408019,-3.553919381,0.00000062 ,-34.4082,47.7172
2017,3,21,20,30,-0.038198303,0.867946605,0.00000061 ,175.105,35.144
2017,3,21,21,0,-0.004264569,0.096900604,0.00000060 ,26.7447,29.1372
2017,3,21,21,30,-0.207453018,4.713770601,0.00000060 ,52.393,9.65432
2017,3,21,22,0,-0.033269668,0.7559576,0.00000060 ,60.0587,61.1665
2017,3,21,22,30,-0.017394732,0.395245585,0.00000059 ,102.133,99.1625
2017,3,21,23,0,-0.039057511,0.887469573,0.00000057 ,148.387,36.1876
2017,3,21,23,30,-0.193857449,4.404850551,0.00000055 ,318.09,97.013
2017,3,21,24,0,-0.178785784,4.062390563,0.00000056 ,355.508,254.282
2017,3,22,0,30,-0.170810732,3.881180594,0.00000059 ,415.826,102.204
2017,3,22,1,0,-0.047600776,1.081590594,0.00000059 ,267.454,79.4494
2017,3,22,1,30,-0.143255191,3.255060583,0.00000058 ,435.045,97.2876
2017,3,22,2,0,-0.04321003,0.981823564,0.00000056 ,388.116,116.244
2017,3,22,2,30,-0.084735974,1.925380535,0.00000054 ,481.734,83.4102
2017,3,22,3,0,-0.067831733,1.541280512,0.00000051 ,399.974,88.3013
2017,3,22,3,30,-0.029082204,0.660809513,0.00000051 ,154.391,88.9771
2017,3,22,4,0,-0.030742085,0.698525571,0.00000057 ,267.129,75.1616
2017,3,22,4,30,-0.105892901,2.406110571,0.00000057 ,302.07,68.6663
2017,3,22,5,0,-0.110221725,2.504470583,0.00000058 ,298.567,54.8749
2017,3,22,5,30,-0.08071566,1.834030579,0.00000058 ,311.241,63.4666
2017,3,22,6,0,-0.039386661,0.894948588,0.00000059 ,278.092,115.491
2017,3,22,6,30,-0.020978731,0.476681606,0.00000061 ,65.7246,93.9088
2017,3,22,7,0,0.040936386,-0.930160381,0.00000062 ,29.1511,23.3109
2017,3,22,7,30,0.044737925,-1.016539373,0.00000063 ,13.8149,23.7023
2017,3,22,8,0,0.058644645,-1.33252936,0.00000064 ,89.8825,-72.7992
2017,3,22,8,30,0.081283389,-1.846929342,0.00000066 ,114.873,57.589
2017,3,22,9,0,0.033389023,-0.758668338,0.00000066 ,136.601,-8.61974
2017,3,22,9,30,0.03767102,-0.855964331,0.00000067 ,-11.7247,36.1587
2017,3,22,10,0,0.051444169,-1.168919324,0.00000068 ,-19.3493,59.7972
2017,3,22,10,30,0.019625511,-0.445932315,0.00000069 ,-16.7333,129.062
2017,3,22,11,0,0.027707288,-0.629567308,0.00000069 ,148.115,-3.05852
2017,3,22,11,30,0.073984771,-1.681089309,0.00000069 ,-26.325,121.418
2017,3,22,12,0,0.027707288,-0.629567301,0.00000070 ,182.052,21.5366
2017,3,22,12,30,0.068105475,-1.5474993,0.00000070 ,135.469,46.3625
2017,3,22,13,0,0.151647898,-3.445759292,0.00000071 ,159.482,107.171
2017,3,22,13,30,0.036424348,-0.827637284,0.00000072 ,-6.37728,61.2893
2017,3,22,14,0,0.034883426,-0.79262427,0.00000073 ,-11.2955,63.4577
2017,3,22,14,30,0.035271638,-0.801445272,0.00000073 ,134.262,60.9686
2017,3,22,15,0,0.036424348,-0.827637261,0.00000074 ,119.796,61.2893
2017,3,22,15,30,0.032872037,-0.746921268,0.00000073 ,147.974,-4.4227
2017,3,22,16,0,0.034951906,-0.794180278,0.00000072 ,75.4929,6.45785
2017,3,22,16,30,0.029568867,-0.67186628,0.00000072 ,22.364,10.1135
2017,3,22,17,0,0.03955786,-0.898837285,0.00000072 ,-10.4628,41.2479
2017,3,22,17,30,0.093450834,-2.123399292,0.00000071 ,4.69092,37.6874
2017,3,22,18,0,0.007526766,-0.171023305,0.00000070 ,53.5379,33.3811
2017,3,22,18,30,-0.120240601,2.732120687,0.00000069 ,187.354,34.7376
2017,3,22,19,0,-0.240560861,5.46605068,0.00000068 ,163.368,58.9131
2017,3,22,19,30,-0.077795157,1.767670662,0.00000066 ,140.777,69.4854
2017,3,22,20,0,-0.093948587,2.13471064,0.00000064 ,25.7213,65.9956
2017,3,22,20,30,-0.046195097,1.04965062,0.00000062 ,7.79128,9.19628
2017,3,22,21,0,-0.082830781,1.882090599,0.00000060 ,-5.06419,2.73006
2017,3,22,21,30,0.644209578,-14.63779942,0.00000058 ,96.458,50.6344
2017,3,22,22,0,-0.189890387,4.314710561,0.00000056 ,2.08594,149.463
2017,3,22,22,30,-0.94102182,21.38200055,0.00000055 ,56.7951,100.458
2017,3,22,23,0,-0.000846409,0.019232753,0.00000055 ,150.125,405.067
2017,3,22,23,30,-0.157196678,3.571840535,0.00000054 ,14.3389,433.815
2017,3,22,24,0,-0.022933655,0.521101525,0.00000053 ,15.8799,384.968
2017,3,23,0,30,-0.023922428,0.543568515,0.00000052 ,72.7013,87.5418
2017,3,23,1,0,-0.013128227,0.298301517,0.00000052 ,31.1537,63.5245
2017,3,23,1,30,0.002578986,-0.058599493,0.00000051 ,14.9517,26.3389
2017,3,23,2,0,-0.130021384,2.954360493,0.00000049 ,43.2484,84.1658
2017,3,23,2,30,-0.501687594,11.39940049,0.00000049 ,108.228,121.041
2017,3,23,3,0,-0.135433733,3.077340488,0.00000049 ,64.3755,81.6728
2017,3,23,3,30,-0.01007917,0.229020501,0.00000050 ,83.2841,97.8768
2017,3,23,4,0,0.463227255,-10.52549951,0.00000049 ,59.1311,44.2259
2017,3,23,4,30,-0.034850815,0.791884471,0.00000047 ,89.1803,51.2587
2017,3,23,5,0,-0.022693448,0.515643473,0.00000047 ,69.2967,73.5401
2017,3,23,5,30,-0.048482736,1.101630477,0.00000048 ,22.0061,56.6427
2017,3,23,6,0,-0.02037575,0.46298053,0.00000053 ,207.084,79.2983
2017,3,23,6,30,-0.002801078,0.063646956,0.00000056 ,-5.1577,91.2728
2017,3,23,7,0,0.089935755,-2.0435294,0.00000060 ,-4.32536,34.7711
2017,3,23,7,30,0.055699496,-1.265609363,0.00000064 ,-7.48932,-128.803
2017,3,23,8,0,0.049540297,-1.12565932,0.00000068 ,115.377,50.3737
2017,3,23,8,30,0.046585465,-1.058519301,0.00000070 ,-156.02,14.1334
2017,3,23,9,0,0.053731809,-1.220899294,0.00000071 ,170.653,25.2818
2017,3,23,9,30,0.04629852,-1.051999281,0.00000072 ,194.635,38.7399
2017,3,23,10,0,0.040390045,-0.917746275,0.00000073 ,218.695,69.7019
2017,3,23,10,30,0.025747302,-0.585032263,0.00000074 ,151.535,98.3618
2017,3,23,11,0,0.020175504,-0.458429255,0.00000075 ,296.79,-17.3172
2017,3,23,11,30,0.016658357,-0.378512252,0.00000075 ,188.389,96.097
2017,3,23,12,0,0.039169604,-0.890015244,0.00000076 ,188.356,-4.00884
2017,3,23,12,30,0.03567477,-0.810605238,0.00000076 ,170.256,-4.00884
2017,3,23,13,0,0.034260641,-0.778473235,0.00000077 ,192.525,-0.805901
2017,3,23,13,30,0.01543061,-0.350615233,0.00000077 ,205.546,-9.67927
2017,3,23,14,0,0.010769863,-0.244713227,0.00000077 ,339.794,6.90368
2017,3,23,14,30,0.01701211,-0.386550219,0.00000078 ,219.468,1.66197
2017,3,23,15,0,0.038223521,-0.868518218,0.00000078 ,199.069,-13.8694
2017,3,23,15,30,0.053141195,-1.207479221,0.00000078 ,155.624,-2.95403
2017,3,23,16,0,0.050276584,-1.142389223,0.00000078 ,146.315,28.0013
2017,3,23,16,30,0.054423646,-1.236619234,0.00000077 ,-150.129,10.8206
2017,3,23,17,0,0.032962126,-0.748968251,0.00000075 ,56.1058,-51.1639
2017,3,23,17,30,0.048990172,-1.113159268,0.00000073 ,51.6211,223.71
2017,3,23,18,0,-0.004114077,0.093481218,0.00000072 ,-4.58843,-95.4189
2017,3,23,18,30,-0.15522503,3.527040711,0.00000071 ,323.219,99.1787
2017,3,23,19,0,-0.010733511,0.243888678,0.00000068 ,-17.4707,19.4015
2017,3,23,19,30,0.365842367,-8.312709355,0.00000065 ,146.169,66.6696
2017,3,23,20,0,0.037150777,-0.844143361,0.00000064 ,49.342,86.1528
2017,3,23,20,30,0.00360882,-0.081999371,0.00000063 ,55.5099,82.3315
2017,3,23,21,0,0.005028231,-0.114251381,0.00000062 ,29.6701,70.5517
2017,3,23,21,30,-0.014219587,0.323099616,0.00000062 ,63.9892,76.882
2017,3,23,22,0,-0.037102498,0.843047594,0.00000059 ,86.4387,103.813
2017,3,23,22,30,-0.04282996,0.973187592,0.00000059 ,20.251,47.2151
2017,3,23,23,0,-0.115539013,2.625290591,0.00000059 ,130.257,150.872
2017,3,23,23,30,-0.179247009,4.072870589,0.00000059 ,216.549,129.717
2017,3,23,24,0,-0.075070498,1.705760577,0.00000058 ,59.0844,32.6827
2017,3,24,0,30,-0.123986292,2.817230562,0.00000056 ,192.351,101.063
2017,3,24,1,0,-0.056723169,1.288870558,0.00000056 ,150.316,52.0182
2017,3,24,1,30,-0.052289161,1.188120564,0.00000056 ,153.226,42.3328
2017,3,24,2,0,-0.036460745,0.828465552,0.00000055 ,154.557,161.553
2017,3,24,2,30,-0.034410495,0.781879532,0.00000053 ,211.771,60.3512
2017,3,24,3,0,-0.040868962,0.928629524,0.00000052 ,115.348,175.254
2017,3,24,3,30,-0.081528965,1.852510518,0.00000052 ,188.51,59.9817
2017,3,24,4,0,-0.056996031,1.295070512,0.00000051 ,284.93,46.4912
2017,3,24,4,30,-0.047452902,1.078230499,0.00000050 ,241.423,113.671
2017,3,24,5,0,-0.055502771,1.261140498,0.00000050 ,17.3914,-14.4288
2017,3,24,5,30,-0.142924235,3.247540508,0.00000051 ,140.572,78.345
2017,3,24,6,0,0.019272199,-0.437904436,0.00000056 ,84.9002,67.6015
2017,3,24,6,30,0.009430507,-0.214280399,0.00000060 ,17.7508,34.8698
2017,3,24,7,0,-0.013618983,0.30945264,0.00000064 ,41.8702,15.971
2017,3,24,7,30,0.001579959,-0.035899323,0.00000068 ,51.7875,-72.2452
2017,3,24,8,0,0.02117057,-0.481039289,0.00000071 ,124.728,-24.3444
2017,3,24,8,30,0.017815776,-0.404811256,0.00000074 ,167.004,-17.8099
2017,3,24,9,0,0.064765116,-1.471599235,0.00000077 ,220.664,-10.1308
2017,3,24,9,30,0.013604723,-0.309127235,0.00000077 ,260.223,-11.5927
2017,3,24,10,0,0.04255701,-0.966984232,0.00000077 ,205.993,4.84281
2017,3,24,10,30,0.011613535,-0.263883231,0.00000077 ,316.865,109.082
2017,3,24,11,0,0.008775374,-0.199394226,0.00000077 ,-8.65255,-10.8699
2017,3,24,11,30,0.059427583,-1.350319225,0.00000078 ,250.014,-1.38172
2017,3,24,12,0,0.391769098,-8.901819209,0.00000079 ,265.807,222.679
2017,3,24,12,30,-0.022258366,0.505757787,0.00000079 ,147.037,2.48567
2017,3,24,13,0,0.069942893,-1.589249211,0.00000079 ,117.994,-30.3856
2017,3,24,13,30,0.053598019,-1.217859222,0.00000078 ,163.868,-4.46809
2017,3,24,14,0,0.009027111,-0.205114203,0.00000080 ,133.483,-5.23836
2017,3,24,14,30,0.0505248,-1.148029209,0.00000079 ,210.262,3.60501
2017,3,24,15,0,-0.028847543,0.65547779,0.00000079 ,113.891,27.2555
2017,3,24,15,30,0.045922235,-1.043449215,0.00000079 ,113.891,27.2555
2017,3,24,16,0,-0.01356243,0.308167777,0.00000078 ,117.585,28.0866
2017,3,24,16,30,0.052027742,-1.182179225,0.00000078 ,154.038,2.84854
2017,3,24,17,0,0.044973379,-1.02188924,0.00000076 ,32.4631,-54.5561
2017,3,24,17,30,0.030871299,-0.701460254,0.00000075 ,-3.9194,4.24409
2017,3,24,18,0,-0.014855708,0.337553728,0.00000073 ,54.79,34.4032
2017,3,24,18,30,0.268047746,-6.090609295,0.00000071 ,121.753,37.4102
2017,3,24,19,0,0.132033521,-3.000079325,0.00000068 ,194.721,47.2906
2017,3,24,19,30,0.581306085,-13.20849934,0.00000066 ,194.721,10.2274
2017,3,24,20,0,-0.128481034,2.919360653,0.00000065 ,46.4579,9.96119
2017,3,24,20,30,-0.158264801,3.59611065,0.00000065 ,50.5682,24.291
2017,3,24,21,0,-0.263292466,5.982560637,0.00000064 ,211.247,43.3628
2017,3,24,21,30,-0.731947914,16.63140062,0.00000062 ,480.498,59.9463
2017,3,24,22,0,-0.248250728,5.640780609,0.00000061 ,461.387,90.3083
2017,3,24,22,30,-0.329969816,7.497610611,0.00000061 ,224.066,76.9776
2017,3,24,23,0,-0.056765858,1.289840602,0.00000060 ,147.031,74.0114
2017,3,24,23,30,-0.03511241,0.797828599,0.00000060 ,77.223,44.7325
2017,3,24,24,0,-0.179655422,4.08215059,0.00000059 ,74.7041,254.094
2017,3,25,0,30,-0.050933213,1.15731057,0.00000057 ,257.638,103.953
2017,3,25,1,0,0.003820068,-0.086799442,0.00000056 ,68.8649,31.3648
2017,3,25,1,30,-0.091791657,2.085700549,0.00000055 ,277.542,109.471
2017,3,25,2,0,-0.050333797,1.14369055,0.00000055 ,212.154,53.4601
2017,3,25,2,30,-0.042448305,0.964515537,0.00000054 ,181.6,38.0181
2017,3,25,3,0,-0.002037663,0.046300537,0.00000054 ,249.773,127.418
2017,3,25,3,30,-0.018941376,0.430388531,0.00000053 ,189.098,55.5116
2017,3,25,4,0,-0.003076299,0.069900523,0.00000052 ,111.912,47.6174
2017,3,25,4,30,-0.012070931,0.274277511,0.00000051 ,55.9348,21.0644
2017,3,25,5,0,-0.005531221,0.125681511,0.00000051 ,162.087,53.7575
2017,3,25,5,30,0.014205636,-0.322781466,0.00000053 ,115.562,48.8878
2017,3,25,6,0,-0.004167747,0.094700576,0.00000058 ,94.6025,67.8525
2017,3,25,6,30,-0.005239346,0.119049622,0.00000062 ,130.959,31.1562
2017,3,25,7,0,0.00211248,-0.047999349,0.00000065 ,77.7191,16.6264
2017,3,25,7,30,0.04020045,-0.91343831,0.00000069 ,47.2233,163.926
2017,3,25,8,0,0.041499406,-0.942953282,0.00000072 ,120.673,22.1832
2017,3,25,8,30,0.007374712,-0.167568253,0.00000075 ,185.152,13.5369
2017,3,25,9,0,0.049716777,-1.129669244,0.00000076 ,162.975,8.99692
2017,3,25,9,30,-0.055910304,1.270400768,0.00000077 ,189.389,-7.1593
2017,3,25,10,0,-0.004762322,0.108210767,0.00000077 ,236.335,8.62081
2017,3,25,10,30,-0.328465114,7.463420765,0.00000077 ,380.497,-139.796
2017,3,25,11,0,0.092891907,-2.110699221,0.00000078 ,142.245,31.4533
2017,3,25,11,30,-0.105088838,2.387840775,0.00000078 ,273.505,-22.1195
2017,3,25,12,0,0.010773736,-0.244801221,0.00000078 ,219.934,-2.00223
2017,3,25,12,30,0.022710128,-0.516021214,0.00000079 ,244.946,-1.09233
2017,3,25,13,0,0.068980834,-1.567389217,0.00000078 ,85.5772,2.9999
2017,3,25,13,30,0.07653427,-1.73901922,0.00000078 ,96.5233,2.30774
2017,3,25,14,0,0.041331727,-0.939143212,0.00000079 ,139.686,33.1923
2017,3,25,14,30,0.047118426,-1.070629215,0.00000079 ,108.608,34.9393
2017,3,25,15,0,0.030607811,-0.695473225,0.00000078 ,65.9133,-32.6188
2017,3,25,15,30,0.050296828,-1.142849216,0.00000078 ,173.593,40.4178
2017,3,25,16,0,0.021393085,-0.486095222,0.00000078 ,36.9245,18.2866
2017,3,25,16,30,0.035783167,-0.813068225,0.00000078 ,17.3958,16.2318
2017,3,25,17,0,0.040847089,-0.928131235,0.00000077 ,15.4197,19.4399
2017,3,25,17,30,0.045710106,-1.038629253,0.00000075 ,-12.4825,1.52761
2017,3,25,18,0,0.001987263,-0.045154082,0.00000072 ,59.1551,36.4501
2017,3,25,18,30,-0.15522503,3.527040696,0.00000070 ,323.219,99.1787
2017,3,25,19,0,-0.090841921,2.064120694,0.00000069 ,31.0495,20.6174
2017,3,25,19,30,-0.085401405,1.940500684,0.00000068 ,87.3248,13.5255
2017,3,25,20,0,-0.034654882,0.787432672,0.00000067 ,74.6485,-2.08363
2017,3,25,20,30,-0.173279253,3.93727067,0.00000067 ,222.973,31.0608
2017,3,25,21,0,0.158749351,-3.607119322,0.00000068 ,36.9755,25.2684
2017,3,25,21,30,-0.017871449,0.406077674,0.00000067 ,131.574,83.0635
2017,3,25,22,0,-0.249427555,5.667520676,0.00000068 ,133.522,64.2053
2017,3,25,22,30,-0.300073823,6.818310674,0.00000067 ,67.188,55.4632
2017,3,25,23,0,-0.14228521,3.23302066,0.00000066 ,228.29,95.2359
2017,3,25,23,30,-0.013575413,0.308462649,0.00000065 ,177.575,152.434
2017,3,25,24,0,-0.158161378,3.593760629,0.00000063 ,270.973,90.0761
2017,3,26,0,30,-0.213128107,4.842720622,0.00000062 ,180.142,199.769
2017,3,26,1,0,-0.146762348,3.334750616,0.00000062 ,277.473,76.264
2017,3,26,1,30,-0.06482717,1.473010607,0.00000061 ,287.138,154.088
2017,3,26,2,0,-0.054487901,1.238080604,0.00000060 ,96.0837,97.9543
2017,3,26,2,30,-0.044764772,1.017150612,0.00000061 ,260.957,58.3661
2017,3,26,3,0,-1.499592339,34.0739006,0.00000060 ,182.442,-43.9883
2017,3,26,3,30,-0.06605813,1.500980598,0.00000060 ,-31.3044,109.42
2017,3,26,4,0,-0.267006029,6.066940583,0.00000058 ,-4.11603,106.147
2017,3,26,4,30,-0.060062207,1.364740582,0.00000058 ,180.267,83.8284
2017,3,26,5,0,-1.24759548,28.34800057,0.00000057 ,-8.09616,193.878
2017,3,26,5,30,-0.272985228,6.202800587,0.00000059 ,180.618,176.35
2017,3,26,6,0,-0.05351572,1.215990618,0.00000062 ,-6.93479,92.5884
2017,3,26,6,30,-0.273317063,6.210340655,0.00000066 ,71.8393,187.831
2017,3,26,7,0,0.065026535,-1.477539297,0.00000070 ,-45.1942,21.2251
2017,3,26,7,30,0.017188326,-0.390554274,0.00000073 ,-5.00454,37.1106
2017,3,26,8,0,0.02211058,-0.502398255,0.00000075 ,-21.1144,3.23249
2017,3,26,8,30,1.031774841,-23.44409925,0.00000075 ,167.874,622.246
2017,3,26,9,0,0.030178009,-0.685707245,0.00000076 ,216.785,-77.5246
2017,3,26,9,30,0.058778876,-1.335579246,0.00000075 ,-17.8323,1.27982
2017,3,26,10,0,0.015295587,-0.347547263,0.00000074 ,0.592459,57.8204
2017,3,26,10,30,0.06020568,-1.367999241,0.00000076 ,206.675,4.05688
2017,3,26,11,0,-0.764554923,17.37230076,0.00000076 ,297.848,345.853
2017,3,26,11,30,-0.383711307,8.718730772,0.00000077 ,358.143,347.265
2017,3,26,12,0,0.017873561,-0.40612424,0.00000076 ,25.5872,34.7367
2017,3,26,12,30,0.041284857,-0.938078238,0.00000076 ,350.323,-79.4401
2017,3,26,13,0,0.072388088,-1.644809244,0.00000076 ,101.078,22.0539
2017,3,26,13,30,-0.152796999,3.471870759,0.00000076 ,236.873,-13.7909
2017,3,26,14,0,0.003867304,-0.087872535,0.00000077 ,26.997,36.3559
2017,3,26,14,30,0.017342185,-0.394050237,0.00000076 ,226.036,25.9891
2017,3,26,15,0,0.005597456,-0.127185231,0.00000077 ,26.4485,44.8605
2017,3,26,15,30,0.01764713,-0.400979234,0.00000077 ,65.7906,-5.32794
2017,3,26,16,0,0.003783742,-0.085973824,0.00000078 ,29.0259,35.0406
2017,3,26,16,30,0.060444214,-1.373419233,0.00000077 ,16.3188,22.3302
2017,3,26,17,0,0.062687844,-1.424399248,0.00000075 ,14.4926,6.65898
2017,3,26,17,30,-0.08344208,1.895980725,0.00000073 ,20.5826,8.13922
2017,3,26,18,0,-0.202728104,4.606410706,0.00000071 ,259.164,78.8044
2017,3,26,18,30,-0.090841921,2.064120681,0.00000068 ,31.0495,20.6174
2017,3,26,19,0,-0.090841921,2.064120664,0.00000066 ,31.0495,20.6174
2017,3,26,19,30,-0.094729765,2.15246065,0.00000065 ,105.199,61.8471
2017,3,26,20,0,0.338549566,-7.69255936,0.00000064 ,26.3534,56.6811
2017,3,26,20,30,-0.13172149,2.992990637,0.00000064 ,102.123,94.7852
2017,3,26,21,0,-0.224285522,5.096240611,0.00000061 ,195.86,87.7872
2017,3,26,21,30,-0.339204875,7.707450603,0.00000060 ,350.228,154.258
2017,3,26,22,0,-0.180732346,4.106620595,0.00000060 ,71.641,694.167
2017,3,26,22,30,-0.031241731,0.709878591,0.00000059 ,556.073,163.788
2017,3,26,23,0,-0.120882267,2.746700585,0.00000059 ,238.671,70.2059
2017,3,26,23,30,-0.147728807,3.356710579,0.00000058 ,206.528,315.384
2017,3,26,24,0,-0.302442441,6.87213058,0.00000058 ,414.59,103.355
2017,3,27,0,30,0.040383356,-0.917594417,0.00000058 ,322.133,145.918
2017,3,27,1,0,-0.013883351,0.315459593,0.00000059 ,226.537,100.961
2017,3,27,1,30,-0.043745984,0.994001588,0.00000059 ,167.753,100.093
2017,3,27,2,0,-0.149696494,3.401420599,0.00000060 ,517.044,144.352
2017,3,27,2,30,-0.047887281,1.088100593,0.00000059 ,403.494,204.469
2017,3,27,3,0,0.014550234,-0.330611416,0.00000058 ,235.64,139.363
2017,3,27,3,30,-0.045076362,1.024230577,0.00000058 ,133.366,65.2943
2017,3,27,4,0,-0.026278151,0.597095574,0.00000057 ,145.658,79.0599
2017,3,27,4,30,-0.008511314,0.193395571,0.00000057 ,176.542,119.265
2017,3,27,5,0,-0.039684433,0.901714557,0.00000056 ,63.3477,39.5871
2017,3,27,5,30,-0.039808277,0.904528554,0.00000055 ,124.8,52.0275
2017,3,27,6,0,-0.002319327,0.052700578,0.00000058 ,130.588,120.667
2017,3,27,6,30,0.01331034,-0.302438408,0.00000059 ,54.2417,87.8263
2017,3,27,7,0,0.031545752,-0.716785388,0.00000061 ,23.081,25.8932
2017,3,27,7,30,0.041884977,-0.951714361,0.00000064 ,3.18401,14.6754
2017,3,27,8,0,0.021206483,-0.481855345,0.00000066 ,21.9741,30.7073
2017,3,27,8,30,0.030325619,-0.689061314,0.00000069 ,129.934,-101.87
2017,3,27,9,0,-0.002866235,0.065127608,0.00000071 ,30.0941,38.6849
2017,3,27,9,30,0.071724417,-1.629729258,0.00000074 ,103.465,29.8981
2017,3,27,10,0,-0.167553112,3.80716077,0.00000077 ,230.042,-20.5018
2017,3,27,10,30,0.014795766,-0.336190242,0.00000076 ,107.517,13.0981
2017,3,27,11,0,-0.104353431,2.371130762,0.00000076 ,242.835,-10.4751
2017,3,27,11,30,-0.191377485,4.348500776,0.00000078 ,264.919,-14.1256
2017,3,27,12,0,-0.184644835,4.195520779,0.00000078 ,149.654,23.7791
2017,3,27,12,30,-0.058570268,1.330840783,0.00000078 ,349.502,-47.3984
2017,3,27,13,0,0.093338168,-2.120839211,0.00000079 ,163.246,39.3126
2017,3,27,13,30,0.083470686,-1.896629206,0.00000079 ,258.953,-2.32757
2017,3,27,14,0,-0.238164956,5.411610789,0.00000079 ,17.8341,0.442067
2017,3,27,14,30,0.039984053,-0.90852121,0.00000079 ,193.149,46.7445
2017,3,27,15,0,0.00680377,-0.154595209,0.00000079 ,91.0623,-90.6044
2017,3,27,15,30,-0.005251757,0.119331791,0.00000079 ,71.9834,-54.5561
2017,3,27,16,0,0.006685823,-0.151915207,0.00000079 ,81.5229,-54.5561
2017,3,27,16,30,0.022729581,-0.516463209,0.00000079 ,81.5229,-18.5077
2017,3,27,17,0,0.046726297,-1.061719218,0.00000078 ,-26.1361,30.7073
2017,3,27,17,30,-0.032696525,0.742934766,0.00000077 ,-0.956716,22.944
2017,3,27,18,0,-0.056889527,1.292650748,0.00000075 ,-8.1088,0.0675
2017,3,27,18,30,-0.079631694,1.809400736,0.00000074 ,6.52796,1.67432
2017,3,27,19,0,-0.025947416,0.589580719,0.00000072 ,12.7752,6.61737
2017,3,27,19,30,-0.081624027,1.854670709,0.00000071 ,164.523,3.94421
2017,3,27,20,0,-0.092927555,2.111510709,0.00000071 ,18.2003,16.428
2017,3,27,20,30,-0.222081062,5.046150703,0.00000070 ,261.69,-3.02981
2017,3,27,21,0,0.424337819,-9.641849311,0.00000069 ,-34.2943,43.2872
2017,3,27,21,30,0.548690274,-12.46739932,0.00000068 ,41.2555,93.1305
2017,3,27,22,0,0.10474292,-2.379979344,0.00000066 ,216.311,137.907
2017,3,27,22,30,-0.271789036,6.175620638,0.00000064 ,144.704,99.9186
2017,3,27,23,0,-0.152345456,3.461610623,0.00000062 ,204.869,64.4926
2017,3,27,23,30,-0.122779978,2.789820617,0.00000062 ,251.978,91.9778
2017,3,27,24,0,-0.084752258,1.925750607,0.00000061 ,430.374,154.329
2017,3,28,0,30,-0.032381458,0.735775594,0.00000059 ,363.679,154.921
2017,3,28,1,0,-0.057451534,1.305420583,0.00000058 ,106.642,30.1449
2017,3,28,1,30,-0.01278759,0.290561574,0.00000057 ,383.815,141.132
2017,3,28,2,0,-0.031614231,0.718342565,0.00000057 ,283.618,75.7019
2017,3,28,2,30,0.080092479,-1.819869438,0.00000056 ,137.924,95.6539
2017,3,28,3,0,0.053347162,-1.212159447,0.00000055 ,371.995,146.755
2017,3,28,3,30,0.006721207,-0.152719456,0.00000054 ,364.55,141.057
2017,3,28,4,0,0.057177792,-1.299199456,0.00000054 ,249.078,113.198
2017,3,28,4,30,0.019645316,-0.446382462,0.00000054 ,188.766,110.977
2017,3,28,5,0,0.063621736,-1.445619459,0.00000054 ,284.924,161.886
2017,3,28,5,30,0.080219668,-1.822759446,0.00000055 ,213.269,122.481
2017,3,28,6,0,0.044063692,-1.001219418,0.00000058 ,92.6411,55.0775
2017,3,28,6,30,0.021737375,-0.493918373,0.00000063 ,119.112,107.491
2017,3,28,7,0,0.113803699,-2.585859353,0.00000065 ,-12.3199,17.4273
2017,3,28,7,30,0.088314427,-2.00668934,0.00000066 ,50.4652,52.0443
2017,3,28,8,0,0.074502329,-1.69284932,0.00000068 ,81.7295,19.8194
2017,3,28,8,30,0.022043509,-0.500874308,0.00000069 ,150.497,-49.7148
2017,3,28,9,0,0.020638005,-0.46893829,0.00000071 ,151.565,-76.2403
2017,3,28,9,30,0.008590444,-0.195192266,0.00000073 ,-20.3329,57.1141
2017,3,28,10,0,0.052979238,-1.203799247,0.00000075 ,179.808,12.754
2017,3,28,10,30,0.052004857,-1.181659234,0.00000077 ,-9.99597,-7.90895
2017,3,28,11,0,0.098910275,-2.247449215,0.00000079 ,244.176,-10.831
2017,3,28,11,30,0.012075596,-0.274382204,0.00000080 ,-5.63108,52.1926
2017,3,28,12,0,0.036398779,-0.827056183,0.00000082 ,197.874,-39.8214
2017,3,28,12,30,0.054238364,-1.23240918,0.00000082 ,192.642,-11.088
2017,3,28,13,0,0.121102757,-2.751709186,0.00000081 ,273.985,-121.57
2017,3,28,13,30,0.273218921,-6.208109201,0.00000080 ,255.738,167.424
2017,3,28,14,0,0.22431853,-5.096989228,0.00000077 ,127.679,-140.622
2017,3,28,14,30,0.027480592,-0.624416238,0.00000076 ,20.7559,30.7452
2017,3,28,15,0,0.284724015,-6.469529246,0.00000075 ,40.4333,-103.41
2017,3,28,15,30,0.416836754,-9.471409238,0.00000076 ,13.3078,22.9774
2017,3,28,16,0,0.027480592,-0.624416234,0.00000077 ,20.7559,30.7452
2017,3,28,16,30,0.030015348,-0.682011239,0.00000076 ,52.4581,22.6416
2017,3,28,17,0,0.046579744,-1.058389249,0.00000075 ,-11.0188,29.6609
2017,3,28,17,30,0.939666312,-21.35119926,0.00000074 ,-102.092,6.21977
2017,3,28,18,0,-0.04164257,0.94620773,0.00000073 ,78.9447,43.017
2017,3,28,18,30,0.065257148,-1.482779281,0.00000072 ,-13.1299,13.3052
2017,3,28,19,0,0.041223859,-0.936692284,0.00000072 ,-11.2451,10.0593
2017,3,28,19,30,-0.115821557,2.631710711,0.00000071 ,139.551,71.9764
2017,3,28,20,0,-0.177069834,4.023400712,0.00000071 ,122.094,43.8746
2017,3,28,20,30,-0.111497135,2.533450711,0.00000071 ,87.9266,50.0011
2017,3,28,21,0,-0.242642093,5.513340716,0.00000072 ,156.261,61.256
2017,3,28,21,30,-0.166558926,3.784570715,0.00000072 ,114.032,47.0483
2017,3,28,22,0,-0.065084189,1.478850715,0.00000072 ,165.07,84.0374
2017,3,28,22,30,-0.110846227,2.518660714,0.00000071 ,125.523,50.8638
2017,3,28,23,0,-0.153099788,3.478750714,0.00000071 ,165.954,44.3274
2017,3,28,23,30,-0.269904528,6.132800712,0.00000071 ,319.644,125.829
2017,3,28,24,0,-0.040475953,0.91969971,0.00000071 ,195.882,143.768
2017,3,29,0,30,-0.077612075,1.76351071,0.00000071 ,215.33,121.269
2017,3,29,1,0,0.037478828,-0.851597292,0.00000071 ,87.6109,86.3453
2017,3,29,1,30,-0.084442867,1.918720704,0.00000070 ,253.541,87.6336
2017,3,29,2,0,-0.067796085,1.540470699,0.00000070 ,169.471,163.901
2017,3,29,2,30,-0.165095153,3.751310694,0.00000069 ,183.944,85.0233
2017,3,29,3,0,0.113752647,-2.584699307,0.00000069 ,306.929,77.3925
2017,3,29,3,30,-0.025925807,0.589089692,0.00000069 ,202.542,51.6443
2017,3,29,4,0,-0.1315877,2.989950689,0.00000069 ,56.2945,62.3575
2017,3,29,4,30,-0.06517749,1.480970681,0.00000068 ,171.427,52.1327
2017,3,29,5,0,-0.255198146,5.79864068,0.00000068 ,114.759,37.3654
2017,3,29,5,30,-0.084286192,1.915160683,0.00000068 ,58.7863,15.704
2017,3,29,6,0,-0.022890789,0.52012769,0.00000069 ,89.7122,22.5981
2017,3,29,6,30,-0.010873639,0.247072695,0.00000070 ,41.1839,15.8679
2017,3,29,7,0,-0.04972998,1.129970704,0.00000070 ,66.8298,38.4519
2017,3,29,7,30,-0.00939279,0.213424712,0.00000071 ,17.7263,6.45082
2017,3,29,8,0,0.024073734,-0.54700527,0.00000073 ,-10.9639,9.28392
2017,3,29,8,30,0.040723113,-0.925314262,0.00000074 ,71.4608,12.0773
2017,3,29,9,0,0.099889057,-2.269689254,0.00000075 ,120.703,1.36631
2017,3,29,9,30,0.109864804,-2.496359247,0.00000075 ,177.767,-10.4945
2017,3,29,10,0,0.350392216,-7.96164923,0.00000077 ,239.653,-96.3087
2017,3,29,10,30,0.214162782,-4.866229231,0.00000077 ,308.512,8.79688
2017,3,29,11,0,0.170618848,-3.876819231,0.00000077 ,234.273,-111.079
2017,3,29,11,30,0.087407821,-1.986089223,0.00000078 ,321.47,2.07173
2017,3,29,12,0,0.256176489,-5.820869224,0.00000078 ,-48.766,51.0298
2017,3,29,12,30,0.133734507,-3.03872923,0.00000077 ,293.476,-99.1219
2017,3,29,13,0,0.204258332,-4.641179219,0.00000078 ,259.18,-2.62111
2017,3,29,13,30,0.136879462,-3.110189219,0.00000078 ,223.844,11.0918
2017,3,29,14,0,0.013409583,-0.304693214,0.00000079 ,318.135,87.9297
2017,3,29,14,30,0.170278651,-3.869089212,0.00000079 ,255.402,-136.036
2017,3,29,15,0,0.02733888,-0.621196211,0.00000079 ,357.652,-175.292
2017,3,29,15,30,0.223944005,-5.088479214,0.00000079 ,226.524,-131.341
2017,3,29,16,0,0.240835923,-5.472299207,0.00000079 ,166.967,-51.3258
2017,3,29,16,30,0.222709964,-5.060439218,0.00000078 ,146.224,-42.1832
2017,3,29,17,0,0.214190949,-4.866869232,0.00000077 ,52.7564,-54.0002
2017,3,29,17,30,0.097248017,-2.209679243,0.00000076 ,36.4752,-26.4725
2017,3,29,18,0,0.035208,-0.799999253,0.00000075 ,-23.8607,4.20614
2017,3,29,18,30,0.157488025,-3.57845926,0.00000074 ,-23.8697,22.5893
2017,3,29,19,0,-0.15174604,3.447990728,0.00000073 ,16.3739,46.5589
2017,3,29,19,30,-0.155736427,3.538660702,0.00000070 ,49.3237,34.6174
2017,3,29,20,0,-0.218176934,4.95744068,0.00000068 ,55.4998,27.9481
2017,3,29,20,30,-0.173909036,3.951580666,0.00000067 ,63.9264,34.7509
2017,3,29,21,0,-0.220608927,5.012700658,0.00000066 ,119.568,45.1376
2017,3,29,21,30,-0.28848511,6.554990636,0.00000064 ,213.29,71.5493
2017,3,29,22,0,-0.327675575,7.445480632,0.00000063 ,285.308,88.9399
2017,3,29,22,30,-0.108585873,2.467300609,0.00000061 ,138.294,56.8686
2017,3,29,23,0,-0.255497414,5.805440613,0.00000061 ,204.208,56.0142
2017,3,29,23,30,-0.584096319,13.2719006,0.00000060 ,461.855,153.325
2017,3,29,24,0,-0.419858041,9.540060623,0.00000062 ,375.827,113.197
2017,3,30,0,30,-0.340412949,7.734900602,0.00000060 ,254.428,66.1541
2017,3,30,1,0,-0.625267674,14.20740059,0.00000059 ,616.196,152.947
2017,3,30,1,30,-0.48736674,11.07400058,0.00000058 ,443.555,134.809
2017,3,30,2,0,-0.353167927,8.024720584,0.00000058 ,361.381,105.857
2017,3,30,2,30,-0.568199907,12.91070057,0.00000057 ,541.043,154.09
2017,3,30,3,0,-0.346471806,7.872570572,0.00000057 ,212.219,118.522
2017,3,30,3,30,-0.381569781,8.670070554,0.00000055 ,230.221,119.72
2017,3,30,4,0,-0.463297671,10.52710054,0.00000054 ,272.408,174.782
2017,3,30,4,30,-0.311955203,7.088280548,0.00000055 ,231.102,86.3371
2017,3,30,5,0,-0.282305666,6.414580531,0.00000053 ,166.224,89.4349
2017,3,30,5,30,-0.275744215,6.265490572,0.00000057 ,109.038,101.012
2017,3,30,6,0,-0.177592673,4.035280623,0.00000062 ,77.1201,25.6709
2017,3,30,6,30,-0.145281411,3.301100631,0.00000063 ,39.101,21.3294
2017,3,30,7,0,-0.113397926,2.576640656,0.00000066 ,-1.27246,32.8994
2017,3,30,7,30,0.051304658,-1.16574931,0.00000069 ,102.543,56.119
2017,3,30,8,0,-0.074868492,1.701170735,0.00000074 ,172.573,-5.37617
2017,3,30,8,30,0.023181959,-0.526742252,0.00000075 ,194.286,30.7285
2017,3,30,9,0,0.072148674,-1.639369246,0.00000075 ,244.683,18.7132
2017,3,30,9,30,0.085974855,-1.953529243,0.00000076 ,293.72,-12.7078
2017,3,30,10,0,0.05523079,-1.254959233,0.00000077 ,342.995,16.4117
2017,3,30,10,30,0.022247231,-0.505503226,0.00000077 ,385.771,59.7343
2017,3,30,11,0,0.006724904,-0.152803219,0.00000078 ,414.702,18.4133
2017,3,30,11,30,0.009819555,-0.223120209,0.00000079 ,438.377,-127.381
2017,3,30,12,0,-0.002768229,0.062900792,0.00000079 ,-10.7419,151.826
2017,3,30,12,30,0.017290693,-0.392880201,0.00000080 ,437.485,18.4117
2017,3,30,13,0,0.038371835,-0.871888196,0.00000080 ,453.538,-133.288
2017,3,30,13,30,-0.082795133,1.881280805,0.00000081 ,464.226,13.648
2017,3,30,14,0,-0.13933566,3.166000806,0.00000081 ,380.17,64.815
2017,3,30,14,30,0.027108576,-0.615963194,0.00000081 ,354.667,34.3913
2017,3,30,15,0,0.022845767,-0.5191032,0.00000080 ,255.498,-1.06549
2017,3,30,15,30,0.024503756,-0.556776191,0.00000081 ,166.945,31.3341
2017,3,30,16,0,0.062167646,-1.412579194,0.00000081 ,114.459,53.3518
2017,3,30,16,30,0.039225761,-0.891291193,0.00000081 ,138.972,59.0308
2017,3,30,17,0,0.023165148,-0.526360206,0.00000079 ,103.982,48.2014
2017,3,30,17,30,0.009116407,-0.207143218,0.00000078 ,44.3414,47.5867
2017,3,30,18,0,-0.035135428,0.798351762,0.00000076 ,-9.76384,50.1185
2017,3,30,18,30,-0.173386637,3.93971073,0.00000073 ,218.296,90.9639
2017,3,30,19,0,0.121182415,-2.753519304,0.00000070 ,-42.1817,7.77096
2017,3,30,19,30,0.618714585,-14.05849932,0.00000068 ,-44.764,31.4882
2017,3,30,20,0,0.237340649,-5.39287932,0.00000068 ,59.2867,35.8617
2017,3,30,20,30,-0.12485461,2.836960665,0.00000067 ,93.395,27.3168
2017,3,30,21,0,-0.241178321,5.480080647,0.00000065 ,137.63,84.4891
2017,3,30,21,30,-0.142620126,3.240630645,0.00000065 ,94.1881,36.7435
2017,3,30,22,0,-0.208274684,4.732440636,0.00000064 ,134.127,38.2203
2017,3,30,22,30,-0.153312356,3.483580623,0.00000062 ,87.9248,34.0914
2017,3,30,23,0,-0.366935576,8.337550608,0.00000061 ,294.996,155.307
2017,3,30,23,30,-0.402854777,9.153710598,0.00000060 ,429.404,104.334
2017,3,30,24,0,-0.313780297,7.129750595,0.00000060 ,348.284,48.1714
2017,3,31,0,30,-0.351954572,7.997150591,0.00000059 ,272.842,88.2337
2017,3,31,1,0,-0.351835304,7.994440583,0.00000058 ,277.306,70.1273
2017,3,31,1,30,-0.232829624,5.290380571,0.00000057 ,273.735,118.766
2017,3,31,2,0,-0.378118076,8.591640568,0.00000057 ,336.29,134.732
2017,3,31,2,30,-0.421946315,9.587510553,0.00000055 ,423.96,112.52
2017,3,31,3,0,-0.404127106,9.182620547,0.00000055 ,356.289,137.202
2017,3,31,3,30,-0.206906854,4.701360542,0.00000054 ,167.452,53.723
2017,3,31,4,0,-0.244892325,5.564470537,0.00000054 ,193.75,86.4156
2017,3,31,4,30,-0.235007679,5.33987053,0.00000053 ,201.59,90.2656
2017,3,31,5,0,-0.248849264,5.65438052,0.00000052 ,153.509,130.089
2017,3,31,5,30,-0.265856488,6.040820588,0.00000059 ,158.972,26.7947
2017,3,31,6,0,-0.162711131,3.697140615,0.00000062 ,95.8704,48.3408
2017,3,31,6,30,-0.006946274,0.157834643,0.00000064 ,33.2294,25.1945
2017,3,31,7,0,-0.184693686,4.196630663,0.00000066 ,47.0491,25.7135
2017,3,31,7,30,-0.071845005,1.632470691,0.00000069 ,52.3553,61.9537
2017,3,31,8,0,-0.025176625,0.572066724,0.00000072 ,140.761,68.5085
2017,3,31,8,30,0.000589734,-0.013399245,0.00000076 ,202.698,-145.308
2017,3,31,9,0,0.010629471,-0.241523211,0.00000079 ,269.693,-49.9198
2017,3,31,9,30,-0.0013203,0.030000821,0.00000082 ,321.93,-27.8411
2017,3,31,10,0,0.041865173,-0.951264157,0.00000084 ,362.405,-127.523
2017,3,31,10,30,0.019633829,-0.446121154,0.00000085 ,298.157,49.6579
2017,3,31,11,0,0.038045853,-0.864481143,0.00000086 ,323.364,29.2356
2017,3,31,11,30,0.005080118,-0.115430138,0.00000086 ,446.023,-145.975
2017,3,31,12,0,0.024936506,-0.566609131,0.00000087 ,388.903,67.5847
2017,3,31,12,30,-0.000598536,0.013600872,0.00000087 ,-5.31975,73.4295
2017,3,31,13,0,0.026885313,-0.610890126,0.00000087 ,451.305,-76.5071
2017,3,31,13,30,0.034922947,-0.79352212,0.00000088 ,323.098,13.648
2017,3,31,14,0,0.002328129,-0.052899112,0.00000089 ,-6.6186,40.5653
2017,3,31,14,30,0.018838789,-0.428056108,0.00000089 ,289.427,10.8402
2017,3,31,15,0,-0.000712962,0.016200894,0.00000089 ,308.43,-35.4228
2017,3,31,15,30,0.042254881,-0.960119108,0.00000089 ,232.783,-11.5754
2017,3,31,16,0,0.007871321,-0.178852108,0.00000089 ,167.595,23.5716
2017,3,31,16,30,0.057249528,-1.300829116,0.00000088 ,133.637,72.2416
2017,3,31,17,0,0.003317483,-0.075379329,0.00000087 ,68.827,36.7434
2017,3,31,17,30,-0.052131165,1.184530854,0.00000085 ,41.4692,49.0237
2017,3,31,18,0,-0.02392498,0.543626829,0.00000083 ,17.7463,-2.62259
2017,3,31,18,30,-0.089614482,2.036230793,0.00000079 ,15.8653,-6.83032
2017,3,31,19,0,-0.176330026,4.006590754,0.00000075 ,216.811,99.0401
2017,3,31,19,30,-0.176870469,4.018870721,0.00000072 ,215.962,99.4962
2017,3,31,20,0,-0.176870469,4.018870711,0.00000071 ,215.168,21.2433
2017,3,31,20,30,-0.44133228,10.02800071,0.00000071 ,47.0736,61.2552
2017,3,31,21,0,-0.346856013,7.881300697,0.00000070 ,358.009,100.806
2017,3,31,21,30,-0.313671153,7.127270697,0.00000070 ,311.751,37.1564
2017,3,31,22,0,-0.249808242,5.676170681,0.00000068 ,293.226,49.6018
2017,3,31,22,30,-0.376414009,8.552920677,0.00000068 ,390.81,72.1171
2017,3,31,23,0,-0.395559239,8.987940659,0.00000066 ,497.016,90.3982
2017,3,31,23,30,-0.260556364,5.920390658,0.00000066 ,323.546,65.765
2017,3,31,24,0,-0.324216829,7.366890648,0.00000065 ,535.984,113.639
2017,4,1,0,30,-0.403822997,9.175710652,0.00000065 ,661.609,117.346
2017,4,1,1,0,-0.419026692,9.52117064,0.00000064 ,588.643,124.825
2017,4,1,1,30,-0.286000305,6.498530637,0.00000064 ,411.975,78.7836
2017,4,1,2,0,-0.306801632,6.971180634,0.00000063 ,450.073,82.9616
2017,4,1,2,30,-0.32505654,7.385970618,0.00000062 ,532.374,97.1151
2017,4,1,3,0,-0.425037137,9.657740616,0.00000062 ,563.707,111.363
2017,4,1,3,30,-0.390212905,8.866460611,0.00000061 ,473.26,121.699
2017,4,1,4,0,-0.203949822,4.634170616,0.00000062 ,350.128,82.6218
2017,4,1,4,30,-0.322894769,7.336850609,0.00000061 ,406.206,112.952
2017,4,1,5,0,-0.238355519,5.4159406,0.00000060 ,213.387,99.1095
2017,4,1,5,30,-0.180160216,4.093620621,0.00000062 ,309.834,84.2981
2017,4,1,6,0,-0.149856691,3.405060689,0.00000069 ,161.11,56.1319
2017,4,1,6,30,-0.079960449,1.816870714,0.00000071 ,155.572,72.0459
2017,4,1,7,0,-0.066128106,1.502570735,0.00000074 ,-18.4805,51.3065
2017,4,1,7,30,0.006484565,-0.147342239,0.00000076 ,66.7435,28.4382
2017,4,1,8,0,0.028624192,-0.650401206,0.00000079 ,155.999,9.8266
2017,4,1,8,30,0.035081735,-0.797130175,0.00000083 ,204.161,12.493
2017,4,1,9,0,0.050317073,-1.143309141,0.00000086 ,264.673,12.2837
2017,4,1,9,30,0.005838851,-0.132670108,0.00000089 ,324.171,-4.66084
2017,4,1,10,0,0.022450205,-0.510115092,0.00000091 ,287.577,2.13936
2017,4,1,10,30,0.033323316,-0.757175087,0.00000091 ,-36.6532,71.7031
2017,4,1,11,0,0.013862314,-0.314980073,0.00000093 ,442.766,387.453
2017,4,1,11,30,0.037487894,-0.851803065,0.00000094 ,320.387,24.2795
2017,4,1,12,0,0.026755968,-0.607951063,0.00000094 ,353.855,64.857
2017,4,1,12,30,0.026755968,-0.607951059,0.00000094 ,353.855,64.857
2017,4,1,13,0,0.026755968,-0.607951058,0.00000094 ,353.855,64.857
2017,4,1,13,30,0.03087768,-0.701605054,0.00000095 ,318.862,19.383
2017,4,1,14,0,0.03504974,-0.796403051,0.00000095 ,310.99,-1.65663
2017,4,1,14,30,-0.015863096,0.360443953,0.00000095 ,392.742,684.149
2017,4,1,15,0,0.059188609,-1.344889044,0.00000096 ,276.582,10.3302
2017,4,1,15,30,0.012934671,-0.293902059,0.00000094 ,290.783,-89.754
2017,4,1,16,0,0.015270722,-0.346982067,0.00000093 ,219.557,396.098
2017,4,1,16,30,0.007193787,-0.163457069,0.00000093 ,51.1711,53.8429
2017,4,1,17,0,0.01052772,-0.239211087,0.00000091 ,38.9779,45.5902
2017,4,1,17,30,0.004573871,-0.103927101,0.00000090 ,44.945,68.1753
2017,4,1,18,0,-0.005491744,0.124784887,0.00000089 ,-8.04251,0.431413
2017,4,1,18,30,-0.178806469,4.062860877,0.00000088 ,204.026,103.711
2017,4,1,19,0,-0.183240476,4.163610871,0.00000087 ,207.185,103.995
2017,4,1,19,30,0.309568981,-7.034059142,0.00000086 ,-9.45442,12.931
2017,4,1,20,0,0.31229496,-7.095999152,0.00000085 ,206.417,21.1055
2017,4,1,20,30,-0.069751449,1.584900826,0.00000083 ,143.368,24.9499
2017,4,1,21,0,-0.170126376,3.865630827,0.00000083 ,178.782,55.9875
2017,4,1,21,30,-0.099456879,2.259870869,0.00000087 ,306.716,95.6145
2017,4,1,22,0,-0.193162971,4.389070867,0.00000087 ,226.901,90.5043
2017,4,1,22,30,-0.661668345,15.03450086,0.00000086 ,456.575,45.4885
2017,4,1,23,0,-0.350204294,7.95738084,0.00000084 ,401.16,107.449
2017,4,1,23,30,-0.347921495,7.905510829,0.00000083 ,479.593,124.295
2017,4,1,24,0,-0.300578178,6.829770814,0.00000081 ,407.41,83.1321
2017,4,2,0,30,-0.235148511,5.343070806,0.00000081 ,391.956,97.3428
2017,4,2,1,0,-0.259287116,5.891550797,0.00000080 ,479.873,123.572
2017,4,2,1,30,-0.317001389,7.202940786,0.00000079 ,551.255,136.349
2017,4,2,2,0,-0.312518971,7.101090776,0.00000078 ,579.455,152.055
2017,4,2,2,30,-0.175397014,3.985390768,0.00000077 ,475.468,104.948
2017,4,2,3,0,-0.266330476,6.051590758,0.00000076 ,551.606,132.566
2017,4,2,3,30,-0.284502645,6.464500753,0.00000075 ,633.662,191.74
2017,4,2,4,0,-0.168781431,3.835070749,0.00000075 ,304.99,90.7761
2017,4,2,4,30,-0.160229848,3.640760744,0.00000074 ,315.121,110.16
2017,4,2,5,0,-0.169080699,3.84187074,0.00000074 ,299.468,91.1418
2017,4,2,5,30,-0.134093629,3.046890747,0.00000075 ,256.145,102.99
2017,4,2,6,0,-0.099313406,2.256610758,0.00000076 ,152.488,83.55
2017,4,2,6,30,-0.060005875,1.363460776,0.00000078 ,49.5693,43.324
2017,4,2,7,0,-0.040834502,0.927846785,0.00000079 ,-11.3836,222.6
2017,4,2,7,30,-0.01688074,0.383566796,0.00000080 ,20.7523,327.048
2017,4,2,8,0,0.041514017,-0.943285188,0.00000081 ,120.876,230.018
2017,4,2,8,30,0.077492808,-1.760799177,0.00000082 ,188.562,131.536
2017,4,2,9,0,0.154668744,-3.514399161,0.00000084 ,245.669,112.168
2017,4,2,9,30,0.03146781,-0.715014154,0.00000085 ,-158.105,-14.1398
2017,4,2,10,0,0.091493709,-2.078929145,0.00000086 ,50.9918,-7.50095
2017,4,2,10,30,0.031347927,-0.712290137,0.00000086 ,307.488,22.2157
2017,4,2,11,0,0.027415809,-0.622944125,0.00000088 ,456.967,179.984
2017,4,2,11,30,0.019790989,-0.449692118,0.00000088 ,373.554,8.89214
2017,4,2,12,0,0.02363227,-0.536974115,0.00000089 ,-36.7608,48.1106
2017,4,2,12,30,0.057329186,-1.302639103,0.00000090 ,499.829,123.14
2017,4,2,13,0,0.078189486,-1.776629095,0.00000091 ,-41.0311,49.7015
2017,4,2,13,30,0.118394822,-2.690179085,0.00000092 ,451.856,266.194
2017,4,2,14,0,0.093422668,-2.122759078,0.00000092 ,425.524,164.589
2017,4,2,14,30,0.158784999,-3.607929068,0.00000093 ,390.449,127.074
2017,4,2,15,0,0.022048878,-0.500996068,0.00000093 ,353.57,18.565
2017,4,2,15,30,0.061794441,-1.404099065,0.00000094 ,296.205,32.476
2017,4,2,16,0,0.033946277,-0.771330066,0.00000093 ,-30.3447,4.35532
2017,4,2,16,30,0.030845069,-0.70086407,0.00000093 ,-30.2375,37.5371
2017,4,2,17,0,0.02650489,-0.602246084,0.00000092 ,116.223,73.8684
2017,4,2,17,30,-0.000271852,0.006177934,0.00000089 ,48.226,67.7048
2017,4,2,18,0,0.029807093,-0.67727914,0.00000086 ,-24.0756,59.6284
2017,4,2,18,30,0.009110422,-0.207007181,0.00000082 ,-13.5071,105.935
2017,4,2,19,0,0.032596403,-0.740658213,0.00000079 ,-22.1573,7.32931
2017,4,2,19,30,0.539663823,-12.26229923,0.00000077 ,7.75455,90.9411
2017,4,2,20,0,-0.019127098,0.434608756,0.00000076 ,45.5268,149.244
2017,4,2,20,30,-0.210450979,4.781890746,0.00000075 ,163.226,71.7714
2017,4,2,21,0,-0.269842914,6.131400734,0.00000073 ,250.25,110.215
2017,4,2,21,30,-0.319256462,7.254180725,0.00000073 ,219.509,27.4246
2017,4,2,22,0,-0.384977915,8.747510713,0.00000071 ,209.194,27.4246
2017,4,2,22,30,-0.30085236,6.836000716,0.00000072 ,187.767,90.5225
2017,4,2,23,0,-0.388132112,8.819180706,0.00000071 ,240.499,73.6306
2017,4,2,23,30,-0.502272927,11.4127007,0.00000070 ,529.753,140.815
2017,4,2,24,0,-0.278798509,6.334890692,0.00000069 ,333.112,103.516
2017,4,3,0,30,-0.668393073,15.18730069,0.00000069 ,750.517,200.431
2017,4,3,1,0,-0.317239484,7.208350684,0.00000068 ,229.503,84.3538
2017,4,3,1,30,-0.501150672,11.38720067,0.00000067 ,385.419,160.531
2017,4,3,2,0,-0.278327162,6.324180669,0.00000067 ,132.081,91.9363
2017,4,3,2,30,-0.297203491,6.753090667,0.00000067 ,184.858,73.6407
2017,4,3,3,0,-0.229166231,5.207140666,0.00000067 ,223.662,73.0462
2017,4,3,3,30,-0.243389823,5.530330662,0.00000066 ,102.438,75.6907
2017,4,3,4,0,-0.159684124,3.628360659,0.00000066 ,71.675,55.2183
2017,4,3,4,30,-0.170212636,3.867590672,0.00000067 ,56.37,49.9245
2017,4,3,5,0,-0.323391641,7.348140675,0.00000068 ,222.761,102.553
2017,4,3,5,30,-0.342414524,7.780380695,0.00000070 ,316.307,83.7987
2017,4,3,6,0,-0.208156298,4.729750744,0.00000074 ,154.63,60.0206
2017,4,3,6,30,-0.311204832,7.071230791,0.00000079 ,225.595,100.715
2017,4,3,7,0,-0.107376918,2.439830793,0.00000079 ,68.5628,44.1507
2017,4,3,7,30,-0.03475747,0.789763817,0.00000082 ,88.8153,37.9766
2017,4,3,8,0,0.006242202,-0.141835135,0.00000087 ,93.4032,83.3136
2017,4,3,8,30,0.02446978,-0.556004119,0.00000088 ,200.742,-164.12
2017,4,3,9,0,0.010857531,-0.246705101,0.00000090 ,-8.43699,-34.1709
2017,4,3,9,30,0.119585732,-2.717239094,0.00000091 ,286.821,-44.5401
2017,4,3,10,0,0.11006725,-2.500959079,0.00000092 ,387.808,-72.8021
2017,4,3,10,30,-0.06099742,1.385990941,0.00000094 ,296.712,-4.67931
2017,4,3,11,0,0.112232982,-2.550169041,0.00000096 ,286.636,-10.0784
2017,4,3,11,30,0.012354487,-0.280719026,0.00000097 ,448.348,-31.7774
2017,4,3,12,0,-0.036758208,0.835224983,0.00000098 ,344.397,53.4395
2017,4,3,12,30,-0.019457349,0.442112987,0.00000099 ,486.783,8.61407
2017,4,3,13,0,0.032261178,-0.733041005,0.00000100 ,315.389,42.9533
2017,4,3,13,30,0.108952476,-2.475628996,0.00000100 ,303.529,3.35485
2017,4,3,14,0,0.091427254,-2.077418989,0.00000101 ,282.379,-1.05802
2017,4,3,14,30,0.001725192,-0.039198992,0.00000101 ,353.092,14.5313
2017,4,3,15,0,-0.034906487,0.793150003,0.00000100 ,216.812,-0.111613
2017,4,3,15,30,0.053322956,-1.211609004,0.00000100 ,185.186,-2.61574
2017,4,3,16,0,0.040134743,-0.911945005,0.00000100 ,123.935,43.0221
2017,4,3,16,30,0.01968915,-0.447378016,0.00000098 ,63.6716,49.8189
2017,4,3,17,0,0.026834173,-0.609728029,0.00000097 ,61.9567,64.7686
2017,4,3,17,30,0.012440307,-0.282669044,0.00000096 ,29.7102,4.04658
2017,4,3,18,0,0.011400174,-0.259035075,0.00000093 ,-22.8838,61.187
2017,4,3,18,30,-0.088827143,2.018340908,0.00000091 ,62.6799,92.1241
2017,4,3,19,0,-0.108354821,2.462050883,0.00000088 ,155.817,25.3489
2017,4,3,19,30,0.165985916,-3.771549148,0.00000085 ,206.711,149.42
2017,4,3,20,0,-0.011798597,0.268089836,0.00000084 ,109.543,10.1379
2017,4,3,20,30,-0.067056277,1.523660814,0.00000081 ,160.929,101.782
2017,4,3,21,0,-0.122967901,2.794090807,0.00000081 ,320.423,62.4177
2017,4,3,21,30,-0.225663035,5.127540802,0.00000080 ,400.157,49.4421
2017,4,3,22,0,-0.181304476,4.119620791,0.00000079 ,245.956,36.8923
2017,4,3,22,30,-0.273911198,6.223840785,0.00000079 ,412.666,60.1452
2017,4,3,23,0,-0.153422381,3.486080788,0.00000079 ,246.439,38.2132
2017,4,3,23,30,-0.196026701,4.454140775,0.00000078 ,289.823,65.3556
2017,4,3,24,0,-0.207591649,4.716920772,0.00000077 ,291.462,95.7486
2017,4,4,0,30,-0.380389433,8.643250787,0.00000079 ,589.254,98.0434
2017,4,4,1,0,-0.311559553,7.079290792,0.00000079 ,355.656,56.6159
2017,4,4,1,30,-0.343694775,7.809470769,0.00000077 ,443.669,118.647
2017,4,4,2,0,-0.290306244,6.59637076,0.00000076 ,465.668,96.287
2017,4,4,2,30,-0.380830413,8.653270749,0.00000075 ,481.998,56.1099
2017,4,4,3,0,-0.350742976,7.969620739,0.00000074 ,482.41,69.6499
2017,4,4,3,30,-0.285043528,6.476790734,0.00000073 ,360.077,78.512
2017,4,4,4,0,-0.267914836,6.087590734,0.00000073 ,412.194,119.668
2017,4,4,4,30,-0.262403464,5.96236073,0.00000073 ,304.493,70.0288
2017,4,4,5,0,-0.174393586,3.962590735,0.00000074 ,222.028,49.44
2017,4,4,5,30,-0.1716368,3.899950751,0.00000075 ,209.791,66.6826
2017,4,4,6,0,-0.130747549,2.970860784,0.00000078 ,173.619,57.8779
2017,4,4,6,30,-0.154636617,3.513670826,0.00000083 ,151.714,12.0723
2017,4,4,7,0,-0.10522967,2.391040867,0.00000087 ,-9.13428,56.0322
2017,4,4,7,30,-0.028232283,0.641497876,0.00000088 ,77.0312,348.247
2017,4,4,8,0,-0.011300844,0.25677988,0.00000088 ,101.377,22.5774
2017,4,4,8,30,0.007592341,-0.172513109,0.00000089 ,191.629,205.43
2017,4,4,9,0,0.008216843,-0.186703112,0.00000089 ,213.47,70.7481
2017,4,4,9,30,0.001654776,-0.037599106,0.00000089 ,311.533,25.6081
2017,4,4,10,0,-0.029958267,0.680715897,0.00000090 ,326.591,-144.618
2017,4,4,10,30,0.056751775,-1.289519087,0.00000091 ,403.643,115.377
2017,4,4,11,0,0.028146507,-0.639547079,0.00000092 ,306.827,11.786
2017,4,4,11,30,0.030472656,-0.69240206,0.00000094 ,302.704,40.3006
2017,4,4,12,0,0.016025229,-0.364126053,0.00000095 ,352.342,70.7113
2017,4,4,12,30,0.015437916,-0.350781052,0.00000095 ,341.339,70.7113
2017,4,4,13,0,0.031710701,-0.720533048,0.00000095 ,308.485,14.4925
2017,4,4,13,30,0.031710701,-0.720533044,0.00000096 ,300.098,14.4925
2017,4,4,14,0,0.062951464,-1.430389046,0.00000095 ,222.043,-26.2027
2017,4,4,14,30,0.102110682,-2.320169068,0.00000093 ,258.57,-0.607475
2017,4,4,15,0,0.060723678,-1.379769095,0.00000091 ,216.207,-29.9852
2017,4,4,15,30,-0.025893284,0.588350874,0.00000087 ,250.031,-31.3817
2017,4,4,16,0,-0.012225846,0.277797857,0.00000086 ,226.969,4.98125
2017,4,4,16,30,0.045358466,-1.030639168,0.00000083 ,116.749,74.8091
2017,4,4,17,0,0.012883355,-0.292736193,0.00000081 ,52.3418,-0.433184
2017,4,4,17,30,-0.024370714,0.553754789,0.00000079 ,21.5191,36.5583
2017,4,4,18,0,0.079403282,-1.804209223,0.00000078 ,-29.8277,1.70721
2017,4,4,18,30,-0.217107051,4.933130768,0.00000077 ,134.253,106.669
2017,4,4,19,0,-0.238907845,5.428490767,0.00000077 ,2.45273,-1.40678
2017,4,4,19,30,-0.292713151,6.651060763,0.00000076 ,230.389,106.388
2017,4,4,20,0,-0.36171819,8.219000764,0.00000076 ,108.633,96.7184
2017,4,4,20,30,0.176795652,-4.017169241,0.00000076 ,284.919,17.3765
2017,4,4,21,0,-0.073710589,1.674860748,0.00000075 ,353.139,65.5078
2017,4,4,21,30,-0.181830396,4.131570722,0.00000072 ,53.2377,21.0851
2017,4,4,22,0,-0.310472506,7.054590709,0.00000071 ,204.208,58.8608
2017,4,4,22,30,-0.298438412,6.781150695,0.00000070 ,223.48,73.17
2017,4,4,23,0,-0.090147443,2.048340685,0.00000069 ,29.7848,178.917
2017,4,4,23,30,-0.35287174,8.01799068,0.00000068 ,174.8,100.057
2017,4,4,24,0,-0.311012068,7.066850678,0.00000068 ,297.909,100.172
2017,4,5,0,30,-0.362011297,8.225660672,0.00000067 ,357.289,98.7209
2017,4,5,1,0,-0.304113501,6.910100668,0.00000067 ,133.23,87.1201
2017,4,5,1,30,-0.404649945,9.194500663,0.00000066 ,257.773,85.5054
2017,4,5,2,0,-0.265083673,6.023260661,0.00000066 ,142.677,180.388
2017,4,5,2,30,-0.318436996,7.235560663,0.00000066 ,67.118,96.9528
2017,4,5,3,0,-0.210397727,4.780680663,0.00000066 ,124.169,29.8103
2017,4,5,3,30,-0.277276203,6.300300661,0.00000066 ,150.316,85.4137
2017,4,5,4,0,-0.135395885,3.076480661,0.00000066 ,59.9606,42.7743
2017,4,5,4,30,-0.292699948,6.650760659,0.00000066 ,167.98,88.6104
2017,4,5,5,0,-0.207010277,4.703710654,0.00000065 ,177.337,60.7687
2017,4,5,5,30,-0.192156902,4.366210656,0.00000066 ,108.415,50.6025
2017,4,5,6,0,-0.179501827,4.078660654,0.00000065 ,132.171,80.7458
2017,4,5,6,30,-0.067499017,1.533720652,0.00000065 ,45.274,32.0469
2017,4,5,7,0,-0.2402079,5.458030656,0.00000066 ,180.36,87.0665
2017,4,5,7,30,-0.015723585,0.357273655,0.00000066 ,-21.0606,43.664
2017,4,5,8,0,-0.020715551,0.470701661,0.00000066 ,22.1484,14.1543
2017,4,5,8,30,0.031092141,-0.706478341,0.00000066 ,112.715,-76.1727
2017,4,5,9,0,0.032878771,-0.747074342,0.00000066 ,184.876,-61.1363
2017,4,5,9,30,0.00712808,-0.161964337,0.00000066 ,88.9784,-10.8134
2017,4,5,10,0,-0.01983205,0.450626675,0.00000068 ,37.0431,180.839
2017,4,5,10,30,0.004816454,-0.109439317,0.00000068 ,61.0344,194.452
2017,4,5,11,0,0.033756594,-0.767020315,0.00000069 ,121.255,46.5069
2017,4,5,11,30,0.011498185,-0.261262323,0.00000068 ,196.461,-13.2489
2017,4,5,12,0,0.025481834,-0.579000318,0.00000068 ,140.749,186.169
2017,4,5,12,30,-0.024255055,0.551126687,0.00000069 ,51.1223,-2.59609
2017,4,5,13,0,0.010694826,-0.243008312,0.00000069 ,101.76,-15.2158
2017,4,5,13,30,-0.009095107,0.206660692,0.00000069 ,44.78,128.607
2017,4,5,14,0,0.02170516,-0.493186309,0.00000069 ,96.1823,-12.2777
2017,4,5,14,30,0.032497292,-0.73840631,0.00000069 ,97.6347,-21.2209
2017,4,5,15,0,0.136043272,-3.091189312,0.00000069 ,110.265,4.32485
2017,4,5,15,30,0.084270348,-1.914799323,0.00000068 ,122.896,906.393
2017,4,5,16,0,-0.025251354,0.573764651,0.00000065 ,27.5187,31.0121
2017,4,5,16,30,-0.072657429,1.650930647,0.00000065 ,80.0344,83.7432
2017,4,5,17,0,0.182820621,-4.154069355,0.00000065 ,-23.5261,4.54982
2017,4,5,17,30,0.132573524,-3.01234936,0.00000064 ,24.5761,99.2541
2017,4,5,18,0,-0.270059883,6.136330636,0.00000064 ,200.922,107.873
2017,4,5,18,30,0.025354601,-0.576109366,0.00000063 ,69.9692,233.297
2017,4,5,19,0,0.023339383,-0.530319368,0.00000063 ,68.359,145.16
2017,4,5,19,30,-0.233506058,5.30575063,0.00000063 ,-7.46348,118.923
2017,4,5,20,0,-0.145042437,3.295670627,0.00000063 ,84.1176,231.867
2017,4,5,20,30,-0.296287643,6.732280627,0.00000063 ,20.7429,219.135
2017,4,5,21,0,-0.384808917,8.743670625,0.00000063 ,28.6707,517.629
2017,4,5,21,30,-0.547361172,12.43720062,0.00000062 ,216.662,160.336
2017,4,5,22,0,-0.526724883,11.96830062,0.00000062 ,260.615,221.786
2017,4,5,22,30,-0.392136142,8.910160623,0.00000062 ,217.282,125.961
2017,4,5,23,0,-0.361547871,8.215130624,0.00000062 ,360.009,237.235
2017,4,5,23,30,-0.294048414,6.681400622,0.00000062 ,246.187,132.301
2017,4,5,24,0,-0.370072168,8.408820623,0.00000062 ,265.17,157.253
2017,4,6,0,30,-0.406139243,9.228340623,0.00000062 ,409.65,205.412
2017,4,6,1,0,-0.31189711,7.086960623,0.00000062 ,378.838,172.471
2017,4,6,1,30,-0.209219579,4.753910622,0.00000062 ,322.146,378.032
2017,4,6,2,0,-0.151507506,3.442570624,0.00000062 ,306.048,218.274
2017,4,6,2,30,-0.33112992,7.523970621,0.00000062 ,424.504,270.202
2017,4,6,3,0,-0.277441241,6.304050624,0.00000062 ,342.829,181.421
2017,4,6,3,30,-0.133619641,3.036120627,0.00000063 ,289.282,142.829
2017,4,6,4,0,-0.021544787,0.48954363,0.00000063 ,145.587,107.34
2017,4,6,4,30,-0.136141854,3.093430632,0.00000063 ,255.953,110.928
2017,4,6,5,0,-0.132111419,3.00185063,0.00000063 ,204.202,106.983
2017,4,6,5,30,-0.024529854,0.557370632,0.00000063 ,148.47,127.995
2017,4,6,6,0,0.001681182,-0.038199361,0.00000064 ,79.2964,67.2487
2017,4,6,6,30,0.011314003,-0.257077353,0.00000065 ,56.0829,86.9873
2017,4,6,7,0,0.016525667,-0.375497346,0.00000065 ,1.71452,54.1282
2017,4,6,7,30,0.03260274,-0.740802331,0.00000067 ,-14.18,46.1895
2017,4,6,8,0,0.097636625,-2.21850932,0.00000068 ,-42.7027,34.8522
2017,4,6,8,30,0.061100843,-1.3883393,0.00000070 ,-20.8602,28.969
2017,4,6,9,0,0.01838795,-0.417812285,0.00000072 ,-6.17739,2.82715
2017,4,6,9,30,0.03366941,-0.765039266,0.00000073 ,205.162,-129.215
2017,4,6,10,0,0.016843727,-0.382724244,0.00000076 ,335.17,-155.795
2017,4,6,10,30,0.05347303,-1.21501923,0.00000077 ,398.852,-59.6024
2017,4,6,11,0,0.09629476,-2.188019223,0.00000078 ,464.073,-67.3622
2017,4,6,11,30,0.087811833,-1.995269207,0.00000079 ,499.101,-106.008
2017,4,6,12,0,0.094000079,-2.135879192,0.00000081 ,-17.9061,96.7636
2017,4,6,12,30,0.05443993,-1.236989185,0.00000082 ,508.822,88.0384
2017,4,6,13,0,-0.476395047,10.82470082,0.00000082 ,526.585,798.349
2017,4,6,13,30,0.01301006,-0.295615177,0.00000082 ,321.528,68.5664
2017,4,6,14,0,0.236444165,-5.372509171,0.00000083 ,432.627,28.5309
2017,4,6,14,30,0.298897436,-6.79157917,0.00000083 ,316.093,-22.0605
2017,4,6,15,0,-0.040089325,0.91091483,0.00000083 ,214.09,41.2077
2017,4,6,15,30,0.015922422,-0.361790168,0.00000083 ,163.722,58.3271
2017,4,6,16,0,0.213907084,-4.860419168,0.00000083 ,146.448,150.759
2017,4,6,16,30,0.100339279,-2.27991917,0.00000083 ,171.862,62.5488
2017,4,6,17,0,0.335835029,-7.630879182,0.00000082 ,114.203,150.948
2017,4,6,17,30,0.074312205,-1.688529208,0.00000079 ,52.1921,128.335
2017,4,6,18,0,0.125357644,-2.848389228,0.00000077 ,-20.5233,8.36145
2017,4,6,18,30,-0.724422204,16.46040076,0.00000076 ,92.3208,26.8865
2017,4,6,19,0,0.649816452,-14.76519927,0.00000073 ,-116.024,62.9886
2017,4,6,19,30,0.704353644,-16.0043993,0.00000070 ,-62.6287,42.4006
2017,4,6,20,0,0.849767085,-19.30849931,0.00000069 ,-68.2453,37.664
2017,4,6,20,30,-0.183147615,4.161500679,0.00000068 ,-0.869629,79.6339
2017,4,6,21,0,-0.137454673,3.12326067,0.00000067 ,29.5349,95.7993
2017,4,6,21,30,-0.163333433,3.711280665,0.00000067 ,68.39,133.176
2017,4,6,22,0,-0.495834264,11.26640066,0.00000066 ,323.097,179.572
2017,4,6,22,30,-0.402869741,9.15405067,0.00000067 ,192.789,133.688
2017,4,6,23,0,-0.255516339,5.805870672,0.00000067 ,165.642,211.58
2017,4,6,23,30,-0.161106967,3.660690683,0.00000068 ,154.55,195.143
2017,4,6,24,0,-0.164405516,3.735640691,0.00000069 ,158.51,230.829
2017,4,7,0,30,-0.32651019,7.419000685,0.00000069 ,226.991,230.533
2017,4,7,1,0,-0.309647318,7.03584068,0.00000068 ,183.683,205.317
2017,4,7,1,30,-0.313863917,7.131650683,0.00000068 ,328.177,238.494
2017,4,7,2,0,-0.142456849,3.236920689,0.00000069 ,173.099,88.783
2017,4,7,2,30,-0.244468949,5.554850692,0.00000069 ,257.89,323.291
2017,4,7,3,0,-0.040828825,0.927717701,0.00000070 ,39.6989,131.36
2017,4,7,3,30,-0.022879083,0.519861709,0.00000071 ,41.5857,123.456
2017,4,7,4,0,0.007853849,-0.178455306,0.00000069 ,15.072,131.183
2017,4,7,4,30,-0.094965218,2.157810676,0.00000068 ,56.9156,81.9049
2017,4,7,5,0,0.000488511,-0.011099324,0.00000068 ,19.4864,83.6924
2017,4,7,5,30,0.082326426,-1.870629325,0.00000068 ,-16.4975,59.9154
2017,4,7,6,0,0.2451335,-5.569949325,0.00000068 ,-56.8117,68.8553
2017,4,7,6,30,-0.07270408,1.651990684,0.00000068 ,192.4,993.996
2017,4,7,7,0,0.293052908,-6.658779308,0.00000069 ,-115.396,167.869
2017,4,7,7,30,0.075329276,-1.711639305,0.00000070 ,-104.693,222.477
2017,4,7,8,0,0.090867887,-2.064709301,0.00000070 ,-3.48808,23.1605
2017,4,7,8,30,0.072783738,-1.653799293,0.00000071 ,-4.43621,5.05569
2017,4,7,9,0,0.079660301,-1.810049289,0.00000071 ,-5.9607,83.5644
2017,4,7,9,30,0.079660301,-1.810049285,0.00000072 ,-6.48311,83.5644
2017,4,7,10,0,0.079660301,-1.810049283,0.00000072 ,-14.4449,83.5644
2017,4,7,10,30,0.079660301,-1.810049278,0.00000072 ,-6.48311,83.5644
2017,4,7,11,0,0.079660301,-1.810049266,0.00000073 ,-1.61407,83.5644
2017,4,7,11,30,0.079660301,-1.810049249,0.00000075 ,45.1055,83.5644
2017,4,7,12,0,0.079660301,-1.810049235,0.00000077 ,37.6666,83.5644
2017,4,7,12,30,-0.01797254,0.408374773,0.00000077 ,40.313,78.3781
2017,4,7,13,0,-0.017213367,0.391124786,0.00000079 ,45.5133,152.855
2017,4,7,13,30,0.014160922,-0.321765195,0.00000081 ,-29.3826,99.0597
2017,4,7,14,0,0.017400938,-0.395385196,0.00000080 ,235.994,24.3119
2017,4,7,14,30,-0.001115099,0.025338202,0.00000080 ,67.0767,193.759
2017,4,7,15,0,0.001085625,-0.024666892,0.00000081 ,130.522,65.4183
2017,4,7,15,30,0.001085625,-0.024666893,0.00000081 ,130.522,56.6748
2017,4,7,16,0,0.13330673,-3.029009198,0.00000080 ,100.076,95.2518
2017,4,7,16,30,-0.143678567,3.264680794,0.00000079 ,-14.9457,68.2577
2017,4,7,17,0,0.24861425,-5.649039232,0.00000077 ,100.588,368.385
2017,4,7,17,30,0.018859341,-0.428523244,0.00000076 ,-49.1903,134.749
2017,4,7,18,0,-0.123029075,2.795480737,0.00000074 ,20.4827,8.21062
2017,4,7,18,30,0.115461995,-2.623539287,0.00000071 ,91.5559,116.595
2017,4,7,19,0,0.427283408,-9.708779297,0.00000070 ,-38.9238,141.123
2017,4,7,19,30,-0.111771757,2.539690713,0.00000071 ,-23.7114,179.759
2017,4,7,20,0,-0.10888206,2.474030712,0.00000071 ,-22.8761,125.426
2017,4,7,20,30,-0.175639069,3.990890704,0.00000070 ,-0.51033,148.313
2017,4,7,21,0,-0.243956672,5.543210673,0.00000067 ,-9.56886,92.7196
2017,4,7,21,30,-0.332642103,7.558330641,0.00000064 ,130.195,125.607
2017,4,7,22,0,-0.284007092,6.453240629,0.00000063 ,34.7148,64.2503
2017,4,7,22,30,-0.165237305,3.754540614,0.00000061 ,67.8729,155.837
2017,4,7,23,0,-0.214847578,4.881790599,0.00000060 ,5.56744,217.514
2017,4,7,23,30,-0.297081583,6.750320589,0.00000059 ,411.694,102.16
2017,4,7,24,0,-0.225556091,5.125110575,0.00000058 ,-69.7598,49.507
2017,4,8,0,30,-0.077975158,1.771760563,0.00000056 ,37.0185,40.7748
2017,4,8,1,0,-0.046706933,1.061280561,0.00000056 ,74.3866,38.5392
2017,4,8,1,30,-0.065422185,1.486530561,0.00000056 ,121.326,45.1731
2017,4,8,2,0,-0.241772456,5.493580545,0.00000055 ,241.159,120.018
2017,4,8,2,30,-0.184158085,4.18446055,0.00000055 ,176.706,79.9383
2017,4,8,3,0,-0.353133599,8.023940601,0.00000060 ,302.193,135.944
2017,4,8,3,30,-0.180651808,4.104790642,0.00000064 ,66.1299,315.026
2017,4,8,4,0,-0.34340783,7.802950642,0.00000064 ,69.6174,126.235
2017,4,8,4,30,-0.238457182,5.41825063,0.00000063 ,186.324,37.6437
2017,4,8,5,0,-0.238058452,5.409190631,0.00000063 ,99.5312,83.9479
2017,4,8,5,30,-0.40581401,9.220950644,0.00000064 ,108.433,247.825
2017,4,8,6,0,-0.250408538,5.689810659,0.00000066 ,12.2746,118.74
2017,4,8,6,30,-0.148059322,3.364220649,0.00000065 ,34.683,92.849
2017,4,8,7,0,-0.019126834,0.434602647,0.00000065 ,157.38,-48.443
2017,4,8,7,30,-0.046156368,1.048770655,0.00000066 ,73.2081,-106.17
2017,4,8,8,0,-0.041632096,0.945969671,0.00000067 ,34.6334,104.964
2017,4,8,8,30,-0.002631798,0.059800682,0.00000068 ,-14.3111,88.515
2017,4,8,9,0,-0.008424702,0.19142769,0.00000069 ,213.934,27.8525
2017,4,8,9,30,0.078767778,-1.789769305,0.00000070 ,262.367,14.6803
2017,4,8,10,0,-0.100750333,2.289260704,0.00000070 ,31.9986,76.5832
2017,4,8,10,30,0.007419646,-0.168589288,0.00000071 ,345.288,18.8555
2017,4,8,11,0,0.025940902,-0.58943128,0.00000072 ,-34.223,109.193
2017,4,8,11,30,-0.132039682,3.000220728,0.00000073 ,352.724,123.042
2017,4,8,12,0,-0.002646246,0.060129043,0.00000074 ,340.926,132.931
2017,4,8,12,30,-0.015509344,0.352405745,0.00000075 ,519.397,-36.7745
2017,4,8,13,0,0.008393675,-0.190721254,0.00000075 ,507.4,123.042
2017,4,8,13,30,0.011766778,-0.267365248,0.00000075 ,492.447,-174.497
2017,4,8,14,0,0.004090109,-0.092935136,0.00000076 ,340.435,92.9894
2017,4,8,14,30,-0.039604027,0.899887772,0.00000077 ,402.156,49.2972
2017,4,8,15,0,-0.000146993,0.003340775,0.00000078 ,376.724,-131.31
2017,4,8,15,30,-0.017295182,0.392983781,0.00000078 ,321.756,-102.314
2017,4,8,16,0,0.077511732,-1.761229224,0.00000078 ,251.263,98.3898
2017,4,8,16,30,-0.116749728,2.652800778,0.00000078 ,208.927,202.48
2017,4,8,17,0,-0.000866997,0.019700769,0.00000077 ,-45.089,138.783
2017,4,8,17,30,0.04726454,-1.073949243,0.00000076 ,-27.4739,117.12
2017,4,8,18,0,-0.03997996,0.908429745,0.00000075 ,21.2248,7.16441
2017,4,8,18,30,0.008380824,-0.190429263,0.00000074 ,-35.333,8.97379
2017,4,8,19,0,0.194275543,-4.414349275,0.00000073 ,-107.158,25.4218
2017,4,8,19,30,0.146792714,-3.335439301,0.00000070 ,-38.9849,88.1505
2017,4,8,20,0,-0.080617958,1.831810675,0.00000068 ,63.4336,95.2356
2017,4,8,20,30,-0.262748942,5.970210664,0.00000066 ,136.06,107.742
2017,4,8,21,0,-0.3202172,7.276010653,0.00000065 ,202.561,97.3852
2017,4,8,21,30,-0.449104446,10.20460064,0.00000064 ,299.574,166.654
2017,4,8,22,0,-0.350708648,7.968840628,0.00000063 ,208.476,84.1121
2017,4,8,22,30,-0.360637304,8.194440614,0.00000061 ,232.603,109.937
2017,4,8,23,0,0.051868426,-1.17855939,0.00000061 ,171.63,55.4823
2017,4,8,23,30,-0.249216747,5.662730602,0.00000060 ,172.55,122.839
2017,4,8,24,0,-0.319478272,7.259220597,0.00000060 ,174.177,159.763
2017,4,9,0,30,-0.533405601,12.12010059,0.00000059 ,459.972,226.395
2017,4,9,1,0,-0.254140586,5.774610586,0.00000059 ,258.411,136.96
2017,4,9,1,30,-0.237026417,5.385740581,0.00000058 ,171.096,218.073
2017,4,9,2,0,-0.364069204,8.272420578,0.00000058 ,233.398,167.065
2017,4,9,2,30,-0.536112216,12.18160058,0.00000058 ,488.202,168.159
2017,4,9,3,0,-0.217638252,4.945200584,0.00000058 ,166.727,303.092
2017,4,9,3,30,-0.444531807,10.10070059,0.00000059 ,327.284,166.763
2017,4,9,4,0,-0.130437278,2.96381057,0.00000057 ,321.174,117.052
2017,4,9,4,30,-0.169673954,3.855350576,0.00000058 ,6.62381,121.75
2017,4,9,5,0,-0.239579878,5.443760583,0.00000058 ,234.446,152.962
2017,4,9,5,30,-0.301255492,6.845160623,0.00000062 ,198.124,42.8821
2017,4,9,6,0,-0.140820117,3.199730639,0.00000064 ,57.4721,127.836
2017,4,9,6,30,-0.123670301,2.810050641,0.00000064 ,88.318,77.9303
2017,4,9,7,0,-0.282870754,6.427420702,0.00000070 ,33.7569,90.3507
2017,4,9,7,30,-0.157789933,3.585320752,0.00000075 ,66.0699,52.8827
2017,4,9,8,0,-0.070655855,1.60545078,0.00000078 ,194.322,77.1752
2017,4,9,8,30,0.003489993,-0.079299194,0.00000081 ,249.521,35.7086
2017,4,9,9,0,0.012733413,-0.28932916,0.00000084 ,290.35,-58.8618
2017,4,9,9,30,1.083979503,-24.63029914,0.00000086 ,269.068,-79.4183
2017,4,9,10,0,0.022791327,-0.517866127,0.00000087 ,81.4824,65.9847
2017,4,9,10,30,0.01512144,-0.343590117,0.00000088 ,354.561,19.6118
2017,4,9,11,0,0.048605964,-1.10442911,0.00000089 ,502.446,88.8468
2017,4,9,11,30,0.067018868,-1.522809099,0.00000090 ,518.846,13.3416
2017,4,9,12,0,0.088664306,-2.014639091,0.00000091 ,529.304,87.4057
2017,4,9,12,30,0.083346578,-1.89380909,0.00000091 ,90.2527,95.1934
2017,4,9,13,0,-0.01032457,0.234596917,0.00000092 ,-85.4336,114.386
2017,4,9,13,30,-0.002387314,0.05424573,0.00000093 ,344.386,77.7237
2017,4,9,14,0,0.007765741,-0.176453066,0.00000093 ,-23.1314,53.2051
2017,4,9,14,30,0.011794856,-0.268003068,0.00000093 ,439.236,49.3191
2017,4,9,15,0,0.075185804,-1.708379068,0.00000093 ,378.536,23.8829
2017,4,9,15,30,0.037801069,-0.858919067,0.00000093 ,194.766,10.823
2017,4,9,16,0,0.064015186,-1.454559073,0.00000093 ,283.03,12.4963
2017,4,9,16,30,0.028699933,-0.652122075,0.00000093 ,76.1548,119.639
2017,4,9,17,0,0.043397733,-0.986087076,0.00000092 ,-39.3926,9.73361
2017,4,9,17,30,0.024666065,-0.560464079,0.00000092 ,-35.4751,4.79499
2017,4,9,18,0,-0.013348541,0.303307918,0.00000092 ,-31.8103,9.08891
2017,4,9,18,30,-0.053083542,1.206170913,0.00000091 ,123.916,11.6039
2017,4,9,19,0,-0.171301883,3.892340906,0.00000091 ,30.487,34.0952
2017,4,9,19,30,-0.158648128,3.6048209,0.00000090 ,25.9019,42.2347
2017,4,9,20,0,-0.255633405,5.808530893,0.00000089 ,73.6515,33.5566
2017,4,9,20,30,-0.314651255,7.149540886,0.00000089 ,116.932,72.0063
2017,4,9,21,0,-0.301527473,6.851340882,0.00000088 ,114.213,58.0132
2017,4,9,21,30,-0.321937111,7.315090875,0.00000088 ,117.662,52.2453
2017,4,9,22,0,-0.348143306,7.910550872,0.00000087 ,208.46,78.2451
2017,4,9,22,30,-0.507862197,11.53970087,0.00000087 ,258.015,97.8073
2017,4,9,23,0,-0.469604304,10.67040086,0.00000086 ,251.951,101.838
2017,4,9,23,30,-0.561915279,12.76790087,0.00000087 ,325.9,111.693
2017,4,9,24,0,-0.76845861,17.46100086,0.00000086 ,281.801,116.149
2017,4,10,0,30,-0.251638618,5.717760859,0.00000086 ,246.252,99.1769
2017,4,10,1,0,-0.850867335,19.33350085,0.00000085 ,330.123,164.419
2017,4,10,1,30,-0.398434413,9.05327084,0.00000084 ,98.3461,99.7656
2017,4,10,2,0,-0.383826613,8.721350831,0.00000083 ,132.436,84.669
2017,4,10,2,30,-0.573234651,13.02510083,0.00000083 ,88.9616,83.2198
2017,4,10,3,0,-0.458826255,10.42550082,0.00000082 ,333.183,99.9039
2017,4,10,3,30,-0.676015605,15.36050081,0.00000081 ,286.672,115.81
2017,4,10,4,0,-0.337019338,7.657790806,0.00000081 ,127.634,75.7457
2017,4,10,4,30,-0.321385226,7.302550792,0.00000079 ,116.365,69.2934
2017,4,10,5,0,0.601599096,-13.66959922,0.00000078 ,75.4383,-35.6733
2017,4,10,5,30,-0.25103216,5.703980774,0.00000077 ,48.4854,85.7536
2017,4,10,6,0,-0.260724042,5.924200765,0.00000077 ,42.3346,72.4066
2017,4,10,6,30,-0.124030742,2.81824075,0.00000075 ,66.6035,162.247
2017,4,10,7,0,-0.037893006,0.861009751,0.00000075 ,24.3262,116.947
2017,4,10,7,30,-0.026345486,0.598625751,0.00000075 ,-10.5902,75.447
2017,4,10,8,0,-0.024444078,0.555421746,0.00000075 ,28.1381,124.711
2017,4,10,8,30,-0.022449281,0.510095752,0.00000075 ,94.3321,144.611
2017,4,10,9,0,-0.003173121,0.072100759,0.00000076 ,175.942,109.829
2017,4,10,9,30,0.028903259,-0.656742239,0.00000076 ,217.389,45.3879
2017,4,10,10,0,-0.001493915,0.033945666,0.00000077 ,336.405,-24.1497
2017,4,10,10,30,-0.014043635,0.319101763,0.00000076 ,455.154,242.936
2017,4,10,11,0,-0.046599108,1.058830759,0.00000076 ,362.819,90.4576
2017,4,10,11,30,0.001807865,-0.041077745,0.00000076 ,412.541,19.8233
2017,4,10,12,0,-0.136046793,3.091270752,0.00000075 ,472.07,0.509271
2017,4,10,12,30,-0.011765501,0.267337746,0.00000075 ,483.826,309.598
2017,4,10,13,0,-0.04405401,1.001000749,0.00000075 ,485.309,317.388
2017,4,10,13,30,-0.090050621,2.046140745,0.00000075 ,341.837,158.949
2017,4,10,14,0,0.046310403,-1.052269256,0.00000074 ,458.831,618.686
2017,4,10,14,30,0.001847157,-0.041970556,0.00000074 ,324.815,-1.19934
2017,4,10,15,0,0.007611618,-0.172951252,0.00000075 ,299.368,-62.7489
2017,4,10,15,30,0.107466259,-2.441859249,0.00000075 ,221.75,98.0503
2017,4,10,16,0,0.032565596,-0.739958257,0.00000074 ,-21.4636,109.977
2017,4,10,16,30,0.002859607,-0.064975566,0.00000073 ,-17.4113,95.7505
2017,4,10,17,0,-0.001094652,0.024873521,0.00000072 ,39.0291,190.075
2017,4,10,17,30,0.023621355,-0.536726293,0.00000071 ,-10.2238,105.083
2017,4,10,18,0,-0.040022694,0.909400693,0.00000069 ,34.2959,49.2637
2017,4,10,18,30,-0.132266334,3.005370682,0.00000068 ,74.4229,113.785
2017,4,10,19,0,-0.478745181,10.87810067,0.00000067 ,-6.4894,198.088
2017,4,10,19,30,-0.55219347,12.54700066,0.00000066 ,266.391,151.017
2017,4,10,20,0,0.553086873,-12.56729935,0.00000065 ,181.647,-45.6655
2017,4,10,20,30,-0.258551268,5.87483064,0.00000064 ,8.98646,220.794
2017,4,10,21,0,-0.262550017,5.965690631,0.00000063 ,245.132,519.353
2017,4,10,21,30,-0.377436802,8.576160622,0.00000062 ,199.475,290.401
2017,4,10,22,0,-0.328610787,7.466730614,0.00000061 ,170.108,438.509
2017,4,10,22,30,-0.265751744,6.038440605,0.00000061 ,62.9253,128.267
2017,4,10,23,0,-0.268266036,6.095570597,0.00000060 ,167.644,128.807
2017,4,10,23,30,-0.270299298,6.141770589,0.00000059 ,141.254,129.431
2017,4,10,24,0,-0.27057436,6.148020582,0.00000058 ,142.236,202.998
2017,4,11,0,30,-0.27009069,6.137030574,0.00000057 ,122.386,129.707
2017,4,11,1,0,-0.272586938,6.193750568,0.00000057 ,268.876,130.619
2017,4,11,1,30,-0.272272266,6.18660056,0.00000056 ,103.985,130.67
2017,4,11,2,0,-0.2724219,6.190000537,0.00000054 ,224.486,130.534
2017,4,11,2,30,-0.046920821,1.066140492,0.00000049 ,232.709,133.17
2017,4,11,3,0,-0.271240232,6.163150466,0.00000047 ,222.925,701.164
2017,4,11,3,30,-0.200038213,4.545290454,0.00000045 ,129.921,113.47
2017,4,11,4,0,-0.343068512,7.795240449,0.00000045 ,257.718,95.0228
2017,4,11,4,30,-0.340612314,7.739430446,0.00000045 ,224.2,94.9523
2017,4,11,5,0,-0.235384404,5.348430443,0.00000044 ,125.678,67.1957
2017,4,11,5,30,-0.288676553,6.559340453,0.00000045 ,127.273,79.7717
2017,4,11,6,0,-0.247352924,5.620380488,0.00000049 ,115.415,56.8563
2017,4,11,6,30,0.023875117,-0.542492476,0.00000052 ,59.5448,19.156
2017,4,11,7,0,0.039906464,-0.906758437,0.00000056 ,-67.405,360.655
2017,4,11,7,30,0.030151119,-0.685096406,0.00000059 ,-40.9795,745.9
2017,4,11,8,0,0.012097205,-0.274873383,0.00000062 ,310.059,83.5532
2017,4,11,8,30,-0.057029478,1.295830626,0.00000063 ,132.876,36.9082
2017,4,11,9,0,0.124621357,-2.831659367,0.00000063 ,335.357,-27.4418
2017,4,11,9,30,0.038158694,-0.867045364,0.00000064 ,196.368,20.6617
2017,4,11,10,0,0.100378448,-2.280809358,0.00000064 ,-27.093,119.108
2017,4,11,10,30,0.084539689,-1.920919354,0.00000065 ,23.3513,30.1047
2017,4,11,11,0,0.10461177,-2.376999351,0.00000065 ,-22.6215,98.0503
2017,4,11,11,30,0.088225087,-2.004659343,0.00000066 ,348.9,31.7402
2017,4,11,12,0,0.011152134,-0.253399339,0.00000066 ,-18.7704,31.7402
2017,4,11,12,30,0.018275857,-0.415265337,0.00000066 ,217.538,3.17446
2017,4,11,13,0,0.009911184,-0.225202333,0.00000067 ,177.103,3.08096
2017,4,11,13,30,0.028510426,-0.647816328,0.00000067 ,221.477,-0.708239
2017,4,11,14,0,0.090799672,-2.063159335,0.00000067 ,306.019,-27.8086
2017,4,11,14,30,0.032341365,-0.734863334,0.00000067 ,-14.2279,10.3139
2017,4,11,15,0,0.018525305,-0.420933324,0.00000068 ,274.222,5.14169
2017,4,11,15,30,-0.130318451,2.961110661,0.00000066 ,53.8676,6.5774
2017,4,11,16,0,-0.017219705,0.391268661,0.00000066 ,31.4777,145.438
2017,4,11,16,30,-0.002304588,0.052365758,0.00000066 ,29.8099,92.6074
2017,4,11,17,0,-0.073703987,1.674710654,0.00000065 ,-14.5349,157.796
2017,4,11,17,30,-0.153514362,3.488170643,0.00000064 ,14.1072,7.02683
2017,4,11,18,0,-0.120460651,2.737120632,0.00000063 ,56.0786,107.071
2017,4,11,18,30,-0.135455298,3.077830626,0.00000063 ,68.7143,-1.99335
2017,4,11,19,0,0.076215638,-1.731779387,0.00000061 ,-41.0992,-6.88641
2017,4,11,19,30,-0.432725684,9.832440601,0.00000060 ,75.0433,7.9926
2017,4,11,20,0,-0.124500329,2.828910599,0.00000060 ,7.68018,25.9869
2017,4,11,20,30,-0.191870397,4.359700606,0.00000061 ,101.841,39.78
2017,4,11,21,0,-0.144160476,3.275630601,0.00000060 ,17.3572,35.5074
2017,4,11,21,30,-0.126676184,2.878350576,0.00000058 ,20.2648,22.4937
2017,4,11,22,0,-0.254927925,5.79250056,0.00000056 ,74.7317,47.8123
2017,4,11,22,30,-0.271282041,6.164100547,0.00000055 ,87.4243,93.1112
2017,4,11,23,0,-0.275492038,6.259760541,0.00000054 ,98.0308,135.939
2017,4,11,23,30,-0.276438253,6.281260536,0.00000054 ,146.416,136.415
2017,4,11,24,0,-0.263104983,5.978300519,0.00000052 ,53.4266,70.4617
2017,4,12,0,30,-0.252811484,5.744410501,0.00000050 ,90.6682,98.7373
2017,4,12,1,0,-0.245027435,5.5675405,0.00000050 ,347.082,58.2517
2017,4,12,1,30,-0.197884804,4.496360493,0.00000049 ,61.7441,45.8082
2017,4,12,2,0,-0.208287007,4.732720477,0.00000048 ,132.544,103.735
2017,4,12,2,30,-0.12270032,2.788010438,0.00000044 ,278.088,222.768
2017,4,12,3,0,-0.282032364,6.408370418,0.00000042 ,123.524,139.883
2017,4,12,3,30,-0.303279512,6.891150401,0.00000040 ,99.8863,154.756
2017,4,12,4,0,-0.25103084,5.703950395,0.00000040 ,195.347,97.8202
2017,4,12,4,30,-0.303279512,6.891150396,0.00000040 ,99.8863,154.756
2017,4,12,5,0,-0.237497324,5.396440394,0.00000039 ,51.7004,122.513
2017,4,12,5,30,-0.355528184,8.078350384,0.00000038 ,52.6114,211.691
2017,4,12,6,0,-0.184140481,4.184060431,0.00000043 ,43.3706,99.5503
2017,4,12,6,30,-0.204132023,4.638310481,0.00000048 ,95.6977,69.302
2017,4,12,7,0,-0.1840507,4.182020527,0.00000053 ,7.63973,562.429
2017,4,12,7,30,0.015587022,-0.354169453,0.00000055 ,-194.718,90.0364
2017,4,12,8,0,-0.019408718,0.441007551,0.00000055 ,-4.72605,127.55
2017,4,12,8,30,-0.003327156,0.075600571,0.00000057 ,274.3,123.102
2017,4,12,9,0,-0.049968954,1.13540058,0.00000058 ,343.847,146.843
2017,4,12,9,30,0.081664956,-1.855599402,0.00000060 ,372.011,29.0343
2017,4,12,10,0,0.054108094,-1.229449391,0.00000061 ,419.4,177.729
2017,4,12,10,30,-0.045267366,1.028570622,0.00000062 ,474.353,-15.3996
2017,4,12,11,0,-0.000506009,0.011498243,0.00000064 ,329.088,75.249
2017,4,12,11,30,0.249158654,-5.661409349,0.00000065 ,-88.0362,33.7879
2017,4,12,12,0,0.011836666,-0.268953331,0.00000067 ,537.35,5.71681
2017,4,12,12,30,0.061687937,-1.401679326,0.00000067 ,526.836,-57.1843
2017,4,12,13,0,-0.032748809,0.744122682,0.00000068 ,460.24,134.66
2017,4,12,13,30,0.00125844,-0.028593706,0.00000069 ,491.699,-19.233
2017,4,12,14,0,-0.030841152,0.700776699,0.00000070 ,-24.758,70.9949
2017,4,12,14,30,0.025471096,-0.578756292,0.00000071 ,429.633,-32.1552
2017,4,12,15,0,-0.08339983,1.895020716,0.00000072 ,-5.9162,35.0629
2017,4,12,15,30,0.094528639,-2.147889274,0.00000073 ,222.535,82.8339
2017,4,12,16,0,0.045261644,-1.028439263,0.00000074 ,271.876,-69.7436
2017,4,12,16,30,0.019267798,-0.437804258,0.00000074 ,148.768,120.68
2017,4,12,17,0,0.016866788,-0.383248261,0.00000074 ,99.1972,124.597
2017,4,12,17,30,-0.047306349,1.074900742,0.00000074 ,29.3327,256.154
2017,4,12,18,0,-0.056423461,1.282060735,0.00000074 ,14.6144,69.6624
2017,4,12,18,30,-0.140851805,3.200450716,0.00000072 ,69.441,121.279
2017,4,12,19,0,-0.385956257,8.769740701,0.00000070 ,86.6526,5.76871
2017,4,12,19,30,-0.293335452,6.665200692,0.00000069 ,132.756,144.882
2017,4,12,20,0,-0.292629532,6.649160672,0.00000067 ,150.022,144.492
2017,4,12,20,30,-0.292078086,6.636630643,0.00000064 ,150.376,144.179
2017,4,12,21,0,-0.327309412,7.437160624,0.00000062 ,113.159,74.5131
2017,4,12,21,30,-0.453505446,10.3046006,0.00000061 ,178.942,144.956
2017,4,12,22,0,-0.298349071,6.779120597,0.00000060 ,172.724,68.5941
2017,4,12,22,30,-0.44969418,10.21800059,0.00000059 ,146.25,108.502
2017,4,12,23,0,-0.295988375,6.725480587,0.00000059 ,99.0802,143.753
2017,4,12,23,30,1.404526338,-31.9137994,0.00000060 ,-12.1067,-159.925
2017,4,12,24,0,-0.292291975,6.641490606,0.00000061 ,35.3977,787.436
2017,4,13,0,30,-0.411486458,9.349840623,0.00000062 ,154.895,167.542
2017,4,13,1,0,-0.412916783,9.382340618,0.00000062 ,315.445,142.086
2017,4,13,1,30,-0.360554566,8.19256059,0.00000059 ,329.334,135.328
2017,4,13,2,0,-0.362499368,8.236750599,0.00000060 ,284.597,73.3009
2017,4,13,2,30,-0.278357529,6.324870605,0.00000061 ,64.1016,115.934
2017,4,13,3,0,-0.192934559,4.383880605,0.00000061 ,198.092,249.956
2017,4,13,3,30,-0.56500038,12.83800061,0.00000061 ,387.685,140.502
2017,4,13,4,0,-0.599975127,13.63270061,0.00000061 ,343.733,138.673
2017,4,13,4,30,-0.348697391,7.923140613,0.00000061 ,127.767,131.343
2017,4,13,5,0,-0.105560186,2.398550615,0.00000062 ,16.4739,68.1634
2017,4,13,5,30,-0.336555473,7.647250619,0.00000062 ,162.285,132.87
2017,4,13,6,0,-0.310871677,7.063660613,0.00000061 ,74.2868,160.957
2017,4,13,6,30,-0.181998514,4.135390629,0.00000063 ,112.27,70.3646
2017,4,13,7,0,-0.079067486,1.796580665,0.00000067 ,8.44234,102.481
2017,4,13,7,30,-0.027190126,0.617817694,0.00000069 ,14.0184,87.391
2017,4,13,8,0,-0.003775011,0.085776909,0.00000071 ,-131.312,119.916
2017,4,13,8,30,-0.051174828,1.162800757,0.00000076 ,30.3516,309.725
2017,4,13,9,0,0.03366787,-0.765004209,0.00000079 ,167.455,112.495
2017,4,13,9,30,0.022727336,-0.516412169,0.00000083 ,234.945,95.1469
2017,4,13,10,0,0.02893301,-0.657418136,0.00000086 ,272.081,45.732
2017,4,13,10,30,-0.002276457,0.051726766,0.00000087 ,349.601,78.6771
2017,4,13,11,0,0.008584062,-0.195047129,0.00000087 ,352.48,83.6379
2017,4,13,11,30,0.008573984,-0.194818124,0.00000088 ,-15.7385,95.4907
2017,4,13,12,0,0.025986497,-0.590467112,0.00000089 ,451.495,17.0048
2017,4,13,12,30,0.085212602,-1.936209106,0.00000089 ,236.26,112.727
2017,4,13,13,0,0.026145681,-0.594084105,0.00000090 ,243.49,101.883
2017,4,13,13,30,-0.014013708,0.318421895,0.00000090 ,209.091,320.55
2017,4,13,14,0,0.063896799,-1.451869098,0.00000090 ,271.607,69.4433
2017,4,13,14,30,0.069887,-1.587979089,0.00000091 ,233.419,51.7896
2017,4,13,15,0,0.17516112,-3.980029101,0.00000090 ,-18.4499,146.599
2017,4,13,15,30,-0.001126436,0.025595897,0.00000090 ,131.955,80.0585
2017,4,13,16,0,9.83E-05,-0.002231669,0.00000090 ,89.8517,137.944
2017,4,13,16,30,-0.026723488,0.6072149,0.00000090 ,20.6485,239.6
2017,4,13,17,0,-0.054055283,1.228250903,0.00000090 ,22.3449,213.824
2017,4,13,17,30,-0.01064976,0.241985898,0.00000090 ,20.0725,60.0595
2017,4,13,18,0,-0.078487434,1.783400888,0.00000089 ,14.2182,74.8537
2017,4,13,18,30,-0.13801536,3.136000873,0.00000087 ,56.9261,113.239
2017,4,13,19,0,-0.583444971,13.25710085,0.00000085 ,190.074,107.957
2017,4,13,19,30,-0.55135728,12.52800081,0.00000081 ,134.044,148.438
2017,4,13,20,0,-0.365070872,8.295180781,0.00000078 ,143.296,94.5742
2017,4,13,20,30,-0.12216956,2.775950758,0.00000076 ,140.908,83.4321
2017,4,13,21,0,-0.316247938,7.185820736,0.00000074 ,72.7388,79.1544
2017,4,13,21,30,-0.276530674,6.283360725,0.00000073 ,159.716,83.498
2017,4,13,22,0,-0.271748987,6.174710714,0.00000071 ,179.548,130.205
2017,4,13,22,30,-0.416270786,9.4585507,0.00000070 ,74.1732,292.672
2017,4,13,23,0,-0.329523115,7.487460698,0.00000070 ,95.9033,82.0208
2017,4,13,23,30,-0.449619363,10.21630069,0.00000069 ,76.0727,177.016
2017,4,13,24,0,-0.320274413,7.277310697,0.00000070 ,130.413,117.632
2017,4,14,0,30,-0.276927644,6.292380721,0.00000072 ,102.051,91.4556
2017,4,14,1,0,-0.45361107,10.30700074,0.00000074 ,254.316,159.029
2017,4,14,1,30,-0.441275067,10.02670074,0.00000074 ,235.708,163.01
2017,4,14,2,0,-0.192691624,4.378360724,0.00000072 ,169.13,131.419
2017,4,14,2,30,-0.38240157,8.68897072,0.00000072 ,195.963,94.0245
2017,4,14,3,0,-0.313656189,7.126930708,0.00000071 ,27.7765,130.406
2017,4,14,3,30,-0.297093026,6.750580709,0.00000071 ,115.293,102.584
2017,4,14,4,0,-0.287646719,6.535940704,0.00000070 ,121.956,56.2436
2017,4,14,4,30,-0.268181977,6.093660694,0.00000069 ,106.185,82.3561
2017,4,14,5,0,-0.332737605,7.560500692,0.00000069 ,157.616,99.7316
2017,4,14,5,30,-0.247436103,5.622270691,0.00000069 ,85.7389,117.015
2017,4,14,6,0,-0.107243568,2.436800685,0.00000069 ,19.6286,13.677
2017,4,14,6,30,-0.066618817,1.513720695,0.00000070 ,18.9463,27.9003
2017,4,14,7,0,-0.039304055,0.893071713,0.00000071 ,20.3347,69.786
2017,4,14,7,30,-0.019042731,0.432691751,0.00000075 ,74.9982,124.652
2017,4,14,8,0,-0.202090839,4.591930796,0.00000080 ,68.5469,66.7045
2017,4,14,8,30,0.045307855,-1.029489167,0.00000083 ,257.259,88.7465
2017,4,14,9,0,0.020000389,-0.454450137,0.00000086 ,246.625,117.42
2017,4,14,9,30,-0.018794206,0.427044868,0.00000087 ,95.8546,-2.61125
2017,4,14,10,0,0.016613423,-0.377491122,0.00000088 ,157.394,99.3467
2017,4,14,10,30,0.007417621,-0.168543111,0.00000089 ,305.651,97.129
2017,4,14,11,0,0.009701784,-0.220444114,0.00000089 ,326.667,114.229
2017,4,14,11,30,-0.050675755,1.151460901,0.00000090 ,350.425,55.2718
2017,4,14,12,0,0.068162688,-1.548799101,0.00000090 ,244.678,141.91
2017,4,14,12,30,-0.106836916,2.427560909,0.00000091 ,336.797,839.55
2017,4,14,13,0,0.056653193,-1.287279077,0.00000092 ,252.557,68.0305
2017,4,14,13,30,-0.114154018,2.593820922,0.00000092 ,280.227,90.4405
2017,4,14,14,0,-0.049454037,1.123700928,0.00000093 ,443.367,688.818
2017,4,14,14,30,0.025256107,-0.573871068,0.00000093 ,240.954,161.84
2017,4,14,15,0,0.073209755,-1.663479065,0.00000094 ,241.771,51.9585
2017,4,14,15,30,-0.054564038,1.239810938,0.00000094 ,331.365,116.485
2017,4,14,16,0,0.02549024,-0.579191056,0.00000094 ,233.732,128.682
2017,4,14,16,30,-0.033393468,0.758770937,0.00000094 ,83.0661,131.734
2017,4,14,17,0,-0.029997612,0.681609936,0.00000094 ,15.6608,111.053
2017,4,14,17,30,-0.129754243,2.948290935,0.00000094 ,27.4584,73.5622
2017,4,14,18,0,-0.140416986,3.190570931,0.00000093 ,26.4107,66.0557
2017,4,14,18,30,-0.181536409,4.124890926,0.00000093 ,68.0833,97.5116
2017,4,14,19,0,-0.324921429,7.382900918,0.00000092 ,142.763,124.986
2017,4,14,19,30,-0.326219724,7.412400916,0.00000092 ,144.674,124.792
2017,4,14,20,0,0.209320362,-4.756199089,0.00000091 ,4.82261,50.3843
2017,4,14,20,30,0.1135458,-2.5799991,0.00000090 ,145.465,22.8496
2017,4,14,21,0,-0.476069373,10.81730091,0.00000091 ,107.024,58.263
2017,4,14,21,30,-0.413243778,9.389770901,0.00000090 ,59.8035,93.1898
2017,4,14,22,0,-1.030938651,23.4251009,0.00000090 ,209.115,153.639
2017,4,14,22,30,-0.821002149,18.65490091,0.00000091 ,299.209,240.827
2017,4,14,23,0,-0.649596402,14.76020089,0.00000090 ,187.609,214.534
2017,4,14,23,30,-0.86035149,19.54900084,0.00000084 ,323.648,380.723
2017,4,14,24,0,-0.405876064,9.222360817,0.00000082 ,196.637,121.898
2017,4,15,0,30,-0.406604869,9.238920805,0.00000081 ,125.652,140.651
2017,4,15,1,0,-0.439356671,9.983110794,0.00000079 ,176.195,98.468
2017,4,15,1,30,-0.412668567,9.376700775,0.00000078 ,122.821,156.114
2017,4,15,2,0,-0.377982966,8.588570767,0.00000077 ,99.378,165.959
2017,4,15,2,30,-0.388285267,8.822660768,0.00000077 ,104.396,166.363
2017,4,15,3,0,-0.333249001,7.572120766,0.00000077 ,79.7545,166.622
2017,4,15,3,30,-0.098854382,2.246180767,0.00000077 ,6.66831,77.9406
2017,4,15,4,0,-0.055911184,1.270420774,0.00000077 ,51.439,84.9977
2017,4,15,4,30,-0.138790816,3.153620776,0.00000078 ,19.0791,80.8172
2017,4,15,5,0,-0.246242552,5.595150761,0.00000076 ,51.0585,107.907
2017,4,15,5,30,-0.180783398,4.107780744,0.00000074 ,40.0833,89.9047
2017,4,15,6,0,-0.312388701,7.098130745,0.00000075 ,64.3938,143.197
2017,4,15,6,30,-0.114657053,2.605250756,0.00000076 ,11.8117,64.0779
2017,4,15,7,0,-0.235280981,5.346080742,0.00000074 ,-60.3895,107.147
2017,4,15,7,30,-0.024212278,0.550154737,0.00000074 ,107.656,26.3534
2017,4,15,8,0,-0.018878001,0.428948733,0.00000073 ,222.68,596.643
2017,4,15,8,30,-0.011708244,0.266036732,0.00000073 ,295.961,429.523
2017,4,15,9,0,-0.033680017,0.765281732,0.00000073 ,379.335,320.312
2017,4,15,9,30,0.21217177,-4.820989268,0.00000073 ,115.982,211.101
2017,4,15,10,0,0.004475553,-0.101693266,0.00000073 ,447.599,60.5307
2017,4,15,10,30,-0.301421849,6.84894074,0.00000074 ,530.387,98.83
2017,4,15,11,0,0.02477807,-0.563009246,0.00000075 ,368.31,94.8295
2017,4,15,11,30,0.048002147,-1.09070923,0.00000077 ,386.361,66.4279
2017,4,15,12,0,-0.187069346,4.250610775,0.00000078 ,19.3398,21.3826
2017,4,15,12,30,0.073645454,-1.673379222,0.00000078 ,224.506,123.757
2017,4,15,13,0,0.204636378,-4.649769226,0.00000077 ,211.475,21.026
2017,4,15,13,30,0.000574436,-0.013051636,0.00000076 ,110.733,97.9113
2017,4,15,14,0,0.010201386,-0.231796227,0.00000077 ,172.629,73.21
2017,4,15,14,30,0.518688657,-11.78569921,0.00000079 ,233.4,128.723
2017,4,15,15,0,0.011057601,-0.2512512,0.00000080 ,126.733,77.8649
2017,4,15,15,30,-0.037810883,0.859143798,0.00000080 ,2.17949,111.121
2017,4,15,16,0,0.074539297,-1.693689194,0.00000081 ,224.619,141.147
2017,4,15,16,30,0.033781724,-0.767591196,0.00000080 ,229.937,150.993
2017,4,15,17,0,0.009011752,-0.20476519,0.00000081 ,102.711,55.8546
2017,4,15,17,30,-0.100789942,2.290160799,0.00000080 ,46.9821,172.09
2017,4,15,18,0,-0.086763955,1.971460774,0.00000077 ,21.3119,70.4345
2017,4,15,18,30,-0.191842671,4.359070775,0.00000078 ,66.6953,85.9918
2017,4,15,19,0,-0.398972215,9.065490772,0.00000077 ,126.421,38.7377
2017,4,15,19,30,-0.077289042,1.756170759,0.00000076 ,23.5373,97.5493
2017,4,15,20,0,-0.211876903,4.814290749,0.00000075 ,55.5934,119.364
2017,4,15,20,30,-0.616338045,14.00450074,0.00000074 ,91.4531,167.225
2017,4,15,21,0,-0.460912329,10.47290074,0.00000074 ,105.071,109.21
2017,4,15,21,30,-0.206180689,4.684860733,0.00000073 ,33.7946,126.091
2017,4,15,22,0,-0.575056665,13.06650073,0.00000073 ,186.816,140.049
2017,4,15,22,30,-0.489985335,11.13350072,0.00000072 ,262.046,167.699
2017,4,15,23,0,-0.458430165,10.41650071,0.00000071 ,407.605,125.397
2017,4,15,23,30,-0.624673539,14.19390071,0.00000071 ,532.986,131.893
2017,4,15,24,0,-0.420669585,9.558500706,0.00000071 ,454.066,406.977
2017,4,16,0,30,-0.503984916,11.4516007,0.00000070 ,503.627,251.219
2017,4,16,1,0,-0.415670049,9.444900689,0.00000069 ,386.532,193.532
2017,4,16,1,30,-0.358940719,8.155890681,0.00000068 ,383.485,230.757
2017,4,16,2,0,-0.311562194,7.079350668,0.00000067 ,361.024,201.811
2017,4,16,2,30,-0.343387585,7.802490634,0.00000063 ,290.79,184.309
2017,4,16,3,0,-0.319670156,7.263580623,0.00000062 ,330.297,196.936
2017,4,16,3,30,-0.337551419,7.669880625,0.00000063 ,278.139,178.197
2017,4,16,4,0,-0.208454685,4.736530598,0.00000060 ,141.787,167.248
2017,4,16,4,30,-0.030559092,0.694367586,0.00000059 ,15.9348,55.469
2017,4,16,5,0,-0.254366357,5.779740573,0.00000057 ,216.092,184.717
2017,4,16,5,30,-0.128474432,2.919210551,0.00000055 ,136.579,132.146
2017,4,16,6,0,-0.076041358,1.727820589,0.00000059 ,84.866,128.709
2017,4,16,6,30,-0.12555877,2.852960627,0.00000063 ,39.6847,112.363
2017,4,16,7,0,-0.054292496,1.23364068,0.00000068 ,1.65841,188.865
2017,4,16,7,30,-0.004009311,0.091100705,0.00000071 ,109.4,141.226
2017,4,16,8,0,0.032634955,-0.741534271,0.00000073 ,172.354,77.1597
2017,4,16,8,30,0.073176747,-1.662729254,0.00000075 ,247.114,184.626
2017,4,16,9,0,0.166888121,-3.792049246,0.00000075 ,298.907,153.126
2017,4,16,9,30,0.038612438,-0.877355231,0.00000077 ,377.619,131.993
2017,4,16,10,0,0.126958728,-2.884769223,0.00000078 ,411.726,133.928
2017,4,16,10,30,0.050791061,-1.154079211,0.00000079 ,461.574,153.992
2017,4,16,11,0,0.051420844,-1.168389199,0.00000080 ,493.526,-55.6962
2017,4,16,11,30,-0.036127237,0.820887813,0.00000081 ,521.138,-80.7197
2017,4,16,12,0,0.063928486,-1.452589176,0.00000082 ,530.33,44.2917
2017,4,16,12,30,0.064644969,-1.468869165,0.00000084 ,532.524,-68.8037
2017,4,16,13,0,0.008947585,-0.203307148,0.00000085 ,-5.11502,149.66
2017,4,16,13,30,0.050321034,-1.143399143,0.00000086 ,488.981,-164.231
2017,4,16,14,0,0.041557103,-0.944264135,0.00000087 ,-11.5583,171.1
2017,4,16,14,30,0.042595255,-0.967853122,0.00000088 ,-20.3359,116.953
2017,4,16,15,0,0.013394311,-0.30434611,0.00000089 ,241.735,136.849
2017,4,16,15,30,0.023012477,-0.522891114,0.00000089 ,-9.62129,217.191
2017,4,16,16,0,-0.029799743,0.677113878,0.00000088 ,41.6423,208.718
2017,4,16,16,30,0.196221226,-4.458559116,0.00000088 ,134.119,160.786
2017,4,16,17,0,0.004652693,-0.105718106,0.00000089 ,149.169,-49.5538
2017,4,16,17,30,0.139837814,-3.177409108,0.00000089 ,63.6241,80.0838
2017,4,16,18,0,0.044436457,-1.009689121,0.00000088 ,-10.4283,2.25969
2017,4,16,18,30,-0.211039393,4.795260859,0.00000086 ,69.3635,93.8549
2017,4,16,19,0,0.15311255,-3.479039163,0.00000084 ,-35.6479,20.3192
2017,4,16,19,30,-0.25437824,5.780010811,0.00000081 ,121.828,81.3504
2017,4,16,20,0,0.133719984,-3.03839923,0.00000077 ,-32.0743,5.05205
2017,4,16,20,30,0.168889695,-3.83752925,0.00000075 ,-21.0554,13.7319
2017,4,16,21,0,0.015531481,-0.352907257,0.00000074 ,-5.21032,8.40759
2017,4,16,21,30,-0.257719479,5.855930744,0.00000074 ,25.2381,90.3105
2017,4,16,22,0,-0.103794064,2.358420757,0.00000076 ,149.512,54.4438
2017,4,16,22,30,-0.662016024,15.04240076,0.00000076 ,115.567,160.293
2017,4,16,23,0,-0.565110405,12.84050075,0.00000075 ,163.158,148.715
2017,4,16,23,30,-0.493413714,11.21140077,0.00000077 ,174.94,127.674
2017,4,16,24,0,-0.41501298,9.429970775,0.00000078 ,162.111,126.605
2017,4,17,0,30,-0.356111756,8.091610773,0.00000077 ,151.572,133.638
2017,4,17,1,0,-0.250466191,5.691120771,0.00000077 ,135.554,64.1599
2017,4,17,1,30,-0.337182175,7.661490766,0.00000077 ,125.202,200.381
2017,4,17,2,0,-0.391133594,8.887380764,0.00000076 ,80.9791,119.58
2017,4,17,2,30,-0.348934165,7.928520761,0.00000076 ,152.578,134.562
2017,4,17,3,0,-0.348109858,7.909790757,0.00000076 ,14.2772,135.689
2017,4,17,3,30,-0.345665983,7.854260757,0.00000076 ,152.467,135.905
2017,4,17,4,0,0.268997922,-6.11219925,0.00000075 ,65.965,-159.121
2017,4,17,4,30,-0.164526104,3.738380745,0.00000075 ,117.438,163.097
2017,4,17,5,0,-0.347315477,7.891740741,0.00000074 ,18.3268,138.261
2017,4,17,5,30,-0.020269466,0.460565745,0.00000075 ,100.068,64.444
2017,4,17,6,0,-0.215090073,4.887300755,0.00000076 ,57.5429,92.2065
2017,4,17,6,30,-0.226587245,5.148540761,0.00000076 ,91.4176,98.3797
2017,4,17,7,0,-0.207019959,4.703930765,0.00000077 ,77.0455,96.0352
2017,4,17,7,30,-0.129859427,2.950680776,0.00000078 ,118.202,45.3397
2017,4,17,8,0,-0.219197966,4.980640771,0.00000077 ,24.5915,93.3918
2017,4,17,8,30,0.020610279,-0.468308235,0.00000077 ,-4.47605,39.9702
2017,4,17,9,0,0.027163984,-0.617222235,0.00000077 ,-21.5569,31.6249
2017,4,17,9,30,-0.140144124,3.184370749,0.00000075 ,100.879,6.06905
2017,4,17,10,0,-0.031026126,0.704979734,0.00000073 ,6.792,-4.66303
2017,4,17,10,30,-0.14620034,3.321980747,0.00000075 ,-6.81096,70.6328
2017,4,17,11,0,0.089012425,-2.022549252,0.00000075 ,-40.3759,0.948558
2017,4,17,11,30,-0.140288036,3.187640755,0.00000076 ,31.8544,70.627
2017,4,17,12,0,-0.086322534,1.96143076,0.00000076 ,16.6453,83.0523
2017,4,17,12,30,-0.10241083,2.326990757,0.00000076 ,24.3885,82.5722
2017,4,17,13,0,-0.082068528,1.864770767,0.00000077 ,13.8733,68.457
2017,4,17,13,30,-0.022489506,0.511009773,0.00000077 ,16.0725,79.8476
2017,4,17,14,0,-0.067285569,1.528870761,0.00000076 ,-14.5436,72.5849
2017,4,17,14,30,1.147402314,-26.07139924,0.00000076 ,19.385,83.0523
2017,4,17,15,0,-0.067285569,1.528870756,0.00000076 ,17.179,72.5849
2017,4,17,15,30,-0.022489506,0.511009746,0.00000075 ,16.0725,66.3254
2017,4,17,16,0,-0.074033182,1.682190738,0.00000074 ,-22.0335,88.5106
2017,4,17,16,30,0.055031424,-1.250429267,0.00000073 ,-14.6468,70.0514
2017,4,17,17,0,0.165995598,-3.771769268,0.00000073 ,-45.776,42.9363
2017,4,17,17,30,-0.209599385,4.76254073,0.00000073 ,76.7667,96.7328
2017,4,17,18,0,-0.279479784,6.350370726,0.00000073 ,79.4713,180.949
2017,4,17,18,30,-0.344909451,7.837070726,0.00000073 ,223.173,137.025
2017,4,17,19,0,-0.055809521,1.268110724,0.00000072 ,157.918,126.036
2017,4,17,19,30,-0.286756397,6.515710723,0.00000072 ,345.824,142.872
2017,4,17,20,0,-0.350481117,7.963670723,0.00000072 ,81.3785,139.043
2017,4,17,20,30,-1.042724529,23.69290073,0.00000073 ,98.4005,175.067
2017,4,17,21,0,-0.301404245,6.848540726,0.00000073 ,194.585,152.586
2017,4,17,21,30,-0.65900574,14.97400073,0.00000073 ,213.233,122.859
2017,4,17,22,0,-0.492524712,11.19120074,0.00000074 ,111.022,101.131
2017,4,17,22,30,-0.729135675,16.56750075,0.00000076 ,235.803,166.793
2017,4,17,23,0,-0.661707954,15.03540076,0.00000076 ,285.842,213.782
2017,4,17,23,30,-0.364162065,8.274530764,0.00000076 ,172.603,163.001
2017,4,17,24,0,-0.356448433,8.099260766,0.00000077 ,122.16,138.094
2017,4,18,0,30,-0.878162337,19.95370077,0.00000077 ,213.861,271.988
2017,4,18,1,0,-0.289824334,6.585420764,0.00000076 ,127.286,137.927
2017,4,18,1,30,-0.32413277,7.364980764,0.00000076 ,179.802,64.2732
2017,4,18,2,0,-0.040676463,0.92425576,0.00000076 ,237.591,112.079
2017,4,18,2,30,-0.423840946,9.630560753,0.00000075 ,319.487,80.6843
2017,4,18,3,0,-0.432128029,9.818860751,0.00000075 ,378.542,115.544
2017,4,18,3,30,-0.419914814,9.541350751,0.00000075 ,345.188,140.607
2017,4,18,4,0,-0.530566956,12.05560075,0.00000075 ,259.375,177.267
2017,4,18,4,30,-0.557813547,12.67470075,0.00000075 ,290.909,162.786
2017,4,18,5,0,-0.220559196,5.011570748,0.00000075 ,280.363,119.158
2017,4,18,5,30,-0.492920802,11.20020075,0.00000075 ,-130.595,139.028
2017,4,18,6,0,-0.213954615,4.861500746,0.00000075 ,-39.3165,94.995
2017,4,18,6,30,-1.031251122,23.43220075,0.00000075 ,-4.77394,85.7639
2017,4,18,7,0,-0.065351769,1.484930752,0.00000075 ,-26.2536,59.8803
2017,4,18,7,30,-0.088050367,2.000690759,0.00000076 ,-68.7675,91.0275
2017,4,18,8,0,-0.032739611,0.743913772,0.00000077 ,-70.557,83.3017
2017,4,18,8,30,0.02867872,-0.651640224,0.00000078 ,141.801,93.4226
2017,4,18,9,0,0.018548367,-0.421457228,0.00000077 ,141.231,89.8373
2017,4,18,9,30,0.053233616,-1.209579216,0.00000078 ,325.908,186.388
2017,4,18,10,0,0.202959597,-4.611669205,0.00000080 ,-46.2884,184.333
2017,4,18,10,30,0.038321531,-0.870745188,0.00000081 ,330.711,64.617
2017,4,18,11,0,0.013530963,-0.307451187,0.00000081 ,276.004,170.116
2017,4,18,11,30,0.070683581,-1.606079189,0.00000081 ,426.522,37.8344
2017,4,18,12,0,0.059202692,-1.34520918,0.00000082 ,344.787,83.5091
2017,4,18,12,30,0.03505172,-0.796448177,0.00000082 ,-61.1474,-47.7852
2017,4,18,13,0,0.01367087,-0.310630173,0.00000083 ,-57.7708,170.116
2017,4,18,13,30,0.065680524,-1.492399159,0.00000084 ,-33.442,19.4648
2017,4,18,14,0,0.022460063,-0.51033916,0.00000084 ,329.795,212.866
2017,4,18,14,30,0.033284455,-0.756292152,0.00000085 ,224.146,177.866
2017,4,18,15,0,0.023107715,-0.525055143,0.00000086 ,231.728,229.907
2017,4,18,15,30,0.01642242,-0.373151139,0.00000086 ,248.442,276.108
2017,4,18,16,0,0.385315912,-8.755189141,0.00000086 ,126.625,93.0291
2017,4,18,16,30,-0.046005854,1.045350863,0.00000086 ,-7.43452,60.4937
2017,4,18,17,0,0.024767596,-0.562771137,0.00000086 ,-23.915,118.977
2017,4,18,17,30,-0.033256597,0.755660859,0.00000086 ,73.5251,99.7185
2017,4,18,18,0,-0.038669166,0.878645852,0.00000085 ,24.9155,85.0307
2017,4,18,18,30,-0.114114409,2.592920839,0.00000084 ,-11.9341,472.391
2017,4,18,19,0,0.106480435,-2.419459173,0.00000083 ,-7.98686,-4.26783
2017,4,18,19,30,0.249111123,-5.660329185,0.00000082 ,-6.54511,98.7942
2017,4,18,20,0,0.106444787,-2.418649212,0.00000079 ,170.747,45.5374
2017,4,18,20,30,-0.354473704,8.054390752,0.00000075 ,155.569,131.977
2017,4,18,21,0,-0.310653827,7.058710718,0.00000072 ,32.2087,349.181
2017,4,18,21,30,-0.225490956,5.123630703,0.00000070 ,5.63812,193.378
2017,4,18,22,0,-0.290794755,6.607470692,0.00000069 ,90.8545,184.001
2017,4,18,22,30,-0.455208633,10.34330069,0.00000069 ,137.114,226.848
2017,4,18,23,0,-0.566791587,12.87870069,0.00000069 ,199.536,209.917
2017,4,18,23,30,-0.490046949,11.13490069,0.00000069 ,194.349,186.498
2017,4,18,24,0,-0.363578053,8.261260679,0.00000068 ,124.843,142.153
2017,4,19,0,30,-0.601841151,13.67510066,0.00000066 ,346.475,205.889
2017,4,19,1,0,-0.577952523,13.13230066,0.00000066 ,150.358,255.572
2017,4,19,1,30,-0.292029235,6.63552066,0.00000066 ,127.344,124.676
2017,4,19,2,0,-1.340843868,30.46680065,0.00000065 ,380.915,586.478
2017,4,19,2,30,-0.373564802,8.488180632,0.00000063 ,182.606,121.301
2017,4,19,3,0,-0.457558767,10.39670063,0.00000063 ,178.253,723.739
2017,4,19,3,30,-0.304201961,6.912110634,0.00000063 ,109.213,133.296
2017,4,19,4,0,-1.080141831,24.54310063,0.00000063 ,171.968,176.369
2017,4,19,4,30,-0.562342176,12.77760063,0.00000063 ,278.457,68.9125
2017,4,19,5,0,-0.323411446,7.348590632,0.00000063 ,81.0555,72.1217
2017,4,19,5,30,-0.752298138,17.09380064,0.00000064 ,192.992,207.685
2017,4,19,6,0,-0.538141077,12.22770067,0.00000067 ,17.8837,203.683
2017,4,19,6,30,-0.427886345,9.722480695,0.00000070 ,278.547,117.995
2017,4,19,7,0,-0.256628031,5.831130735,0.00000074 ,-1.66453,97.7985
2017,4,19,7,30,-0.107889635,2.451480771,0.00000077 ,122.342,79.8075
2017,4,19,8,0,-0.063994941,1.454100786,0.00000079 ,195.104,51.9809
2017,4,19,8,30,-0.101864666,2.31458079,0.00000079 ,188.368,36.1637
2017,4,19,9,0,-0.014099044,0.320360798,0.00000080 ,259.644,18.3311
2017,4,19,9,30,0.039663924,-0.901247189,0.00000081 ,389.02,185.858
2017,4,19,10,0,0.05153659,-1.171019177,0.00000082 ,436.284,221.05
2017,4,19,10,30,0.065386097,-1.485709168,0.00000083 ,472.195,156.979
2017,4,19,11,0,0.088255013,-2.005339161,0.00000084 ,495.002,19.4648
2017,4,19,11,30,0.062637233,-1.42324915,0.00000085 ,522.963,19.4648
2017,4,19,12,0,0.05844704,-1.328039146,0.00000085 ,529.042,-56.5585
2017,4,19,12,30,0.067692221,-1.538109135,0.00000087 ,532.337,-56.4542
2017,4,19,13,0,0.04467147,-1.015029124,0.00000088 ,519.704,62.7995
2017,4,19,13,30,0.025224023,-0.573142118,0.00000088 ,499.264,73.0535
2017,4,19,14,0,0.056357446,-1.280559119,0.00000088 ,498.354,257.571
2017,4,19,14,30,0.01889116,-0.429246111,0.00000089 ,434.213,496.256
2017,4,19,15,0,0.038088366,-0.865447104,0.00000090 ,381.402,-97.9483
2017,4,19,15,30,0.010417871,-0.236715099,0.00000090 ,325.028,334.359
2017,4,19,16,0,0.021789131,-0.495094094,0.00000091 ,267.51,271.084
2017,4,19,16,30,0.01661844,-0.377605092,0.00000091 ,227.238,4.62863
2017,4,19,17,0,0.014673198,-0.333405095,0.00000091 ,-25.5945,99.2799
2017,4,19,17,30,0.007431705,-0.168863097,0.00000090 ,93.1,86.6605
2017,4,19,18,0,0.033818516,-0.768427102,0.00000090 ,-30.8277,3.14111
2017,4,19,18,30,0.022486073,-0.510930117,0.00000088 ,-12.9222,20.6858
2017,4,19,19,0,-0.079117657,1.79772087,0.00000087 ,150.653,58.9658
2017,4,19,19,30,-0.137344648,3.120760854,0.00000085 ,154.689,147.662
2017,4,19,20,0,-0.170164665,3.866500841,0.00000084 ,113.481,74.3482
2017,4,19,20,30,-0.359330648,8.164750833,0.00000083 ,259.062,147.025
2017,4,19,21,0,-0.286825053,6.517270796,0.00000080 ,52.3662,110.169
2017,4,19,21,30,-0.252854614,5.745390788,0.00000079 ,109.554,74.6125
2017,4,19,22,0,-0.310994024,7.066440773,0.00000077 ,88.6793,43.3819
2017,4,19,22,30,-0.414031557,9.407670762,0.00000076 ,142.942,87.8299
2017,4,19,23,0,-1.002389364,22.77640075,0.00000075 ,312.645,70.9834
2017,4,19,23,30,-0.389430407,8.848680745,0.00000075 ,234.12,98.7942
2017,4,19,24,0,-0.283241318,6.435840738,0.00000074 ,61.7198,12.7686
2017,4,20,0,30,0.96241068,-21.86799927,0.00000073 ,210.958,-146.608
2017,4,20,1,0,-0.184429626,4.190630717,0.00000072 ,125.798,129.444
2017,4,20,1,30,-0.308300612,7.005240713,0.00000071 ,40.3792,186.589
2017,4,20,2,0,-0.387317487,8.800670703,0.00000070 ,15.2967,147.832
2017,4,20,2,30,-0.365269357,8.299690693,0.00000069 ,140.867,125.242
2017,4,20,3,0,0.286419721,-6.508059325,0.00000068 ,66.2351,64.5598
2017,4,20,3,30,-0.237690088,5.400820676,0.00000068 ,231.717,97.3467
2017,4,20,4,0,-0.406614551,9.239140666,0.00000067 ,102.292,88.9833
2017,4,20,4,30,-0.390565865,8.874480672,0.00000067 ,139.708,71.6767
2017,4,20,5,0,-0.217701626,4.946640664,0.00000066 ,59.3455,28.7603
2017,4,20,5,30,-0.233036471,5.295080683,0.00000068 ,55.2069,56.7488
2017,4,20,6,0,-0.293403227,6.666740728,0.00000073 ,109.74,86.1368
2017,4,20,6,30,-0.272757256,6.19762075,0.00000075 ,-55.9204,82.1881
2017,4,20,7,0,-0.043183668,0.981224775,0.00000078 ,36.8008,76.3619
2017,4,20,7,30,-0.093157727,2.116740808,0.00000081 ,78.7861,54.1701
2017,4,20,8,0,-0.065725414,1.493420836,0.00000084 ,472.219,220.246
2017,4,20,8,30,0.01722569,-0.391403151,0.00000085 ,268.497,256.303
2017,4,20,9,0,0.010550517,-0.239729141,0.00000086 ,343.361,262.581
2017,4,20,9,30,0.019387329,-0.440520128,0.00000087 ,388.908,244.174
2017,4,20,10,0,0.10936397,-2.484979115,0.00000089 ,421.756,369.822
2017,4,20,10,30,0.164364587,-3.734709113,0.00000089 ,454.551,239.065
2017,4,20,11,0,0.08749056,-1.987969095,0.00000091 ,497.444,65.3199
2017,4,20,11,30,0.08881394,-2.018039092,0.00000091 ,507.46,65.3199
2017,4,20,12,0,0.116484788,-2.646779088,0.00000091 ,524.56,65.3199
2017,4,20,12,30,0.080556344,-1.830409078,0.00000092 ,532.336,-147.179
2017,4,20,13,0,0.062331363,-1.416299072,0.00000093 ,509.668,119.708
2017,4,20,13,30,0.02491987,-0.56623107,0.00000093 ,520.284,-120.987
2017,4,20,14,0,0.013375827,-0.303926065,0.00000094 ,202.744,-58.4351
2017,4,20,14,30,0.067315055,-1.529539065,0.00000094 ,354.648,379.755
2017,4,20,15,0,0.090682165,-2.060489053,0.00000095 ,226.136,236.256
2017,4,20,15,30,0.063080853,-1.43332906,0.00000094 ,329.684,229.772
2017,4,20,16,0,0.013450732,-0.30562806,0.00000094 ,52.3153,-59.4608
2017,4,20,16,30,0.017811287,-0.404709059,0.00000094 ,106.442,-43.9398
2017,4,20,17,0,-0.033710472,0.765973953,0.00000095 ,104.589,125.604
2017,4,20,17,30,-0.129160108,2.934790945,0.00000095 ,63.2864,111.143
2017,4,20,18,0,-0.107587726,2.444620937,0.00000094 ,19.4415,71.7982
2017,4,20,18,30,-0.030508832,0.693225928,0.00000093 ,-2.42818,6.55527
2017,4,20,19,0,0.017817581,-0.404852095,0.00000091 ,-35.7238,5.67898
2017,4,20,19,30,-0.281254707,6.390700887,0.00000089 ,124.766,148.396
2017,4,20,20,0,-0.178686761,4.06014085,0.00000085 ,75.3875,36.2758
2017,4,20,20,30,-0.186325137,4.233700827,0.00000083 ,104.261,33.3986
2017,4,20,21,0,-0.543505896,12.34960081,0.00000081 ,141.232,42.6074
2017,4,20,21,30,-0.446177781,10.1381008,0.00000080 ,188.049,42.3472
2017,4,20,22,0,-0.460014525,10.45250078,0.00000078 ,136.407,78.5982
2017,4,20,22,30,-0.374514098,8.509750771,0.00000077 ,184.53,101.12
2017,4,20,23,0,-0.644975352,14.65520077,0.00000077 ,194.902,90.572
2017,4,20,23,30,-0.426118903,9.682320756,0.00000076 ,269.982,86.6685
2017,4,20,24,0,-0.331829239,7.539860742,0.00000074 ,113.962,67.1094
2017,4,21,0,30,-0.316016006,7.180550723,0.00000072 ,117.448,61.2104
2017,4,21,1,0,-0.305894586,6.950570719,0.00000072 ,176.081,82.8392
2017,4,21,1,30,-0.519881328,11.81280071,0.00000071 ,143.082,161.279
2017,4,21,2,0,-0.54717633,12.4330007,0.00000070 ,170.217,107.453
2017,4,21,2,30,-0.140850044,3.200410692,0.00000069 ,41.3074,103.309
2017,4,21,3,0,-0.187331646,4.25657069,0.00000069 ,28.2842,40.7375
2017,4,21,3,30,-0.218030821,4.954120692,0.00000069 ,29.6037,50.3364
2017,4,21,4,0,-0.269199928,6.116790686,0.00000069 ,47.2756,68.6024
2017,4,21,4,30,-0.179063047,4.068690681,0.00000068 ,82.1874,45.6584
2017,4,21,5,0,-0.50395851,11.45100067,0.00000067 ,106.372,98.3089
2017,4,21,5,30,-0.321842049,7.312930679,0.00000068 ,84.1142,70.4296
2017,4,21,6,0,-0.13251543,3.011030718,0.00000072 ,35.6484,36.4125
2017,4,21,6,30,-0.250881646,5.700560742,0.00000074 ,-17.0062,107.945
2017,4,21,7,0,-0.079866707,1.814740762,0.00000076 ,39.8468,28.748
2017,4,21,7,30,-0.039922879,0.907132783,0.00000078 ,3.65364,252.226
2017,4,21,8,0,-0.009399392,0.213574819,0.00000082 ,179.999,179.993
2017,4,21,8,30,0.021415794,-0.486611157,0.00000084 ,233.584,153.726
2017,4,21,9,0,0.012596498,-0.286218125,0.00000088 ,365.468,342.022
2017,4,21,9,30,0.018306972,-0.4159721,0.00000090 ,442.082,331.859
2017,4,21,10,0,0.079753162,-1.812159085,0.00000092 ,443.358,373.828
2017,4,21,10,30,-0.023166996,0.526403935,0.00000094 ,287.731,-3.19968
2017,4,21,11,0,0.097473788,-2.214809061,0.00000094 ,337.051,338.593
2017,4,21,11,30,0.093471079,-2.123859051,0.00000095 ,364.542,269.76
2017,4,21,12,0,0.409881414,-9.313369041,0.00000096 ,542.633,787.769
2017,4,21,12,30,0.090009252,-2.045199039,0.00000096 ,426.478,151.257
2017,4,21,13,0,0.030670965,-0.696908032,0.00000097 ,384.373,279.686
2017,4,21,13,30,0.009526537,-0.216462036,0.00000096 ,275.423,184.55
2017,4,21,14,0,0.010794421,-0.245271041,0.00000096 ,268.219,149.87
2017,4,21,14,30,0.036608706,-0.831826041,0.00000096 ,250.674,222.063
2017,4,21,15,0,0.003847134,-0.087414041,0.00000096 ,237.648,173.472
2017,4,21,15,30,-0.008925448,0.202805956,0.00000096 ,79.6263,228.393
2017,4,21,16,0,-0.031500069,0.715748958,0.00000096 ,38.6864,53.422
2017,4,21,16,30,-0.047867477,1.087650961,0.00000096 ,52.1011,58.2321
2017,4,21,17,0,-0.016985571,0.385948961,0.00000096 ,22.4381,75.1862
2017,4,21,17,30,-0.188737765,4.288520959,0.00000096 ,36.3345,91.723
2017,4,21,18,0,-0.061821727,1.404720955,0.00000096 ,19.5359,97.8741
2017,4,21,18,30,-0.162407903,3.690250947,0.00000095 ,41.6096,3.9511
2017,4,21,19,0,-0.400828997,9.107680938,0.00000094 ,9.72115,44.5327
2017,4,21,19,30,-0.408370991,9.279050926,0.00000093 ,32.7989,34.0297
2017,4,21,20,0,-0.408734513,9.2873109,0.00000090 ,161.615,200.468
2017,4,21,20,30,-0.637278003,14.48030087,0.00000087 ,117.518,141.206
2017,4,21,21,0,-0.64267803,14.60300085,0.00000085 ,217.346,228.117
2017,4,21,21,30,-0.511686666,11.62660083,0.00000083 ,196.279,125.948
2017,4,21,22,0,-0.792118386,17.99860082,0.00000082 ,397.824,234.661
2017,4,21,22,30,-1.027598292,23.3492008,0.00000080 ,617.759,264.439
2017,4,21,23,0,-0.475374015,10.8015008,0.00000080 ,134.418,95.9172
2017,4,21,23,30,-0.592612254,13.46540079,0.00000079 ,80.1976,179.822
2017,4,21,24,0,-0.361924597,8.223690789,0.00000079 ,88.6653,91.6882
2017,4,22,0,30,-0.369457349,8.394850801,0.00000080 ,74.3027,119.126
2017,4,22,1,0,-0.290098957,6.591660815,0.00000082 ,87.2969,94.5191
2017,4,22,1,30,-0.682379451,15.50510083,0.00000083 ,263.565,228.688
2017,4,22,2,0,-0.325151601,7.388130841,0.00000084 ,105.176,124.62
2017,4,22,2,30,-0.301233047,6.844650831,0.00000083 ,79.8078,71.6671
2017,4,22,3,0,-0.315077712,7.15923084,0.00000084 ,51.4212,73.1641
2017,4,22,3,30,-0.526650066,11.96660086,0.00000086 ,74.897,140.301
2017,4,22,4,0,-0.364386956,8.279640868,0.00000087 ,55.0589,95.4662
2017,4,22,4,30,-0.410070217,9.317660875,0.00000088 ,131.568,119.648
2017,4,22,5,0,-0.07015238,1.594010876,0.00000088 ,73.1868,46.738
2017,4,22,5,30,-0.075489913,1.715290871,0.00000087 ,36.5948,30.884
2017,4,22,6,0,-0.207237809,4.708880879,0.00000088 ,20.043,91.5161
2017,4,22,6,30,-0.058946554,1.339390882,0.00000088 ,44.8274,38.5979
2017,4,22,7,0,-0.033838453,0.768881862,0.00000086 ,99.5852,44.0672
2017,4,22,7,30,-0.018968354,0.431001794,0.00000079 ,30.3418,-42.0792
2017,4,22,8,0,-0.17889933,4.064970797,0.00000080 ,46.1888,80.6017
2017,4,22,8,30,-0.18479579,4.198950807,0.00000081 ,5.55105,-17.7474
2017,4,22,9,0,0.040395679,-0.9178742,0.00000080 ,171.647,315.728
2017,4,22,9,30,-0.025262664,0.574021812,0.00000081 ,129.862,-97.6922
2017,4,22,10,0,0.063025841,-1.432079192,0.00000081 ,-28.3012,173.802
2017,4,22,10,30,-0.02748134,0.624434805,0.00000081 ,140.966,164.556
2017,4,22,11,0,0.212330646,-4.824599191,0.00000081 ,-77.9529,247.317
2017,4,22,11,30,-0.040831202,0.927771805,0.00000081 ,86.325,49.4792
2017,4,22,12,0,-0.042874674,0.9742038,0.00000080 ,23.1341,87.1353
2017,4,22,12,30,0.053282467,-1.210689204,0.00000080 ,74.0465,32.8081
2017,4,22,13,0,-0.060168272,1.36715076,0.00000076 ,24.3466,93.5692
2017,4,22,13,30,0.010842656,-0.246367249,0.00000075 ,29.0407,104.708
2017,4,22,14,0,0.059038535,-1.34147923,0.00000077 ,-20.8035,142.832
2017,4,22,14,30,-0.038581322,0.876649752,0.00000075 ,42.5776,2.86674
2017,4,22,15,0,0.097954817,-2.225739275,0.00000073 ,6.01353,87.1353
2017,4,22,15,30,0.055031424,-1.250429283,0.00000072 ,-13.5715,74.8058
2017,4,22,16,0,-0.025910888,0.588750713,0.00000071 ,15.3146,85.2452
2017,4,22,16,30,-0.082294739,1.869910717,0.00000072 ,21.8999,76.6615
2017,4,22,17,0,-0.07187009,1.633040722,0.00000072 ,-18.5524,75.3173
2017,4,22,17,30,-0.123458612,2.805240725,0.00000073 ,25.3758,77.733
2017,4,22,18,0,-0.103962182,2.362240715,0.00000072 ,-14.8159,114.373
2017,4,22,18,30,-0.195338825,4.438510716,0.00000072 ,53.0178,74.1144
2017,4,22,19,0,-0.807059781,18.33810071,0.00000071 ,62.8147,298.097
2017,4,22,19,30,-1.199180079,27.24790071,0.00000071 ,88.2649,435.444
2017,4,22,20,0,-0.566958825,12.88250071,0.00000071 ,97.8113,244.463
2017,4,22,20,30,-0.979596585,22.2585007,0.00000070 ,239.777,193.377
2017,4,22,21,0,-0.309093673,7.023260693,0.00000069 ,206.632,28.8027
2017,4,22,21,30,-0.266958499,6.065860692,0.00000069 ,214.544,83.2644
2017,4,22,22,0,-0.735327882,16.70820069,0.00000069 ,168.925,217.448
2017,4,22,22,30,-0.650771469,14.78690069,0.00000069 ,103.989,258.851
2017,4,22,23,0,-0.617156631,14.02310069,0.00000069 ,246.173,301.146
2017,4,22,23,30,-0.480796047,10.92470069,0.00000069 ,180.091,230.507
2017,4,22,24,0,-0.392398881,8.916130685,0.00000069 ,193.844,156.367
2017,4,23,0,30,-0.517187916,11.75160068,0.00000068 ,303.681,236.369
2017,4,23,1,0,-0.298162469,6.774880682,0.00000068 ,144.192,102.072
2017,4,23,1,30,-0.24562025,5.581010681,0.00000068 ,226.093,115.11
2017,4,23,2,0,-0.405485255,9.21348068,0.00000068 ,363.908,216.981
2017,4,23,2,30,-0.21270165,4.83303068,0.00000068 ,49.3563,129.069
2017,4,23,3,0,-0.235705677,5.355730678,0.00000068 ,246.135,168.858
2017,4,23,3,30,-0.32325433,7.345020677,0.00000068 ,127.606,193.039
2017,4,23,4,0,-0.412847688,9.380770675,0.00000068 ,770.6,185.779
2017,4,23,4,30,-0.601722324,13.67240067,0.00000067 ,258.781,179.548
2017,4,23,5,0,-0.525052503,11.93030067,0.00000067 ,171.693,208.471
2017,4,23,5,30,-0.423134145,9.614500668,0.00000067 ,145.063,153.769
2017,4,23,6,0,-0.180104764,4.092360668,0.00000067 ,19.0285,71.5216
2017,4,23,6,30,-0.200537726,4.556640675,0.00000068 ,61.6555,153.473
2017,4,23,7,0,-0.193527374,4.397350677,0.00000068 ,56.1873,162.858
2017,4,23,7,30,-0.077981319,1.771900681,0.00000068 ,14.2832,189.878
2017,4,23,8,0,-0.104793531,2.381130681,0.00000068 ,-15.0713,79.1979
2017,4,23,8,30,0.006805662,-0.154638314,0.00000069 ,28.3788,72.6366
2017,4,23,9,0,-0.015442625,0.350889691,0.00000069 ,21.4406,-14.9279
2017,4,23,9,30,0.019069577,-0.433300305,0.00000070 ,37.7403,-43.8775
2017,4,23,10,0,-0.050794142,1.154150695,0.00000070 ,12.8431,-1.55358
2017,4,23,10,30,0.126921759,-2.883929305,0.00000070 ,-16.5173,7.87571
2017,4,23,11,0,0.30463766,-6.922009305,0.00000070 ,-45.8776,17.305
2017,4,23,11,30,-0.039207101,0.890868703,0.00000070 ,52.9636,59.818
2017,4,23,12,0,-0.006648679,0.151072714,0.00000071 ,150.283,138.848
2017,4,23,12,30,0.004068196,-0.092437275,0.00000073 ,293.977,145.682
2017,4,23,13,0,-0.074440274,1.691440743,0.00000074 ,212.373,223.433
2017,4,23,13,30,-0.030721401,0.698055742,0.00000074 ,88.4538,142.832
2017,4,23,14,0,0.007629222,-0.173351251,0.00000075 ,101.201,183.314
2017,4,23,14,30,-0.053811027,1.222700745,0.00000075 ,41.8703,-2.4936
2017,4,23,15,0,-0.038099325,0.86569775,0.00000075 ,77.3669,49.4792
2017,4,23,15,30,-0.031924458,0.725391753,0.00000075 ,85.3296,142.832
2017,4,23,16,0,-0.035608535,0.809101754,0.00000075 ,33.6859,59.9151
2017,4,23,16,30,-0.056285709,1.278930754,0.00000075 ,0.835925,59.818
2017,4,23,17,0,-0.019830114,0.450582759,0.00000076 ,31.7472,106.365
2017,4,23,17,30,-0.053260902,1.210200759,0.00000076 ,14.2832,91.9208
2017,4,23,18,0,-0.119203726,2.708560752,0.00000075 ,19.6995,76.2306
2017,4,23,18,30,-0.056221455,1.277470753,0.00000075 ,52.9505,95.2416
2017,4,23,19,0,-0.204057206,4.636610736,0.00000074 ,51.0931,75.8869
2017,4,23,19,30,-0.429294665,9.754480722,0.00000072 ,148.404,155.122
2017,4,23,20,0,-0.427226635,9.707490709,0.00000071 ,6.61794,14.0022
2017,4,23,20,30,-0.439978532,9.997240707,0.00000071 ,90.7894,60.0595
2017,4,23,21,0,-0.49326408,11.2080007,0.00000070 ,71.5718,105.61
2017,4,23,21,30,-0.444549411,10.10110068,0.00000068 ,64.9655,150.736
2017,4,23,22,0,-0.333863821,7.586090659,0.00000066 ,153.185,115.31
2017,4,23,22,30,-0.545376321,12.39210065,0.00000065 ,200.401,168.286
2017,4,23,23,0,-0.441706365,10.03650064,0.00000064 ,160.198,211.522
2017,4,23,23,30,-0.543822768,12.35680063,0.00000063 ,317.033,434.416
2017,4,23,24,0,-0.349302089,7.936880633,0.00000063 ,215.335,449.663
2017,4,24,0,30,-0.150213172,3.413160627,0.00000063 ,172.602,121.431
2017,4,24,1,0,-0.186096285,4.228500631,0.00000063 ,264.887,195.398
2017,4,24,1,30,-0.113219686,2.572590618,0.00000062 ,240.921,144.523
2017,4,24,2,0,-0.149008618,3.385790618,0.00000062 ,235.003,181.443
2017,4,24,2,30,-0.274216628,6.230780623,0.00000062 ,353.029,356.784
2017,4,24,3,0,-0.128629347,2.922730623,0.00000062 ,237.77,165.184
2017,4,24,3,30,-0.163555683,3.716330614,0.00000061 ,269.912,206.203
2017,4,24,4,0,-0.135512071,3.079120616,0.00000062 ,251.503,204.011
2017,4,24,4,30,-0.127242592,2.89122061,0.00000061 ,206.018,236.241
2017,4,24,5,0,-0.084817392,1.927230606,0.00000061 ,174.356,197.342
2017,4,24,5,30,-0.059647633,1.355320622,0.00000062 ,102.741,125.428
2017,4,24,6,0,-0.070011988,1.59082066,0.00000066 ,72.4405,178.92
2017,4,24,6,30,-0.018935303,0.430250696,0.00000070 ,47.2694,91.2476
2017,4,24,7,0,-0.007870748,0.178840698,0.00000070 ,0.192578,120.739
2017,4,24,7,30,-0.030016492,0.682038747,0.00000075 ,224.626,56.2468
2017,4,24,8,0,0.03021731,-0.686600212,0.00000079 ,222.644,32.4977
2017,4,24,8,30,0.00829122,-0.188393195,0.00000081 ,302.37,188.132
2017,4,24,9,0,0.01585381,-0.360231184,0.00000082 ,354.575,80.4437
2017,4,24,9,30,0.126901075,-2.883459175,0.00000083 ,391.665,47.93
2017,4,24,10,0,-0.013411387,0.304735828,0.00000083 ,194.908,151.437
2017,4,24,10,30,0.013894925,-0.31572118,0.00000082 ,157.38,174.91
2017,4,24,11,0,0.052398746,-1.190609202,0.00000080 ,-17.5797,65.9956
2017,4,24,11,30,0.17181372,-3.90396918,0.00000082 ,137.258,187.975
2017,4,24,12,0,-0.165404103,3.758330835,0.00000084 ,600.186,-199.736
2017,4,24,12,30,-0.128481914,2.919380852,0.00000085 ,468.821,-13.8898
2017,4,24,13,0,0.09347636,-2.123979155,0.00000085 ,423.333,160.789
2017,4,24,13,30,-0.009230437,0.209735837,0.00000084 ,82.8247,130.589
2017,4,24,14,0,-0.001795608,0.040800848,0.00000085 ,341.05,188.132
2017,4,24,14,30,-0.021773331,0.494736848,0.00000085 ,206.393,177.745
2017,4,24,15,0,-0.195237602,4.436210851,0.00000085 ,169.696,-30.8972
2017,4,24,15,30,-0.090632434,2.059360858,0.00000086 ,35.212,91.1251
2017,4,24,16,0,0.176615651,-4.013079151,0.00000085 ,108.563,65.9956
2017,4,24,16,30,-0.018768637,0.426463802,0.00000080 ,42.8135,90.1012
2017,4,24,17,0,0.185744645,-4.220509214,0.00000079 ,103.033,44.8002
2017,4,24,17,30,-0.097708802,2.220150782,0.00000078 ,34.9431,79.8242
2017,4,24,18,0,-0.207276538,4.709760752,0.00000075 ,50.1926,77.8218
2017,4,24,18,30,0.086857256,-1.973579258,0.00000074 ,-34.7402,17.0174
2017,4,24,19,0,-1.158642468,26.32680074,0.00000074 ,199.76,149.477
2017,4,24,19,30,-1.337688351,30.39510073,0.00000073 ,159.742,186.179
2017,4,24,20,0,-0.266821187,6.062740718,0.00000072 ,148.645,180.744
2017,4,24,20,30,-0.464054643,10.54430071,0.00000071 ,194.146,167.544
2017,4,24,21,0,-0.709674453,16.12530071,0.00000071 ,86.4766,101.115
2017,4,24,21,30,-0.378503604,8.6004007,0.00000070 ,24.3313,178.981
2017,4,24,22,0,-1.355635629,30.8029007,0.00000070 ,78.1294,695.821
2017,4,24,22,30,-0.44872596,10.19600069,0.00000069 ,140.432,211.556
2017,4,24,23,0,-0.361684742,8.218240691,0.00000069 ,201.531,175.65
2017,4,24,23,30,-0.215193497,4.889650697,0.00000070 ,118.922,79.3007
2017,4,24,24,0,-0.27660065,6.284950728,0.00000073 ,155.917,205.838
2017,4,25,0,30,-0.267724713,6.083270739,0.00000074 ,238.325,122.67
2017,4,25,1,0,-0.21173299,4.811020738,0.00000074 ,190.682,218.593
2017,4,25,1,30,-0.238689995,5.423540738,0.00000074 ,199.388,199.499
2017,4,25,2,0,-0.249936751,5.679090737,0.00000074 ,214.369,205.114
2017,4,25,2,30,-0.174953393,3.975310735,0.00000074 ,208.066,149.232
2017,4,25,3,0,-0.397117634,9.02335073,0.00000073 ,364.967,320.223
2017,4,25,3,30,-0.232771531,5.289060728,0.00000073 ,199.288,193.701
2017,4,25,4,0,-0.179790532,4.085220729,0.00000073 ,143.373,115.553
2017,4,25,4,30,-0.135247131,3.073100732,0.00000073 ,107.15,96.1746
2017,4,25,5,0,-0.02282231,0.518571733,0.00000073 ,11.9142,23.402
2017,4,25,5,30,-0.346160215,7.865490732,0.00000073 ,113.31,231.124
2017,4,25,6,0,-0.208555468,4.738820733,0.00000073 ,58.864,80.0601
2017,4,25,6,30,-0.00463839,0.105394736,0.00000074 ,-5.26946,18.0277
2017,4,25,7,0,0.036590046,-0.831402262,0.00000074 ,-11.8603,18.3365
2017,4,25,7,30,0.035947852,-0.816810264,0.00000074 ,22.3401,90.1512
2017,4,25,8,0,-0.004000509,0.090900733,0.00000073 ,-3.13369,89.2804
2017,4,25,8,30,0.077818482,-1.768199259,0.00000074 ,-18.4512,18.6454
2017,4,25,9,0,0.032244587,-0.732664261,0.00000074 ,-7.6164,128.567
2017,4,25,9,30,0.083998806,-1.90862925,0.00000075 ,68.9214,149.885
2017,4,25,10,0,-0.027958057,0.635266761,0.00000076 ,76.227,91.9815
2017,4,25,10,30,0.02569449,-0.58383224,0.00000076 ,126.93,1.92173
2017,4,25,11,0,0.212011133,-4.817339251,0.00000075 ,97.2073,108.81
2017,4,25,11,30,0.163664828,-3.718809255,0.00000075 ,19.6435,173.311
2017,4,25,12,0,0.10095938,-2.294009225,0.00000078 ,326.476,130.803
2017,4,25,12,30,-0.000512048,0.011635592,0.00000079 ,227.586,189.149
2017,4,25,13,0,0.006401827,-0.145462202,0.00000080 ,-6.88021,130.803
2017,4,25,13,30,0.006401827,-0.145462196,0.00000080 ,-6.0133,130.803
2017,4,25,14,0,-0.306725935,6.969460812,0.00000081 ,372.912,559.494
2017,4,25,14,30,0.023690583,-0.538299185,0.00000082 ,352.907,404.117
2017,4,25,15,0,0.156492959,-3.555849181,0.00000082 ,356.233,70.0117
2017,4,25,15,30,-0.476918766,10.83660082,0.00000082 ,386.545,63.8776
2017,4,25,16,0,-0.277897624,6.314420827,0.00000083 ,355.008,172.184
2017,4,25,16,30,-0.001249884,0.02840082,0.00000082 ,116.618,4.49253
2017,4,25,17,0,-0.051830577,1.177700815,0.00000082 ,54.0077,617.436
2017,4,25,17,30,-0.044350637,1.007740811,0.00000081 ,16.2077,125.843
2017,4,25,18,0,-0.10738396,2.439990804,0.00000080 ,22.5745,13.0703
2017,4,25,18,30,-0.208555468,4.738820797,0.00000080 ,-12.1979,20.5683
2017,4,25,19,0,-0.403892093,9.177280786,0.00000079 ,138.273,151.498
2017,4,25,19,30,-0.023911469,0.543319771,0.00000077 ,7.66267,154.723
2017,4,25,20,0,-0.490077756,11.13560077,0.00000077 ,-2.08991,153.939
2017,4,25,20,30,-0.649640412,14.76120077,0.00000077 ,17.6356,188.715
2017,4,25,21,0,-0.542704914,12.33140076,0.00000076 ,5.63338,141.298
2017,4,25,21,30,-0.675654723,15.35230075,0.00000075 ,54.109,153.215
2017,4,25,22,0,-0.604662192,13.73920074,0.00000074 ,98.4667,156.255
2017,4,25,22,30,-0.463918212,10.54120074,0.00000074 ,28.22,121.103
2017,4,25,23,0,-0.442573362,10.05620074,0.00000074 ,48.6502,109.936
2017,4,25,23,30,-0.629937135,14.31350072,0.00000072 ,170.083,174.355
2017,4,25,24,0,-0.707011848,16.06480072,0.00000072 ,184.576,167.948
2017,4,26,0,30,-0.665831691,15.12910073,0.00000073 ,416.929,253.083
2017,4,26,1,0,-0.578286999,13.13990072,0.00000072 ,256.947,186.079
2017,4,26,1,30,-0.655933842,14.90420071,0.00000071 ,316.74,255.208
2017,4,26,2,0,-0.879033735,19.97350071,0.00000071 ,87.0652,250.983
2017,4,26,2,30,-0.703570266,15.98660073,0.00000073 ,126.695,239.295
2017,4,26,3,0,-0.486979452,11.06520074,0.00000074 ,145.824,210.362
2017,4,26,3,30,-0.468345618,10.64180074,0.00000074 ,72.4499,461.242
2017,4,26,4,0,-0.458328942,10.41420074,0.00000074 ,95.6697,189.225
2017,4,26,4,30,-0.37324881,8.481000739,0.00000074 ,86.2896,50.833
2017,4,26,5,0,-0.133021985,3.02254073,0.00000073 ,48.7691,88.8384
2017,4,26,5,30,-0.066516714,1.511400719,0.00000072 ,-19.3531,90.399
2017,4,26,6,0,-0.178731212,4.061150742,0.00000074 ,-15.7607,152.525
2017,4,26,6,30,-0.144982583,3.294310775,0.00000078 ,447.911,157.598
2017,4,26,7,0,-0.085766688,1.948800792,0.00000079 ,43.1348,189.759
2017,4,26,7,30,0.082542075,-1.875529202,0.00000080 ,-37.7984,151.874
2017,4,26,8,0,0.108712182,-2.470169191,0.00000081 ,128.802,942.371
2017,4,26,8,30,0.336096008,-7.636809177,0.00000082 ,175.836,158.985
2017,4,26,9,0,0.510401574,-11.59739916,0.00000084 ,247.962,76.5195
2017,4,26,9,30,0.428906056,-9.745649162,0.00000084 ,317.136,939.234
2017,4,26,10,0,0.43336559,-9.846979148,0.00000085 ,388.546,624.031
2017,4,26,10,30,0.072225691,-1.641119146,0.00000085 ,404.284,177.063
2017,4,26,11,0,0.061944075,-1.407499137,0.00000086 ,435.714,80.0755
2017,4,26,11,30,-0.099320448,2.25677087,0.00000087 ,-32.7427,177.063
2017,4,26,12,0,0.010016984,-0.227606125,0.00000088 ,-16.2584,76.8894
2017,4,26,12,30,0.704089584,-15.99839912,0.00000088 ,497.997,434.275
2017,4,26,13,0,0.055182819,-1.253869108,0.00000089 ,435.81,88.5465
2017,4,26,13,30,0.064374747,-1.462729106,0.00000089 ,416.408,80.0755
2017,4,26,14,0,0.149597032,-3.3991591,0.00000090 ,510.201,3.45089
2017,4,26,14,30,-0.012651423,0.287467903,0.00000090 ,337.846,154.578
2017,4,26,15,0,-0.005617392,0.127639907,0.00000091 ,-45.3443,87.1217
2017,4,26,15,30,0.021432474,-0.486990085,0.00000092 ,319.933,-17.4404
2017,4,26,16,0,-0.483436647,10.98470091,0.00000092 ,327.266,128.343
2017,4,26,16,30,-0.013174129,0.299344915,0.00000092 ,4.58346,128.264
2017,4,26,17,0,-0.018946173,0.430497918,0.00000092 ,101.903,105.635
2017,4,26,17,30,-0.029128811,0.661868922,0.00000092 ,101.477,143.098
2017,4,26,18,0,-0.0166731,0.378848916,0.00000092 ,33.5975,71.9411
2017,4,26,18,30,-0.107907679,2.451890908,0.00000091 ,14.4452,97.0606
2017,4,26,19,0,-0.10813301,2.457010896,0.00000090 ,26.5315,84.6419
2017,4,26,19,30,-0.403012773,9.157300882,0.00000088 ,139.596,2.04122
2017,4,26,20,0,-0.149426273,3.395280878,0.00000088 ,-15.406,15.6757
2017,4,26,20,30,-0.175216133,3.981280868,0.00000087 ,6.38627,120.572
2017,4,26,21,0,-0.529479909,12.03090086,0.00000086 ,179.126,213.657
2017,4,26,21,30,-0.182281058,4.141810811,0.00000081 ,67.5666,170.512
2017,4,26,22,0,-0.729544968,16.57680078,0.00000078 ,172.629,172.546
2017,4,26,22,30,-0.532723446,12.10460076,0.00000076 ,175.587,140.235
2017,4,26,23,0,-0.721301895,16.38950076,0.00000076 ,286.385,269.463
2017,4,26,23,30,-0.653896179,14.85790075,0.00000075 ,335.085,301.133
2017,4,26,24,0,-0.546494175,12.41750073,0.00000073 ,255.329,284.942
2017,4,27,0,30,-0.272260383,6.18633072,0.00000072 ,65.0386,131.893
2017,4,27,1,0,-0.422764901,9.606110714,0.00000071 ,16.6868,166.076
2017,4,27,1,30,-0.745916688,16.9488007,0.00000070 ,203.842,340.587
2017,4,27,2,0,-0.465612597,10.5797007,0.00000070 ,288.842,229.532
2017,4,27,2,30,-0.515128248,11.70480071,0.00000071 ,284.979,255.318
2017,4,27,3,0,-0.523327311,11.89110071,0.00000071 ,419.092,300.772
2017,4,27,3,30,-0.377240077,8.571690722,0.00000072 ,286.929,249.915
2017,4,27,4,0,-0.203262386,4.618550722,0.00000072 ,46.1988,106.948
2017,4,27,4,30,-0.447414462,10.16620071,0.00000071 ,165.589,267.848
2017,4,27,5,0,-0.435630785,9.898450714,0.00000071 ,206.067,225.323
2017,4,27,5,30,-0.297220655,6.753480715,0.00000072 ,158.853,149.505
2017,4,27,6,0,-0.416259343,9.458290728,0.00000073 ,133.667,215.646
2017,4,27,6,30,-0.167307536,3.801580772,0.00000077 ,35.1536,92.1497
2017,4,27,7,0,-0.055467563,1.260340824,0.00000082 ,43.1467,120.49
2017,4,27,7,30,-0.029040043,0.65985185,0.00000085 ,197.715,167.073
2017,4,27,8,0,0.055764191,-1.267079147,0.00000085 ,199.83,188.162
2017,4,27,8,30,0.00305465,-0.069407237,0.00000086 ,225.776,204.393
2017,4,27,9,0,-0.001227879,0.02790087,0.00000087 ,356.976,-65.5104
2017,4,27,9,30,0.059861962,-1.360189121,0.00000088 ,337.183,154.289
2017,4,27,10,0,-0.025450279,0.578284885,0.00000089 ,333.449,177.534
2017,4,27,10,30,-0.015092921,0.342943892,0.00000089 ,214.134,164.313
2017,4,27,11,0,0.047070896,-1.069549106,0.00000089 ,420.577,-5.2904
2017,4,27,11,30,-0.103084183,2.342290904,0.00000090 ,326.418,92.226
2017,4,27,12,0,-0.147736729,3.356890908,0.00000091 ,508.558,609.204
2017,4,27,12,30,-0.128481914,2.919380916,0.00000092 ,468.821,-13.8898
2017,4,27,13,0,0.036410441,-0.827321081,0.00000092 ,396.094,6.53361
2017,4,27,13,30,0.055674851,-1.265049073,0.00000093 ,352.558,112.051
2017,4,27,14,0,0.009078999,-0.206293065,0.00000094 ,199.231,140.483
2017,4,27,14,30,-0.092304814,2.097360934,0.00000093 ,305.139,55.3601
2017,4,27,15,0,-0.00161011,0.036586043,0.00000094 ,194.225,156.895
2017,4,27,15,30,-0.010053864,0.228445946,0.00000095 ,208.783,157.846
2017,4,27,16,0,0.142877145,-3.246469053,0.00000095 ,181.366,900.861
2017,4,27,16,30,-0.006930123,0.157467932,0.00000093 ,159.745,167
2017,4,27,17,0,0.007131072,-0.16203206,0.00000094 ,80.7268,69.5279
2017,4,27,17,30,-0.020597912,0.468028937,0.00000094 ,-5.65183,119.387
2017,4,27,18,0,-0.025723845,0.584500935,0.00000094 ,-1.91759,84.0238
2017,4,27,18,30,-0.072965059,1.657920927,0.00000093 ,-5.3441,5.31246
2017,4,27,19,0,-0.217184069,4.934880918,0.00000092 ,64.5348,86.9042
2017,4,27,19,30,-0.673828308,15.31080091,0.00000091 ,-12.388,35.1942
2017,4,27,20,0,0.29997128,-6.815979092,0.00000091 ,33.5174,75.6796
2017,4,27,20,30,-0.625386501,14.2101009,0.00000090 ,171.965,123.58
2017,4,27,21,0,-0.227588033,5.171280863,0.00000086 ,208.739,159.884
2017,4,27,21,30,-0.435103545,9.886470857,0.00000086 ,125.377,163.621
2017,4,27,22,0,-0.745855074,16.94740086,0.00000086 ,305.94,232.65
2017,4,27,22,30,-0.82179873,18.67300085,0.00000086 ,241.595,275.022
2017,4,27,23,0,-0.631745946,14.35460084,0.00000084 ,212.933,195.282
2017,4,27,23,30,-0.974623455,22.14550082,0.00000082 ,329.975,280.116
2017,4,27,24,0,-0.99392184,22.58400077,0.00000077 ,329.387,277.809
2017,4,28,0,30,-0.681345216,15.48160075,0.00000075 ,240.41,174.519
2017,4,28,1,0,-1.016041266,23.08660074,0.00000074 ,270.893,293.955
2017,4,28,1,30,-0.608376636,13.82360072,0.00000073 ,262.24,190.886
2017,4,28,2,0,-0.455890788,10.35880073,0.00000073 ,89.4595,148.277
2017,4,28,2,30,-0.646480494,14.68940072,0.00000072 ,152.408,198.931
2017,4,28,3,0,-0.432842751,9.835100714,0.00000071 ,81.8625,105.52
2017,4,28,3,30,-0.825882858,18.76580071,0.00000071 ,297.941,252.471
2017,4,28,4,0,-0.494109072,11.2272007,0.00000070 ,130.564,155.723
2017,4,28,4,30,-0.216731646,4.924600706,0.00000071 ,22.0016,79.6347
2017,4,28,5,0,-0.347494158,7.895800699,0.00000070 ,131.305,114.993
2017,4,28,5,30,-0.514978614,11.70140071,0.00000071 ,183.944,190.014
2017,4,28,6,0,-0.117762838,2.675820735,0.00000074 ,11.1633,71.4331
2017,4,28,6,30,-0.139187346,3.16263077,0.00000077 ,44.3093,183.552
2017,4,28,7,0,-0.38808106,8.818020814,0.00000081 ,2.50095,126.94
2017,4,28,7,30,-0.216585973,4.921290887,0.00000089 ,84.1504,592.657
2017,4,28,8,0,-0.038760003,0.880709893,0.00000089 ,247.17,94.0741
2017,4,28,8,30,-0.03578123,0.813025899,0.00000090 ,218.498,183.886
2017,4,28,9,0,-0.112858364,2.564380908,0.00000091 ,419.515,-110.2
2017,4,28,9,30,-0.133328295,3.029500917,0.00000092 ,499.903,55.3601
2017,4,28,10,0,0.033300122,-0.756648078,0.00000092 ,351.036,98.8062
2017,4,28,10,30,0.068922741,-1.566069075,0.00000093 ,374.695,137.758
2017,4,28,11,0,0.038131804,-0.866434063,0.00000094 ,319.363,-2.58149
2017,4,28,11,30,-0.093189415,2.117460937,0.00000094 ,531.73,18.1264
2017,4,28,12,0,-0.637462845,14.48450094,0.00000094 ,472.545,14.6561
2017,4,28,12,30,-0.181155282,4.116230953,0.00000095 ,523.72,100.043
2017,4,28,13,0,0.024900022,-0.565780046,0.00000095 ,395.361,67.3828
2017,4,28,13,30,0.013478635,-0.306262039,0.00000096 ,318.844,79.304
2017,4,28,14,0,0.017167157,-0.390073035,0.00000097 ,340.544,-3.36554
2017,4,28,14,30,0.029428827,-0.668684034,0.00000097 ,353.154,106.202
2017,4,28,15,0,0.14778426,-3.357969024,0.00000098 ,390.414,17.6111
2017,4,28,15,30,0.053029409,-1.204939031,0.00000097 ,324.447,29.9276
2017,4,28,16,0,-0.006680586,0.151797974,0.00000097 ,167.906,155.298
2017,4,28,16,30,-0.061150135,1.389460974,0.00000097 ,230.64,-50.5029
2017,4,28,17,0,0.017226966,-0.39143202,0.00000098 ,89.9749,74.2417
2017,4,28,17,30,-0.044181199,1.003890976,0.00000098 ,22.9773,87.2321
2017,4,28,18,0,-0.004166955,0.094682982,0.00000098 ,50.7003,95.5069
2017,4,28,18,30,0.025697395,-0.583898024,0.00000098 ,-11.452,94.6098
2017,4,28,19,0,-0.192848739,4.381930962,0.00000096 ,56.399,88.9775
2017,4,28,19,30,0.120571116,-2.739629051,0.00000095 ,144.931,171.94
2017,4,28,20,0,-0.680663061,15.46610094,0.00000094 ,144.931,142.58
2017,4,28,20,30,-0.618256881,14.04810092,0.00000092 ,122.007,59.7652
2017,4,28,21,0,-0.078006845,1.772480912,0.00000091 ,18.1185,4.26335
2017,4,28,21,30,-0.394129355,8.955450915,0.00000092 ,143.916,175.679
2017,4,28,22,0,-0.86998968,19.76800092,0.00000092 ,69.2081,157.228
2017,4,28,22,30,-0.611554158,13.8958009,0.00000090 ,157.066,104.112
2017,4,28,23,0,-0.79354431,18.03100092,0.00000092 ,140.744,221.686
2017,4,28,23,30,-0.771829776,17.53760093,0.00000093 ,244.71,246.408
2017,4,28,24,0,-0.410735648,9.332780929,0.00000093 ,206.777,173.302
2017,4,29,0,30,-0.314183429,7.138910912,0.00000091 ,91.6471,88.6502
2017,4,29,1,0,-0.41215365,9.365000906,0.00000091 ,-1.52389,174.76
2017,4,29,1,30,0.020197641,-0.45893212,0.00000088 ,283.059,176.072
2017,4,29,2,0,-0.797425992,18.11920087,0.00000087 ,117.229,157.006
2017,4,29,2,30,-0.828963558,18.83580084,0.00000084 ,117.111,177.907
2017,4,29,3,0,-0.413858157,9.403730822,0.00000082 ,158.637,178.461
2017,4,29,3,30,-0.644491242,14.64420081,0.00000081 ,126.759,128.253
2017,4,29,4,0,-0.414433808,9.416810817,0.00000082 ,21.5849,180.641
2017,4,29,4,30,-0.42350999,9.623040911,0.00000091 ,87.8604,93.2915
2017,4,29,5,0,-0.415862373,9.449270919,0.00000092 ,152.384,180.54
2017,4,29,5,30,-0.400053981,9.090070907,0.00000091 ,5.50316,135.324
2017,4,29,6,0,-0.196097117,4.455740882,0.00000088 ,58.8813,89.1314
2017,4,29,6,30,-0.169903246,3.860560831,0.00000083 ,42.0403,87.0512
2017,4,29,7,0,-0.138998103,3.15833084,0.00000084 ,13.6476,98.631
2017,4,29,7,30,-0.010971297,0.249291861,0.00000086 ,101.372,140.058
2017,4,29,8,0,-0.633396321,14.39210089,0.00000089 ,-1.98409,199.492
2017,4,29,8,30,-0.004675622,0.1062409,0.00000090 ,161.808,160.007
2017,4,29,9,0,0.012483921,-0.283660109,0.00000089 ,85.5304,70.1077
2017,4,29,9,30,-0.009413695,0.213899897,0.00000090 ,28.7388,120.315
2017,4,29,10,0,-0.061720064,1.402410893,0.00000089 ,300.795,65.2209
2017,4,29,10,30,-0.056536126,1.284620894,0.00000089 ,217.513,144.781
2017,4,29,11,0,-0.006576458,0.149431893,0.00000089 ,304.012,111.25
2017,4,29,11,30,0.094558566,-2.14856911,0.00000089 ,-14.8631,98.8062
2017,4,29,12,0,0.014659731,-0.333099108,0.00000089 ,336.233,38.2473
2017,4,29,12,30,0.156566895,-3.557529104,0.00000090 ,-14.955,74.7453
2017,4,29,13,0,0.032060977,-0.7284921,0.00000090 ,-37.7971,50.6225
2017,4,29,13,30,-1.098480798,24.95980089,0.00000089 ,407.489,29.9276
2017,4,29,14,0,0.021925386,-0.498190122,0.00000088 ,170.711,204.171
2017,4,29,14,30,0.015863801,-0.360458104,0.00000090 ,446.079,-131.252
2017,4,29,15,0,0.094158955,-2.139489107,0.00000089 ,-14.5934,103.787
2017,4,29,15,30,0.15310991,-3.478979116,0.00000088 ,-16.7029,120.315
2017,4,29,16,0,0.05576067,-1.266999138,0.00000086 ,93.7356,78.848
2017,4,29,16,30,0.061282605,-1.392469147,0.00000085 ,-15.1732,132.171
2017,4,29,17,0,0.178468912,-4.055189159,0.00000084 ,24.448,-42.1676
2017,4,29,17,30,0.023602695,-0.536302147,0.00000085 ,-7.80011,121.732
2017,4,29,18,0,0.052912343,-1.202279143,0.00000086 ,5.35365,92.483
2017,4,29,18,30,0.085268495,-1.937479151,0.00000085 ,-63.672,73.6024
2017,4,29,19,0,0.013635574,-0.309828164,0.00000084 ,-73.2257,106.664
2017,4,29,19,30,-0.064538024,1.466440828,0.00000083 ,-49.9129,69.4833
2017,4,29,20,0,-0.158206708,3.594790826,0.00000083 ,-40.4201,75.5439
2017,4,29,20,30,-0.330139695,7.50147082,0.00000082 ,175.2,88.8331
2017,4,29,21,0,-0.240372938,5.461780814,0.00000081 ,121.351,72.5963
2017,4,29,21,30,-0.583066485,13.24850081,0.00000081 ,13.6536,196.739
2017,4,29,22,0,-0.407220569,9.252910802,0.00000080 ,159.297,117.369
2017,4,29,22,30,-0.56887326,12.9260008,0.00000080 ,150.019,238.924
2017,4,29,23,0,-0.673713882,15.30820079,0.00000079 ,21.0121,226.742
2017,4,29,23,30,-0.777485061,17.66610078,0.00000078 ,156.607,239.499
2017,4,29,24,0,-0.747135765,16.97650078,0.00000078 ,187.126,300.611
2017,4,30,0,30,-0.635742054,14.44540078,0.00000078 ,81.9085,109.467
2017,4,30,1,0,-0.840921075,19.10750077,0.00000077 ,150.163,443.033
2017,4,30,1,30,-0.495887076,11.26760076,0.00000076 ,57.3396,198.064
2017,4,30,2,0,-0.607888125,13.81250073,0.00000073 ,98.217,165.983
2017,4,30,2,30,-0.514630935,11.69350069,0.00000069 ,50.2036,138.929
2017,4,30,3,0,-0.479722203,10.90030068,0.00000068 ,42.9463,155.513
2017,4,30,3,30,-0.417016315,9.475490665,0.00000067 ,48.8636,116.921
2017,4,30,4,0,-0.40960107,9.307000665,0.00000067 ,85.9878,145.696
2017,4,30,4,30,-0.294549688,6.69279067,0.00000067 ,70.8922,86.9451
2017,4,30,5,0,-0.343157413,7.797260678,0.00000068 ,33.2462,131.545
2017,4,30,5,30,-0.268674449,6.104850709,0.00000071 ,11.4064,51.325
2017,4,30,6,0,-0.18079132,4.107960732,0.00000073 ,17.2285,55.5884
2017,4,30,6,30,-0.203333242,4.620160755,0.00000076 ,-61.9054,81.0674
2017,4,30,7,0,-0.005609955,0.127470787,0.00000079 ,6.44563,104.923
2017,4,30,7,30,0.01454306,-0.330448198,0.00000080 ,201.852,-92.5252
2017,4,30,8,0,0.044779735,-1.017489187,0.00000081 ,184.829,117.299
2017,4,30,8,30,0.40762238,-9.26203918,0.00000082 ,251.223,136.983
2017,4,30,9,0,0.003437181,-0.078099162,0.00000084 ,368.657,-79.209
2017,4,30,9,30,0.135415689,-3.076929145,0.00000086 ,410.382,-65.8094
2017,4,30,10,0,0.011225059,-0.255056132,0.00000087 ,449.298,45.0728
2017,4,30,10,30,-0.03168051,0.719848873,0.00000087 ,527.744,63.0805
2017,4,30,11,0,-0.028891377,0.656473889,0.00000089 ,368.518,18.1264
2017,4,30,11,30,-0.229829022,5.222200902,0.00000090 ,30.8649,61.7145
2017,4,30,12,0,-0.27519321,6.25297091,0.00000091 ,556.001,37.1508
2017,4,30,12,30,-0.147274624,3.346390923,0.00000092 ,577.706,129.677
2017,4,30,13,0,0.227963878,-5.179819067,0.00000093 ,524.448,-136.583
2017,4,30,13,30,0.320376076,-7.279619054,0.00000095 ,529.883,-133.578
2017,4,30,14,0,0.254059168,-5.77275905,0.00000095 ,478.912,74.4054
2017,4,30,14,30,0.070917714,-1.611399037,0.00000096 ,463.666,-181.188
2017,4,30,15,0,0.127867094,-2.905409029,0.00000097 ,403.852,-192.192
2017,4,30,15,30,0.182130544,-4.138389024,0.00000098 ,280.714,-94.2762
2017,4,30,16,0,0.095905712,-2.179179027,0.00000097 ,158.907,-28.088
2017,4,30,16,30,0.2911706,-6.616009021,0.00000098 ,126.841,-145.684
2017,4,30,17,0,0.100094584,-2.27435902,0.00000098 ,137.17,-191.52
2017,4,30,17,30,0.086715104,-1.970349024,0.00000098 ,45.9998,99.0964
2017,4,30,18,0,0.099723579,-2.26592903,0.00000097 ,-22.8294,105.06
2017,4,30,18,30,0.043911418,-0.99775904,0.00000096 ,-49.1925,41.2653
2017,4,30,19,0,-0.199427794,4.531420949,0.00000095 ,-22.7772,31.4321
2017,4,30,19,30,-0.06720283,1.526990924,0.00000092 ,-10.043,20.6747
2017,4,30,20,0,-0.422170326,9.592600901,0.00000090 ,-29.4436,35.2245
2017,4,30,20,30,-0.332900002,7.564190869,0.00000087 ,148.969,58.7002
2017,4,30,21,0,-0.192863263,4.38226085,0.00000085 ,10.2669,38.2728
2017,4,30,21,30,-0.402659813,9.149280841,0.00000084 ,41.1956,53.6667
2017,4,30,22,0,-0.405674498,9.217780818,0.00000082 ,83.5439,84.4298
2017,4,30,22,30,-0.325819233,7.403300819,0.00000082 ,11.3384,47.0301
2017,4,30,23,0,-0.286873464,6.518370818,0.00000082 ,25.6605,40.9729
2017,4,30,23,30,-0.221069272,5.0231608,0.00000080 ,50.3031,35.736
2017,4,30,24,0,-0.525439791,11.9391008,0.00000080 ,70.8656,101.177
2017,5,1,0,30,-0.412631159,9.375850805,0.00000081 ,77.9147,116.577
2017,5,1,1,0,-0.254196479,5.77588083,0.00000083 ,41.5329,58.5735
2017,5,1,1,30,-0.219556208,4.988780825,0.00000083 ,53.9242,58.9221
2017,5,1,2,0,-0.171583107,3.898730825,0.00000083 ,100.512,54.1022
2017,5,1,2,30,-0.214102929,4.86487083,0.00000083 ,90.6096,65.4407
2017,5,1,3,0,-0.297035373,6.749270811,0.00000081 ,39.2904,80.0211
2017,5,1,3,30,-0.015972109,0.362920819,0.00000082 ,173.904,-107.933
2017,5,1,4,0,-0.310411772,7.053210809,0.00000081 ,154.763,95.1329
2017,5,1,4,30,-0.094652307,2.150700781,0.00000078 ,71.3564,159.659
2017,5,1,5,0,-0.059915214,1.361400765,0.00000077 ,76.4789,159.659
2017,5,1,5,30,-0.023287407,0.529139763,0.00000076 ,26.5414,17.027
2017,5,1,6,0,-0.156031734,3.545370767,0.00000077 ,38.5239,117.931
2017,5,1,6,30,-0.174838087,3.972690811,0.00000081 ,-28.9268,145.377
2017,5,1,7,0,-0.013083381,0.297282843,0.00000084 ,32.4287,99.8812
2017,5,1,7,30,-0.045929276,1.043610857,0.00000086 ,19.7521,85.1284
2017,5,1,8,0,-0.013327196,0.302822892,0.00000089 ,263.842,535.536
2017,5,1,8,30,0.016402087,-0.372689073,0.00000093 ,222.766,130.373
2017,5,1,9,0,-0.129468618,2.941800958,0.00000096 ,376.922,74.8651
2017,5,1,9,30,0.108158976,-2.457599011,0.00000099 ,411.793,-23.8762
2017,5,1,10,0,0.021313427,-0.484284984,0.00000102 ,313.082,107.682
2017,5,1,10,30,-0.004989502,0.113373027,0.00000103 ,307.422,116.253
2017,5,1,11,0,-0.033843558,0.768998042,0.00000104 ,345.165,131.251
2017,5,1,11,30,-0.128662795,2.92349105,0.00000105 ,543.876,-133.474
2017,5,1,12,0,-0.08577725,1.949041058,0.00000106 ,12.2102,17.5026
2017,5,1,12,30,0.022124179,-0.502706937,0.00000106 ,546.439,66.0979
2017,5,1,13,0,-0.119097662,2.706151072,0.00000107 ,539.022,-164.303
2017,5,1,13,30,-0.035880297,0.815277079,0.00000108 ,330.752,79.7191
2017,5,1,14,0,-0.004989502,0.11337308,0.00000108 ,305.409,116.253
2017,5,1,14,30,0.062433906,-1.418628907,0.00000109 ,449.766,199.591
2017,5,1,15,0,-0.094642625,2.150481093,0.00000109 ,212.853,133.077
2017,5,1,15,30,0.020684436,-0.469992903,0.00000110 ,159.27,216.498
2017,5,1,16,0,-0.159209256,3.617571099,0.00000110 ,265.674,198.303
2017,5,1,16,30,-0.109047098,2.477781101,0.00000110 ,153.571,-0.450132
2017,5,1,17,0,0.022488054,-0.510974902,0.00000110 ,104.431,154.298
2017,5,1,17,30,-0.008912773,0.202518091,0.00000109 ,42.8381,97.917
2017,5,1,18,0,-0.019167895,0.435536088,0.00000109 ,7.27739,150.798
2017,5,1,18,30,-0.147897365,3.360541083,0.00000108 ,18.2592,107.73
2017,5,1,19,0,-0.226521671,5.147051077,0.00000108 ,76.3898,118.152
2017,5,1,19,30,-0.429577649,9.760911067,0.00000107 ,141.09,187.043
2017,5,1,20,0,-0.224926308,5.110801054,0.00000105 ,-15.9394,113.731
2017,5,1,20,30,-0.183982045,4.180461046,0.00000105 ,35.9885,48.2238
2017,5,1,21,0,-0.894269997,20.31970104,0.00000104 ,142.375,270.218
2017,5,1,21,30,0.410633985,-9.33046896,0.00000104 ,498.399,189.299
2017,5,1,22,0,-0.482802903,10.97030104,0.00000104 ,123.266,173.12
2017,5,1,22,30,-0.599763879,13.62790103,0.00000103 ,192.201,250.888
2017,5,1,23,0,-0.514705752,11.69520101,0.00000101 ,168.034,201.081
2017,5,1,23,30,-0.383336782,8.710220974,0.00000097 ,149.01,182.69
2017,5,1,24,0,-0.362255112,8.231200956,0.00000096 ,231.927,140.141
2017,5,2,0,30,-0.438840874,9.971390941,0.00000094 ,188.192,229.407
2017,5,2,1,0,-0.315028861,7.158120925,0.00000093 ,229.367,152.622
2017,5,2,1,30,-0.360566448,8.192830909,0.00000091 ,195.265,284.938
2017,5,2,2,0,-0.426215725,9.684520913,0.00000091 ,108.534,276.977
2017,5,2,2,30,-0.301054806,6.840600958,0.00000096 ,175.553,188.113
2017,5,2,3,0,-0.249720222,5.674170908,0.00000091 ,221.923,176.138
2017,5,2,3,30,-0.14465867,3.286950887,0.00000089 ,163.515,142.352
2017,5,2,4,0,-0.176378877,4.007700902,0.00000090 ,176.624,97.5013
2017,5,2,4,30,-0.176756043,4.016270913,0.00000091 ,92.5779,81.8281
2017,5,2,5,0,-0.108643526,2.468610911,0.00000091 ,40.7121,71.2128
2017,5,2,5,30,-0.191999786,4.362640923,0.00000092 ,135.905,109.516
2017,5,2,6,0,-0.121507209,2.760900934,0.00000093 ,-42.0941,439.153
2017,5,2,6,30,-0.138520595,3.147480949,0.00000095 ,-46.1987,725.736
2017,5,2,7,0,-0.037230612,0.845958978,0.00000098 ,111.675,106.031
2017,5,2,7,30,-0.071399624,1.622351003,0.00000100 ,53.7629,357.283
2017,5,2,8,0,-0.042844571,0.973520018,0.00000102 ,59.3312,304.596
2017,5,2,8,30,0.011290633,-0.256545972,0.00000103 ,113.11,113.075
2017,5,2,9,0,0.024503492,-0.556769961,0.00000104 ,154.446,97.4069
2017,5,2,9,30,0.150686719,-3.423918959,0.00000104 ,228.686,93.1697
2017,5,2,10,0,0.316189845,-7.184498965,0.00000103 ,239.725,150.825
2017,5,2,10,30,0.236457368,-5.372808974,0.00000103 ,233.34,116.854
2017,5,2,11,0,0.258709704,-5.878428981,0.00000102 ,207.775,30.5955
2017,5,2,11,30,0.030492769,-0.692858968,0.00000103 ,285.595,115.732
2017,5,2,12,0,0.013490605,-0.306533954,0.00000105 ,275.418,67.2853
2017,5,2,12,30,-0.004989502,0.113373061,0.00000106 ,305.409,116.253
2017,5,2,13,0,0.158063235,-3.591528928,0.00000107 ,419.985,38.2296
2017,5,2,13,30,0.075405854,-1.713378925,0.00000107 ,399.799,3.45139
2017,5,2,14,0,-0.026457052,0.601161081,0.00000108 ,152.984,167.852
2017,5,2,14,30,-0.351987579,7.997901082,0.00000108 ,137.918,-7.73652
2017,5,2,15,0,-0.131386134,2.985371094,0.00000109 ,364.997,2.53643
2017,5,2,15,30,-0.015181778,0.344963089,0.00000109 ,112.118,2.64341
2017,5,2,16,0,-0.02052446,0.466360073,0.00000107 ,107.504,165.697
2017,5,2,16,30,-0.033594329,0.763335072,0.00000107 ,40.6454,116.851
2017,5,2,17,0,-0.073927558,1.679791063,0.00000106 ,23.4251,81.8728
2017,5,2,17,30,-0.139024949,3.158941052,0.00000105 ,25.5009,-4.55279
2017,5,2,18,0,-0.135178035,3.07153103,0.00000103 ,7.2872,89.6387
2017,5,2,18,30,-0.075898766,1.724581014,0.00000101 ,12.8075,116.42
2017,5,2,19,0,-0.219525841,4.988090997,0.00000100 ,82.7604,-38.5149
2017,5,2,19,30,-0.437844047,9.948740985,0.00000099 ,141.099,187.288
2017,5,2,20,0,-0.103206971,2.345080982,0.00000098 ,51.7235,-27.0484
2017,5,2,20,30,-0.43878146,9.970040979,0.00000098 ,142.766,188.663
2017,5,2,21,0,-0.149428473,3.395330963,0.00000096 ,51.5132,29.0471
2017,5,2,21,30,-0.165593786,3.762640957,0.00000096 ,143.811,72.4019
2017,5,2,22,0,-0.497202975,11.29750095,0.00000095 ,75.2966,149.286
2017,5,2,22,30,-0.32888541,7.47297094,0.00000094 ,110.719,124.052
2017,5,2,23,0,-0.364692386,8.286580933,0.00000093 ,110.792,133.128
2017,5,2,23,30,-0.1619546,3.679950928,0.00000093 ,29.9267,64.4319
2017,5,2,24,0,-0.381266552,8.663180921,0.00000092 ,248.566,182.227
2017,5,3,0,30,-0.221404188,5.030770913,0.00000091 ,341.122,187.125
2017,5,3,1,0,-0.374955078,8.519770903,0.00000090 ,196.434,186.859
2017,5,3,1,30,-0.207645782,4.718150897,0.00000090 ,104.739,76.0198
2017,5,3,2,0,-0.172659592,3.923190892,0.00000089 ,38.8582,72.2712
2017,5,3,2,30,-0.31960062,7.262000888,0.00000089 ,148.123,145.621
2017,5,3,3,0,-0.427516221,9.714070883,0.00000088 ,142.356,188.829
2017,5,3,3,30,-0.427516221,9.714070879,0.00000088 ,-85.3507,187.473
2017,5,3,4,0,-0.427516221,9.714070873,0.00000087 ,-19.2128,187.473
2017,5,3,4,30,-0.427779841,9.720060871,0.00000087 ,142.356,188.156
2017,5,3,5,0,-0.639650142,14.53420087,0.00000087 ,49.3264,226.841
2017,5,3,5,30,-0.497141361,11.29610087,0.00000087 ,38.6383,205.686
2017,5,3,6,0,-0.833307345,18.93450088,0.00000088 ,37.3666,248.385
2017,5,3,6,30,-0.279898319,6.359880884,0.00000088 ,-144.857,694.639
2017,5,3,7,0,-0.073180708,1.662820894,0.00000089 ,17.111,76.0355
2017,5,3,7,30,-0.119948375,2.725480908,0.00000091 ,13.5048,71.3881
2017,5,3,8,0,-0.145361509,3.302920918,0.00000092 ,31.5368,26.4417
2017,5,3,8,30,-0.029744643,0.675861934,0.00000093 ,-4.77976,177.988
2017,5,3,9,0,-0.036435351,0.827888944,0.00000094 ,36.7598,128.152
2017,5,3,9,30,0.135599651,-3.08110905,0.00000095 ,40.7148,-2.96985
2017,5,3,10,0,-0.082732639,1.879860947,0.00000095 ,-14.2416,-22.4076
2017,5,3,10,30,-0.748231614,17.00140093,0.00000093 ,26.5606,-17.4715
2017,5,3,11,0,-0.251025118,5.703820924,0.00000092 ,36.1099,-1.23833
2017,5,3,11,30,-0.025961455,0.589899946,0.00000095 ,44.806,116.851
2017,5,3,12,0,-0.261437884,5.940420953,0.00000095 ,1.65515,-30.0438
2017,5,3,12,30,-0.629096544,14.29440095,0.00000095 ,51.3436,135.472
2017,5,3,13,0,0.194702881,-4.424059034,0.00000097 ,-8.99357,128.152
2017,5,3,13,30,-0.018430948,0.418790999,0.00000100 ,106.781,131.798
2017,5,3,14,0,-0.019933669,0.452936027,0.00000103 ,43.5404,140.483
2017,5,3,14,30,-0.03761121,0.854607053,0.00000105 ,32.6539,116.851
2017,5,3,15,0,-0.025053837,0.569277064,0.00000106 ,46.2798,116.851
2017,5,3,15,30,-0.029744643,0.675862067,0.00000107 ,33.4083,177.988
2017,5,3,16,0,-0.0794803,1.805961068,0.00000107 ,23.8567,75.848
2017,5,3,16,30,-0.0794803,1.805961067,0.00000107 ,23.8567,75.848
2017,5,3,17,0,-0.077901221,1.770081055,0.00000105 ,1.65515,118.477
2017,5,3,17,30,-0.077901221,1.770081046,0.00000105 ,1.65515,118.477
2017,5,3,18,0,-0.180216989,4.09491104,0.00000104 ,16.4004,114.247
2017,5,3,18,30,-0.218319967,4.96069103,0.00000103 ,70.9416,111.436
2017,5,3,19,0,-0.186946118,4.247811017,0.00000102 ,47.2115,102.042
2017,5,3,19,30,-0.421567829,9.578911008,0.00000101 ,138.327,185.365
2017,5,3,20,0,0.357591372,-8.125228998,0.00000100 ,14.9655,10.2
2017,5,3,20,30,-0.59013009,13.409001,0.00000100 ,35.6308,114.558
2017,5,3,21,0,-0.351620096,7.989550991,0.00000099 ,144.1,93.8664
2017,5,3,21,30,-0.299148293,6.797280984,0.00000098 ,159.915,261.311
2017,5,3,22,0,-0.315174974,7.161440973,0.00000097 ,31.6873,423.213
2017,5,3,22,30,-1.034978769,23.51690096,0.00000096 ,337.735,576.339
2017,5,3,23,0,-0.786749166,17.87660094,0.00000094 ,206.685,402.168
2017,5,3,23,30,-0.365004417,8.293670916,0.00000092 ,175.666,107.027
2017,5,3,24,0,-0.362894577,8.245730896,0.00000090 ,234.065,164.985
2017,5,4,0,30,-0.056318717,1.279680874,0.00000087 ,283.257,51.941
2017,5,4,1,0,-0.544073625,12.36250084,0.00000084 ,85.2263,432.309
2017,5,4,1,30,-0.423227886,9.61663083,0.00000083 ,332.126,276.647
2017,5,4,2,0,-0.485324676,11.02760082,0.00000082 ,214.05,264.321
2017,5,4,2,30,-0.624092607,14.18070082,0.00000082 ,556.686,495.176
2017,5,4,3,0,-0.440126406,10.00060081,0.00000082 ,300.305,323.176
2017,5,4,3,30,-0.425645356,9.671560805,0.00000081 ,138.863,187.789
2017,5,4,4,0,-0.11420463,2.594970805,0.00000081 ,139.358,68.8169
2017,5,4,4,30,-0.22418474,5.093950853,0.00000085 ,360.735,187.793
2017,5,4,5,0,-0.313477949,7.122880871,0.00000087 ,211.81,301.927
2017,5,4,5,30,-0.144888402,3.292170902,0.00000090 ,119.919,169.307
2017,5,4,6,0,0.168373898,-3.825809089,0.00000091 ,61.1182,-52.4457
2017,5,4,6,30,0.226446854,-5.145349101,0.00000090 ,-50.0047,56.151
2017,5,4,7,0,-0.079376436,1.803600896,0.00000090 ,0.414472,124.671
2017,5,4,7,30,0.055763311,-1.267059101,0.00000090 ,20.37,20.9355
2017,5,4,8,0,0.044849711,-1.019079095,0.00000091 ,99.6641,116.851
2017,5,4,8,30,0.206905093,-4.701319095,0.00000091 ,133.974,142.222
2017,5,4,9,0,-0.219327796,4.983590916,0.00000092 ,255.232,407.996
2017,5,4,9,30,-1.145509884,26.02840093,0.00000093 ,542.021,-78.336
2017,5,4,10,0,-0.077381023,1.758260935,0.00000094 ,336.887,90.5297
2017,5,4,10,30,-0.238249455,5.413530949,0.00000095 ,349.402,-40.0342
2017,5,4,11,0,-0.02836691,0.644556949,0.00000095 ,347.695,-3.04982
2017,5,4,11,30,-0.102845649,2.336870954,0.00000095 ,331.168,-51.3062
2017,5,4,12,0,-0.158394191,3.599050946,0.00000095 ,399.612,-110.531
2017,5,4,12,30,-0.012312282,0.279761927,0.00000093 ,-31.4305,81.3541
2017,5,4,13,0,-0.076348988,1.734810917,0.00000092 ,1.26647,95.0602
2017,5,4,13,30,-0.063613814,1.445440908,0.00000091 ,24.1203,95.0602
2017,5,4,14,0,-0.079507586,1.806580887,0.00000089 ,25.8963,433.998
2017,5,4,14,30,-0.079376436,1.803600879,0.00000088 ,0.414472,124.671
2017,5,4,15,0,-0.163961896,3.725560811,0.00000081 ,13.7184,119.237
2017,5,4,15,30,-0.091678991,2.083140801,0.00000080 ,-3.81983,98.1877
2017,5,4,16,0,-0.172506877,3.919720791,0.00000079 ,14.1058,117.484
2017,5,4,16,30,-0.156709048,3.560760774,0.00000077 ,14.3573,110.948
2017,5,4,17,0,-0.214607283,4.876330762,0.00000076 ,74.3816,116.199
2017,5,4,17,30,-0.222149717,5.047710762,0.00000076 ,-3.56698,122.919
2017,5,4,18,0,-0.226408125,5.144470766,0.00000077 ,71.8173,116.235
2017,5,4,18,30,-0.420573643,9.55632077,0.00000077 ,135.128,184.892
2017,5,4,19,0,-0.424315813,9.641350768,0.00000077 ,136.96,185.887
2017,5,4,19,30,-0.858098178,19.49780077,0.00000077 ,92.0367,188.44
2017,5,4,20,0,-0.430598241,9.784100756,0.00000076 ,140.258,189.077
2017,5,4,20,30,0.106624787,-2.422739246,0.00000075 ,-68.6172,189.449
2017,5,4,21,0,-0.245188072,5.571190748,0.00000075 ,32.9807,55.6646
2017,5,4,21,30,-0.58982202,13.40200074,0.00000074 ,98.3058,300.173
2017,5,4,22,0,-0.513763938,11.67380073,0.00000073 ,103.355,161.713
2017,5,4,22,30,-1.095061221,24.88210072,0.00000072 ,34.4134,692.732
2017,5,4,23,0,-0.938209581,21.31810071,0.00000072 ,211.544,585.4
2017,5,4,23,30,-0.437998082,9.952240712,0.00000071 ,294.13,360.899
2017,5,4,24,0,-0.204308503,4.642320706,0.00000071 ,191.365,190.86
2017,5,5,0,30,-0.077449238,1.759810706,0.00000071 ,116.471,84.5689
2017,5,5,1,0,-0.132231566,3.004580705,0.00000071 ,109.721,110.657
2017,5,5,1,30,-0.747663885,16.9885007,0.00000070 ,52.714,57.5315
2017,5,5,2,0,-0.4986333,11.3300007,0.00000070 ,104.192,291.193
2017,5,5,2,30,-0.563077143,12.7943007,0.00000070 ,78.7436,513.454
2017,5,5,3,0,-1.090827459,24.7859007,0.00000070 ,109.721,436.934
2017,5,5,3,30,-0.254843866,5.790590695,0.00000070 ,98.9502,194.695
2017,5,5,4,0,-0.124833485,2.83648069,0.00000069 ,213.989,302.798
2017,5,5,4,30,-0.039048709,0.887269682,0.00000068 ,1.57479,52.5428
2017,5,5,5,0,-0.381026257,8.657720678,0.00000068 ,-2.01973,233.438
2017,5,5,5,30,-0.168875612,3.837210679,0.00000068 ,-44.0028,176.203
2017,5,5,6,0,-0.09646904,2.191980686,0.00000069 ,41.0275,50.5361
2017,5,5,6,30,-0.048386795,1.099450691,0.00000069 ,7.90444,33.8966
2017,5,5,7,0,-0.141102221,3.206140697,0.00000070 ,-16.5173,7.87571
2017,5,5,7,30,-0.025196165,0.572510712,0.00000071 ,37.5186,177.37
2017,5,5,8,0,-0.071907939,1.633900716,0.00000072 ,74.3285,161.478
2017,5,5,8,30,0.123353869,-2.802859282,0.00000072 ,47.5099,18.4463
2017,5,5,9,0,-0.011411221,0.259287736,0.00000074 ,56.2908,103.056
2017,5,5,9,30,0.252891582,-5.746229267,0.00000073 ,237.944,430.024
2017,5,5,10,0,-0.054832939,1.245920737,0.00000074 ,188.848,55.4895
2017,5,5,10,30,0.009678899,-0.219924266,0.00000073 ,101.414,20.4318
2017,5,5,11,0,0.004927052,-0.111952263,0.00000074 ,193.613,17.1349
2017,5,5,11,30,-0.242593682,5.512240735,0.00000074 ,298.906,115.619
2017,5,5,12,0,-0.344997031,7.839060741,0.00000074 ,46.7323,20.4318
2017,5,5,12,30,-0.101118696,2.29763074,0.00000074 ,34.5208,177.37
2017,5,5,13,0,0.088582888,-2.012789257,0.00000074 ,134.426,86.6998
2017,5,5,13,30,-0.023506357,0.534114744,0.00000074 ,24.8841,81.6134
2017,5,5,14,0,-0.109489838,2.487840741,0.00000074 ,57.429,-4.02243
2017,5,5,14,30,-0.151515428,3.442750743,0.00000074 ,2.61168,-1.68396
2017,5,5,15,0,-0.000836045,0.018997443,0.00000074 ,57.429,-33.7719
2017,5,5,15,30,-0.000836045,0.018997443,0.00000074 ,57.429,-33.7719
2017,5,5,16,0,0.036831529,-0.836889259,0.00000074 ,56.651,-65.5649
2017,5,5,16,30,0.07015018,-1.593959258,0.00000074 ,58.2069,-31.7285
2017,5,5,17,0,-0.16772255,3.811010744,0.00000074 ,12.4069,0.654507
2017,5,5,17,30,-0.097932812,2.225240743,0.00000074 ,7.61086,4.10082
2017,5,5,18,0,-0.213632462,4.854180744,0.00000074 ,70.0334,114.518
2017,5,5,18,30,-0.210752447,4.788740741,0.00000074 ,-5.69492,-4.00154
2017,5,5,19,0,-0.404109942,9.182230737,0.00000074 ,86.2896,127.158
2017,5,5,19,30,-0.537243273,12.20730073,0.00000073 ,117.524,162.546
2017,5,5,20,0,-0.393691015,8.945490724,0.00000072 ,57.7469,43.5269
2017,5,5,20,30,-0.714607974,16.23740072,0.00000072 ,83.8709,133.651
2017,5,5,21,0,-0.389375834,8.847440709,0.00000071 ,206.378,281.177
2017,5,5,21,30,-0.910382058,20.68580071,0.00000071 ,189.405,244.773
2017,5,5,22,0,-0.488480193,11.0993007,0.00000070 ,115.529,207.171
2017,5,5,22,30,-0.919030023,20.8823007,0.00000070 ,256.702,352.848
2017,5,5,23,0,-0.857222379,19.4779007,0.00000070 ,239.855,434.686
2017,5,5,23,30,-0.385037329,8.748860692,0.00000069 ,347.916,131.296
2017,5,5,24,0,-0.534739104,12.15040069,0.00000069 ,299.092,306.092
2017,5,6,0,30,-0.47372364,10.76400068,0.00000068 ,301.764,260.348
2017,5,6,1,0,-0.761342193,17.29930068,0.00000068 ,580.944,546.25
2017,5,6,1,30,-0.485025408,11.02080067,0.00000067 ,369.159,372.213
2017,5,6,2,0,-0.267122216,6.06958067,0.00000067 ,387.091,302.971
2017,5,6,2,30,-0.529642746,12.03460067,0.00000067 ,425.126,296.893
2017,5,6,3,0,-0.619889652,14.08520066,0.00000066 ,486.018,439.418
2017,5,6,3,30,-0.412708616,9.377610662,0.00000066 ,247.917,321.761
2017,5,6,4,0,-0.452629647,10.28470066,0.00000066 ,154.561,289.703
2017,5,6,4,30,-0.598201524,13.59240066,0.00000067 ,-43.0885,215.16
2017,5,6,5,0,-0.747663885,16.98850066,0.00000066 ,109.721,-38.8071
2017,5,6,5,30,-0.598201524,13.59240066,0.00000066 ,151.261,215.16
2017,5,6,6,0,-0.055247513,1.255340657,0.00000066 ,-25.3622,159.428
2017,5,6,6,30,-0.023008164,0.522794655,0.00000066 ,-3.05085,8.37705
2017,5,6,7,0,-0.217125536,4.933550657,0.00000066 ,-1.0305,5.8645
2017,5,6,7,30,-0.031914732,0.72517066,0.00000066 ,4.07824,9.48435
2017,5,6,8,0,-0.024245505,0.55090967,0.00000067 ,0.700981,128.295
2017,5,6,8,30,-0.082680267,1.878670675,0.00000068 ,2.80344,147.612
2017,5,6,9,0,-0.116619899,2.649850684,0.00000068 ,34.2862,120.238
2017,5,6,9,30,0.053784181,-1.222089306,0.00000069 ,101.145,60.978
2017,5,6,10,0,0.024464851,-0.555892298,0.00000070 ,127.662,9.85075
2017,5,6,10,30,0.010433495,-0.237070287,0.00000071 ,188.984,31.6464
2017,5,6,11,0,0.055856172,-1.269169273,0.00000073 ,221.936,-36.8636
2017,5,6,11,30,-0.059863282,1.360220743,0.00000074 ,16.2581,-16.0817
2017,5,6,12,0,0.046325806,-1.052619236,0.00000076 ,324.929,-16.0817
2017,5,6,12,30,-0.138254334,3.141430783,0.00000078 ,297.778,295.996
2017,5,6,13,0,-0.062279871,1.4151308,0.00000080 ,430.966,-40.5465
2017,5,6,13,30,-0.136272564,3.096400804,0.00000080 ,749.52,399.782
2017,5,6,14,0,0.036303937,-0.824901182,0.00000082 ,353.253,-16.0817
2017,5,6,14,30,0.004881589,-0.110919172,0.00000083 ,373.883,69.8698
2017,5,6,15,0,0.080968278,-1.839769168,0.00000083 ,326.621,26.6548
2017,5,6,15,30,0.055798078,-1.267849156,0.00000084 ,307.254,-30.7716
2017,5,6,16,0,-0.319980866,7.270640848,0.00000085 ,393.585,-70.3699
2017,5,6,16,30,0.068950027,-1.566689149,0.00000085 ,226.31,179.115
2017,5,6,17,0,-0.110924564,2.520440856,0.00000086 ,127.662,6.4082
2017,5,6,17,30,-0.031148474,0.707759843,0.00000084 ,32.8043,173.27
2017,5,6,18,0,-0.098550273,2.239270835,0.00000084 ,1.70368,160.264
2017,5,6,18,30,-0.108325774,2.461390838,0.00000084 ,14.5433,172.167
2017,5,6,19,0,-0.120241922,2.73215083,0.00000083 ,19.5636,108.967
2017,5,6,19,30,-0.399623123,9.080280819,0.00000082 ,135.892,190.317
2017,5,6,20,0,-0.404355958,9.187820809,0.00000081 ,138.454,194.036
2017,5,6,20,30,-0.105128447,2.388740798,0.00000080 ,5.9071,53.7338
2017,5,6,21,0,0.190335768,-4.324829207,0.00000079 ,42.6572,140.071
2017,5,6,21,30,-0.803943873,18.26730079,0.00000079 ,24.8696,262.068
2017,5,6,22,0,-1.186236738,26.95380077,0.00000077 ,156.288,335.043
2017,5,6,22,30,-0.566707968,12.87680077,0.00000077 ,82.2341,161.315
2017,5,6,23,0,-0.986356521,22.41210076,0.00000076 ,239.269,333.721
2017,5,6,23,30,-0.438302632,9.959160743,0.00000074 ,141.627,213.513
2017,5,6,24,0,-0.783901719,17.81190072,0.00000072 ,120.962,495.541
2017,5,7,0,30,-0.417310742,9.482180708,0.00000071 ,218.61,245.212
2017,5,7,1,0,-0.937338183,21.29830069,0.00000069 ,221.839,629.904
2017,5,7,1,30,-0.679166721,15.43210069,0.00000069 ,312.561,476.809
2017,5,7,2,0,-0.32105251,7.294990694,0.00000069 ,184.329,197.925
2017,5,7,2,30,-0.643681458,14.62580071,0.00000071 ,241.922,456.98
2017,5,7,3,0,-0.212998278,4.83977071,0.00000071 ,211.228,199.618
2017,5,7,3,30,-0.213055931,4.841080715,0.00000072 ,199.06,145.102
2017,5,7,4,0,-0.345716594,7.855410709,0.00000071 ,220.511,331.386
2017,5,7,4,30,-0.172494995,3.919450702,0.00000070 ,154.098,162.945
2017,5,7,5,0,-0.245692427,5.582650705,0.00000071 ,167.833,191.234
2017,5,7,5,30,-0.185171635,4.207490712,0.00000071 ,103.545,166.628
2017,5,7,6,0,-0.074530055,1.693480749,0.00000075 ,-12.8229,101.274
2017,5,7,6,30,-0.021624666,0.491358763,0.00000076 ,57.0211,101.274
2017,5,7,7,0,-0.105032066,2.386550772,0.00000077 ,14.3941,181.882
2017,5,7,7,30,-0.120136298,2.729750811,0.00000081 ,221.24,130.734
2017,5,7,8,0,-0.008441558,0.191810829,0.00000083 ,18.6954,157.031
2017,5,7,8,30,-0.571038552,12.97520083,0.00000083 ,421.803,-24.1684
2017,5,7,9,0,0.045499739,-1.033849151,0.00000085 ,326.621,19.2449
2017,5,7,9,30,0.004347999,-0.098794841,0.00000086 ,4.86211,57.5582
2017,5,7,10,0,-0.954607707,21.69070086,0.00000086 ,79.0583,-13.0597
2017,5,7,10,30,-0.082723837,1.879660872,0.00000087 ,454.88,33.086
2017,5,7,11,0,0.381900736,-8.677589125,0.00000088 ,753.177,88.2422
2017,5,7,11,30,0.155702539,-3.537889113,0.00000089 ,632.103,622.146
2017,5,7,12,0,0.035047716,-0.796357108,0.00000089 ,536.284,375.911
2017,5,7,12,30,-0.250137877,5.683660901,0.00000090 ,588.656,242.781
2017,5,7,13,0,0.074406827,-1.690679085,0.00000092 ,508.719,166.403
2017,5,7,13,30,-0.075621943,1.71829092,0.00000092 ,448.1,10.6411
2017,5,7,14,0,-0.13700181,3.112970928,0.00000093 ,460.472,35.7487
2017,5,7,14,30,-0.041817422,0.950180938,0.00000094 ,372.401,99.43
2017,5,7,15,0,0.040263869,-0.914879058,0.00000094 ,427.395,163.315
2017,5,7,15,30,0.091782415,-2.085489053,0.00000095 ,-20.7156,-10.1065
2017,5,7,16,0,0.03810245,-0.865767059,0.00000094 ,248.493,218.494
2017,5,7,16,30,0.013269279,-0.301505053,0.00000095 ,225.512,197.68
2017,5,7,17,0,0.018675908,-0.424355052,0.00000095 ,75.9007,201.733
2017,5,7,17,30,-0.103314355,2.347520939,0.00000094 ,14.3941,181.882
2017,5,7,18,0,-0.075312993,1.711270935,0.00000094 ,11.3653,0.693845
2017,5,7,18,30,-0.174259796,3.959550931,0.00000093 ,27.2871,115.763
2017,5,7,19,0,-0.382179759,8.683930926,0.00000093 ,140.147,191.762
2017,5,7,19,30,-0.046028739,1.045870921,0.00000092 ,15.7669,5.76644
2017,5,7,20,0,-0.391284988,8.890820912,0.00000091 ,147.108,199.165
2017,5,7,20,30,-0.064403354,1.463380906,0.00000091 ,13.5143,200.28
2017,5,7,21,0,-0.644680485,14.64850089,0.00000089 ,-5.55287,162.153
2017,5,7,21,30,-0.713903814,16.22140087,0.00000088 ,40.3031,203.734
2017,5,7,22,0,-0.393158494,8.93339086,0.00000086 ,148.933,202.769
2017,5,7,22,30,-0.229373519,5.211850842,0.00000084 ,18.7373,204.035
2017,5,7,23,0,-0.697329648,15.84480082,0.00000082 ,185.781,207.27
2017,5,7,23,30,-0.206792428,4.698760797,0.00000080 ,162.51,102.436
2017,5,7,24,0,-1.059206274,24.06740077,0.00000078 ,204.361,394.026
2017,5,8,0,30,-0.479462544,10.89440078,0.00000078 ,155.58,158.188
2017,5,8,1,0,-0.942575373,21.41730076,0.00000076 ,130.679,207.998
2017,5,8,1,30,0.485799984,-11.03839925,0.00000075 ,79.4073,80.4047
2017,5,8,2,0,-0.21626338,4.913960754,0.00000075 ,73.164,83.7894
2017,5,8,2,30,-0.633682386,14.39860074,0.00000075 ,113.991,236.742
2017,5,8,3,0,-0.343822844,7.812380748,0.00000075 ,97.0355,127.164
2017,5,8,3,30,-0.534166974,12.13740075,0.00000075 ,157.623,181.518
2017,5,8,4,0,-0.620004078,14.08780075,0.00000075 ,205.25,242.777
2017,5,8,4,30,-0.507193245,11.52450075,0.00000075 ,192.915,212.432
2017,5,8,5,0,-0.293509292,6.669150753,0.00000075 ,206.369,169.196
2017,5,8,5,30,NAN,NAN,NAN,NAN,NAN
2017,5,8,6,0,NAN,NAN,NAN,NAN,NAN
2017,5,8,6,30,NAN,NAN,NAN,NAN,NAN
2017,5,8,7,0,NAN,NAN,NAN,NAN,NAN
2017,5,8,7,30,NAN,NAN,NAN,NAN,NAN
2017,5,8,8,0,NAN,NAN,NAN,NAN,NAN
2017,5,8,8,30,NAN,NAN,NAN,NAN,NAN
2017,5,8,9,0,NAN,NAN,NAN,NAN,NAN
2017,5,8,9,30,NAN,NAN,NAN,NAN,NAN
2017,5,8,10,0,NAN,NAN,NAN,NAN,NAN
2017,5,8,10,30,NAN,NAN,NAN,NAN,NAN
2017,5,8,11,0,NAN,NAN,NAN,NAN,NAN
2017,5,8,11,30,NAN,NAN,NAN,NAN,NAN
2017,5,8,12,0,NAN,NAN,NAN,NAN,NAN
2017,5,8,12,30,NAN,NAN,NAN,NAN,NAN
2017,5,8,13,0,NAN,NAN,NAN,NAN,NAN
2017,5,8,13,30,NAN,NAN,NAN,NAN,NAN
2017,5,8,14,0,NAN,NAN,NAN,NAN,NAN
2017,5,8,14,30,NAN,NAN,NAN,NAN,NAN
2017,5,8,15,0,NAN,NAN,NAN,NAN,NAN
2017,5,8,15,30,NAN,NAN,NAN,NAN,NAN
2017,5,8,16,0,NAN,NAN,NAN,NAN,NAN
2017,5,8,16,30,NAN,NAN,NAN,NAN,NAN
2017,5,8,17,0,NAN,NAN,NAN,NAN,NAN
2017,5,8,17,30,NAN,NAN,NAN,NAN,NAN
2017,5,8,18,0,NAN,NAN,NAN,NAN,NAN
2017,5,8,18,30,NAN,NAN,NAN,NAN,NAN
2017,5,8,19,0,NAN,NAN,NAN,NAN,NAN
2017,5,8,19,30,NAN,NAN,NAN,NAN,NAN
2017,5,8,20,0,NAN,NAN,NAN,NAN,NAN
2017,5,8,20,30,NAN,NAN,NAN,NAN,NAN
2017,5,8,21,0,NAN,NAN,NAN,NAN,NAN
2017,5,8,21,30,NAN,NAN,NAN,NAN,NAN
2017,5,8,22,0,NAN,NAN,NAN,NAN,NAN
2017,5,8,22,30,NAN,NAN,NAN,NAN,NAN
2017,5,8,23,0,NAN,NAN,NAN,NAN,NAN
2017,5,8,23,30,NAN,NAN,NAN,NAN,NAN
2017,5,8,24,0,NAN,NAN,NAN,NAN,NAN
2017,5,9,0,30,NAN,NAN,NAN,NAN,NAN
2017,5,9,1,0,NAN,NAN,NAN,NAN,NAN
2017,5,9,1,30,NAN,NAN,NAN,NAN,NAN
2017,5,9,2,0,NAN,NAN,NAN,NAN,NAN
2017,5,9,2,30,NAN,NAN,NAN,NAN,NAN
2017,5,9,3,0,NAN,NAN,NAN,NAN,NAN
2017,5,9,3,30,NAN,NAN,NAN,NAN,NAN
2017,5,9,4,0,NAN,NAN,NAN,NAN,NAN
2017,5,9,4,30,NAN,NAN,NAN,NAN,NAN
2017,5,9,5,0,NAN,NAN,NAN,NAN,NAN
2017,5,9,5,30,NAN,NAN,NAN,NAN,NAN
2017,5,9,6,0,NAN,NAN,NAN,NAN,NAN
2017,5,9,6,30,NAN,NAN,NAN,NAN,NAN
2017,5,9,7,0,NAN,NAN,NAN,NAN,NAN
2017,5,9,7,30,NAN,NAN,NAN,NAN,NAN
2017,5,9,8,0,NAN,NAN,NAN,NAN,NAN
2017,5,9,8,30,NAN,NAN,NAN,NAN,NAN
2017,5,9,9,0,NAN,NAN,NAN,NAN,NAN
2017,5,9,9,30,NAN,NAN,NAN,NAN,NAN
2017,5,9,10,0,NAN,NAN,NAN,NAN,NAN
2017,5,9,10,30,NAN,NAN,NAN,NAN,NAN
2017,5,9,11,0,NAN,NAN,NAN,NAN,NAN
2017,5,9,11,30,NAN,NAN,NAN,NAN,NAN
2017,5,9,12,0,NAN,NAN,NAN,NAN,NAN
2017,5,9,12,30,NAN,NAN,NAN,NAN,NAN
2017,5,9,13,0,NAN,NAN,NAN,NAN,NAN
2017,5,9,13,30,NAN,NAN,NAN,NAN,NAN
2017,5,9,14,0,NAN,NAN,NAN,NAN,NAN
2017,5,9,14,30,NAN,NAN,NAN,NAN,NAN
2017,5,9,15,0,NAN,NAN,NAN,NAN,NAN
2017,5,9,15,30,NAN,NAN,NAN,NAN,NAN
2017,5,9,16,0,NAN,NAN,NAN,NAN,NAN
2017,5,9,16,30,NAN,NAN,NAN,NAN,NAN
2017,5,9,17,0,NAN,NAN,NAN,NAN,NAN
2017,5,9,17,30,NAN,NAN,NAN,NAN,NAN
2017,5,9,18,0,NAN,NAN,NAN,NAN,NAN
2017,5,9,18,30,NAN,NAN,NAN,NAN,NAN
2017,5,9,19,0,NAN,NAN,NAN,NAN,NAN
2017,5,9,19,30,NAN,NAN,NAN,NAN,NAN
2017,5,9,20,0,NAN,NAN,NAN,NAN,NAN
2017,5,9,20,30,NAN,NAN,NAN,NAN,NAN
2017,5,9,21,0,NAN,NAN,NAN,NAN,NAN
2017,5,9,21,30,NAN,NAN,NAN,NAN,NAN
2017,5,9,22,0,NAN,NAN,NAN,NAN,NAN
2017,5,9,22,30,NAN,NAN,NAN,NAN,NAN
2017,5,9,23,0,NAN,NAN,NAN,NAN,NAN
2017,5,9,23,30,NAN,NAN,NAN,NAN,NAN
2017,5,9,24,0,NAN,NAN,NAN,NAN,NAN
2017,5,10,0,30,NAN,NAN,NAN,NAN,NAN
2017,5,10,1,0,NAN,NAN,NAN,NAN,NAN
2017,5,10,1,30,NAN,NAN,NAN,NAN,NAN
2017,5,10,2,0,NAN,NAN,NAN,NAN,NAN
2017,5,10,2,30,NAN,NAN,NAN,NAN,NAN
2017,5,10,3,0,NAN,NAN,NAN,NAN,NAN
2017,5,10,3,30,NAN,NAN,NAN,NAN,NAN
2017,5,10,4,0,NAN,NAN,NAN,NAN,NAN
2017,5,10,4,30,NAN,NAN,NAN,NAN,NAN
2017,5,10,5,0,NAN,NAN,NAN,NAN,NAN
2017,5,10,5,30,NAN,NAN,NAN,NAN,NAN
2017,5,10,6,0,NAN,NAN,NAN,NAN,NAN
2017,5,10,6,30,NAN,NAN,NAN,NAN,NAN
2017,5,10,7,0,NAN,NAN,NAN,NAN,NAN
2017,5,10,7,30,NAN,NAN,NAN,NAN,NAN
2017,5,10,8,0,NAN,NAN,NAN,NAN,NAN
2017,5,10,8,30,NAN,NAN,NAN,NAN,NAN
2017,5,10,9,0,NAN,NAN,NAN,NAN,NAN
2017,5,10,9,30,NAN,NAN,NAN,NAN,NAN
2017,5,10,10,0,NAN,NAN,NAN,NAN,NAN
2017,5,10,10,30,NAN,NAN,NAN,NAN,NAN
2017,5,10,11,0,NAN,NAN,NAN,NAN,NAN
2017,5,10,11,30,NAN,NAN,NAN,NAN,NAN
2017,5,10,12,0,NAN,NAN,NAN,NAN,NAN
2017,5,10,12,30,NAN,NAN,NAN,NAN,NAN
2017,5,10,13,0,NAN,NAN,NAN,NAN,NAN
2017,5,10,13,30,NAN,NAN,NAN,NAN,NAN
2017,5,10,14,0,NAN,NAN,NAN,NAN,NAN
2017,5,10,14,30,NAN,NAN,NAN,NAN,NAN
2017,5,10,15,0,NAN,NAN,NAN,NAN,NAN
2017,5,10,15,30,NAN,NAN,NAN,NAN,NAN
2017,5,10,16,0,NAN,NAN,NAN,NAN,NAN
2017,5,10,16,30,NAN,NAN,NAN,NAN,NAN
2017,5,10,17,0,NAN,NAN,NAN,NAN,NAN
2017,5,10,17,30,NAN,NAN,NAN,NAN,NAN
2017,5,10,18,0,NAN,NAN,NAN,NAN,NAN
2017,5,10,18,30,NAN,NAN,NAN,NAN,NAN
2017,5,10,19,0,NAN,NAN,NAN,NAN,NAN
2017,5,10,19,30,NAN,NAN,NAN,NAN,NAN
2017,5,10,20,0,NAN,NAN,NAN,NAN,NAN
2017,5,10,20,30,NAN,NAN,NAN,NAN,NAN
2017,5,10,21,0,NAN,NAN,NAN,NAN,NAN
2017,5,10,21,30,NAN,NAN,NAN,NAN,NAN
2017,5,10,22,0,NAN,NAN,NAN,NAN,NAN
2017,5,10,22,30,NAN,NAN,NAN,NAN,NAN
2017,5,10,23,0,NAN,NAN,NAN,NAN,NAN
2017,5,10,23,30,NAN,NAN,NAN,NAN,NAN
2017,5,10,24,0,NAN,NAN,NAN,NAN,NAN
2017,5,11,0,30,NAN,NAN,NAN,NAN,NAN
2017,5,11,1,0,NAN,NAN,NAN,NAN,NAN
2017,5,11,1,30,NAN,NAN,NAN,NAN,NAN
2017,5,11,2,0,NAN,NAN,NAN,NAN,NAN
2017,5,11,2,30,NAN,NAN,NAN,NAN,NAN
2017,5,11,3,0,NAN,NAN,NAN,NAN,NAN
2017,5,11,3,30,NAN,NAN,NAN,NAN,NAN
2017,5,11,4,0,NAN,NAN,NAN,NAN,NAN
2017,5,11,4,30,NAN,NAN,NAN,NAN,NAN
2017,5,11,5,0,NAN,NAN,NAN,NAN,NAN
2017,5,11,5,30,NAN,NAN,NAN,NAN,NAN
2017,5,11,6,0,NAN,NAN,NAN,NAN,NAN
2017,5,11,6,30,NAN,NAN,NAN,NAN,NAN
2017,5,11,7,0,NAN,NAN,NAN,NAN,NAN
2017,5,11,7,30,NAN,NAN,NAN,NAN,NAN
2017,5,11,8,0,NAN,NAN,NAN,NAN,NAN
2017,5,11,8,30,NAN,NAN,NAN,NAN,NAN
2017,5,11,9,0,NAN,NAN,NAN,NAN,NAN
2017,5,11,9,30,NAN,NAN,NAN,NAN,NAN
2017,5,11,10,0,NAN,NAN,NAN,NAN,NAN
2017,5,11,10,30,NAN,NAN,NAN,NAN,NAN
2017,5,11,11,0,NAN,NAN,NAN,NAN,NAN
2017,5,11,11,30,NAN,NAN,NAN,NAN,NAN
2017,5,11,12,0,NAN,NAN,NAN,NAN,NAN
2017,5,11,12,30,NAN,NAN,NAN,NAN,NAN
2017,5,11,13,0,NAN,NAN,NAN,NAN,NAN
2017,5,11,13,30,NAN,NAN,NAN,NAN,NAN
2017,5,11,14,0,NAN,NAN,NAN,NAN,NAN
2017,5,11,14,30,NAN,NAN,NAN,NAN,NAN
2017,5,11,15,0,NAN,NAN,NAN,NAN,NAN
2017,5,11,15,30,NAN,NAN,NAN,NAN,NAN
2017,5,11,16,0,NAN,NAN,NAN,NAN,NAN
2017,5,11,16,30,NAN,NAN,NAN,NAN,NAN
2017,5,11,17,0,NAN,NAN,NAN,NAN,NAN
2017,5,11,17,30,NAN,NAN,NAN,NAN,NAN
2017,5,11,18,0,NAN,NAN,NAN,NAN,NAN
2017,5,11,18,30,NAN,NAN,NAN,NAN,NAN
2017,5,11,19,0,NAN,NAN,NAN,NAN,NAN
2017,5,11,19,30,NAN,NAN,NAN,NAN,NAN
2017,5,11,20,0,NAN,NAN,NAN,NAN,NAN
2017,5,11,20,30,NAN,NAN,NAN,NAN,NAN
2017,5,11,21,0,NAN,NAN,NAN,NAN,NAN
2017,5,11,21,30,NAN,NAN,NAN,NAN,NAN
2017,5,11,22,0,NAN,NAN,NAN,NAN,NAN
2017,5,11,22,30,NAN,NAN,NAN,NAN,NAN
2017,5,11,23,0,NAN,NAN,NAN,NAN,NAN
2017,5,11,23,30,NAN,NAN,NAN,NAN,NAN
2017,5,11,24,0,NAN,NAN,NAN,NAN,NAN
2017,5,12,0,30,NAN,NAN,NAN,NAN,NAN
2017,5,12,1,0,NAN,NAN,NAN,NAN,NAN
2017,5,12,1,30,NAN,NAN,NAN,NAN,NAN
2017,5,12,2,0,NAN,NAN,NAN,NAN,NAN
2017,5,12,2,30,NAN,NAN,NAN,NAN,NAN
2017,5,12,3,0,NAN,NAN,NAN,NAN,NAN
2017,5,12,3,30,NAN,NAN,NAN,NAN,NAN
2017,5,12,4,0,NAN,NAN,NAN,NAN,NAN
2017,5,12,4,30,NAN,NAN,NAN,NAN,NAN
2017,5,12,5,0,NAN,NAN,NAN,NAN,NAN
2017,5,12,5,30,NAN,NAN,NAN,NAN,NAN
2017,5,12,6,0,NAN,NAN,NAN,NAN,NAN
2017,5,12,6,30,NAN,NAN,NAN,NAN,NAN
2017,5,12,7,0,NAN,NAN,NAN,NAN,NAN
2017,5,12,7,30,NAN,NAN,NAN,NAN,NAN
2017,5,12,8,0,NAN,NAN,NAN,NAN,NAN
2017,5,12,8,30,NAN,NAN,NAN,NAN,NAN
2017,5,12,9,0,NAN,NAN,NAN,NAN,NAN
2017,5,12,9,30,NAN,NAN,NAN,NAN,NAN
2017,5,12,10,0,NAN,NAN,NAN,NAN,NAN
2017,5,12,10,30,NAN,NAN,NAN,NAN,NAN
2017,5,12,11,0,NAN,NAN,NAN,NAN,NAN
2017,5,12,11,30,NAN,NAN,NAN,NAN,NAN
2017,5,12,12,0,NAN,NAN,NAN,NAN,NAN
2017,5,12,12,30,NAN,NAN,NAN,NAN,NAN
2017,5,12,13,0,NAN,NAN,NAN,NAN,NAN
2017,5,12,13,30,NAN,NAN,NAN,NAN,NAN
2017,5,12,14,0,NAN,NAN,NAN,NAN,NAN
2017,5,12,14,30,NAN,NAN,NAN,NAN,NAN
2017,5,12,15,0,NAN,NAN,NAN,NAN,NAN
2017,5,12,15,30,NAN,NAN,NAN,NAN,NAN
2017,5,12,16,0,NAN,NAN,NAN,NAN,NAN
2017,5,12,16,30,NAN,NAN,NAN,NAN,NAN
2017,5,12,17,0,NAN,NAN,NAN,NAN,NAN
2017,5,12,17,30,NAN,NAN,NAN,NAN,NAN
2017,5,12,18,0,NAN,NAN,NAN,NAN,NAN
2017,5,12,18,30,NAN,NAN,NAN,NAN,NAN
2017,5,12,19,0,NAN,NAN,NAN,NAN,NAN
2017,5,12,19,30,NAN,NAN,NAN,NAN,NAN
2017,5,12,20,0,NAN,NAN,NAN,NAN,NAN
2017,5,12,20,30,NAN,NAN,NAN,NAN,NAN
2017,5,12,21,0,NAN,NAN,NAN,NAN,NAN
2017,5,12,21,30,NAN,NAN,NAN,NAN,NAN
2017,5,12,22,0,NAN,NAN,NAN,NAN,NAN
2017,5,12,22,30,NAN,NAN,NAN,NAN,NAN
2017,5,12,23,0,NAN,NAN,NAN,NAN,NAN
2017,5,12,23,30,NAN,NAN,NAN,NAN,NAN
2017,5,12,24,0,NAN,NAN,NAN,NAN,NAN
2017,5,13,0,30,NAN,NAN,NAN,NAN,NAN
2017,5,13,1,0,NAN,NAN,NAN,NAN,NAN
2017,5,13,1,30,NAN,NAN,NAN,NAN,NAN
2017,5,13,2,0,NAN,NAN,NAN,NAN,NAN
2017,5,13,2,30,NAN,NAN,NAN,NAN,NAN
2017,5,13,3,0,NAN,NAN,NAN,NAN,NAN
2017,5,13,3,30,NAN,NAN,NAN,NAN,NAN
2017,5,13,4,0,NAN,NAN,NAN,NAN,NAN
2017,5,13,4,30,NAN,NAN,NAN,NAN,NAN
2017,5,13,5,0,NAN,NAN,NAN,NAN,NAN
2017,5,13,5,30,NAN,NAN,NAN,NAN,NAN
2017,5,13,6,0,NAN,NAN,NAN,NAN,NAN
2017,5,13,6,30,NAN,NAN,NAN,NAN,NAN
2017,5,13,7,0,NAN,NAN,NAN,NAN,NAN
2017,5,13,7,30,NAN,NAN,NAN,NAN,NAN
2017,5,13,8,0,NAN,NAN,NAN,NAN,NAN
2017,5,13,8,30,NAN,NAN,NAN,NAN,NAN
2017,5,13,9,0,NAN,NAN,NAN,NAN,NAN
2017,5,13,9,30,NAN,NAN,NAN,NAN,NAN
2017,5,13,10,0,NAN,NAN,NAN,NAN,NAN
2017,5,13,10,30,NAN,NAN,NAN,NAN,NAN
2017,5,13,11,0,NAN,NAN,NAN,NAN,NAN
2017,5,13,11,30,NAN,NAN,NAN,NAN,NAN
2017,5,13,12,0,NAN,NAN,NAN,NAN,NAN
2017,5,13,12,30,NAN,NAN,NAN,NAN,NAN
2017,5,13,13,0,NAN,NAN,NAN,NAN,NAN
2017,5,13,13,30,NAN,NAN,NAN,NAN,NAN
2017,5,13,14,0,NAN,NAN,NAN,NAN,NAN
2017,5,13,14,30,NAN,NAN,NAN,NAN,NAN
2017,5,13,15,0,NAN,NAN,NAN,NAN,NAN
2017,5,13,15,30,NAN,NAN,NAN,NAN,NAN
2017,5,13,16,0,NAN,NAN,NAN,NAN,NAN
2017,5,13,16,30,NAN,NAN,NAN,NAN,NAN
2017,5,13,17,0,NAN,NAN,NAN,NAN,NAN
2017,5,13,17,30,NAN,NAN,NAN,NAN,NAN
2017,5,13,18,0,NAN,NAN,NAN,NAN,NAN
2017,5,13,18,30,NAN,NAN,NAN,NAN,NAN
2017,5,13,19,0,NAN,NAN,NAN,NAN,NAN
2017,5,13,19,30,NAN,NAN,NAN,NAN,NAN
2017,5,13,20,0,NAN,NAN,NAN,NAN,NAN
2017,5,13,20,30,NAN,NAN,NAN,NAN,NAN
2017,5,13,21,0,NAN,NAN,NAN,NAN,NAN
2017,5,13,21,30,NAN,NAN,NAN,NAN,NAN
2017,5,13,22,0,NAN,NAN,NAN,NAN,NAN
2017,5,13,22,30,NAN,NAN,NAN,NAN,NAN
2017,5,13,23,0,NAN,NAN,NAN,NAN,NAN
2017,5,13,23,30,NAN,NAN,NAN,NAN,NAN
2017,5,13,24,0,NAN,NAN,NAN,NAN,NAN
2017,5,14,0,30,NAN,NAN,NAN,NAN,NAN
2017,5,14,1,0,NAN,NAN,NAN,NAN,NAN
2017,5,14,1,30,NAN,NAN,NAN,NAN,NAN
2017,5,14,2,0,NAN,NAN,NAN,NAN,NAN
2017,5,14,2,30,NAN,NAN,NAN,NAN,NAN
2017,5,14,3,0,NAN,NAN,NAN,NAN,NAN
2017,5,14,3,30,NAN,NAN,NAN,NAN,NAN
2017,5,14,4,0,NAN,NAN,NAN,NAN,NAN
2017,5,14,4,30,NAN,NAN,NAN,NAN,NAN
2017,5,14,5,0,NAN,NAN,NAN,NAN,NAN
2017,5,14,5,30,NAN,NAN,NAN,NAN,NAN
2017,5,14,6,0,NAN,NAN,NAN,NAN,NAN
2017,5,14,6,30,NAN,NAN,NAN,NAN,NAN
2017,5,14,7,0,NAN,NAN,NAN,NAN,NAN
2017,5,14,7,30,NAN,NAN,NAN,NAN,NAN
2017,5,14,8,0,NAN,NAN,NAN,NAN,NAN
2017,5,14,8,30,NAN,NAN,NAN,NAN,NAN
2017,5,14,9,0,NAN,NAN,NAN,NAN,NAN
2017,5,14,9,30,NAN,NAN,NAN,NAN,NAN
2017,5,14,10,0,NAN,NAN,NAN,NAN,NAN
2017,5,14,10,30,NAN,NAN,NAN,NAN,NAN
2017,5,14,11,0,NAN,NAN,NAN,NAN,NAN
2017,5,14,11,30,NAN,NAN,NAN,NAN,NAN
2017,5,14,12,0,NAN,NAN,NAN,NAN,NAN
2017,5,14,12,30,NAN,NAN,NAN,NAN,NAN
2017,5,14,13,0,NAN,NAN,NAN,NAN,NAN
2017,5,14,13,30,NAN,NAN,NAN,NAN,NAN
2017,5,14,14,0,NAN,NAN,NAN,NAN,NAN
2017,5,14,14,30,NAN,NAN,NAN,NAN,NAN
2017,5,14,15,0,NAN,NAN,NAN,NAN,NAN
2017,5,14,15,30,NAN,NAN,NAN,NAN,NAN
2017,5,14,16,0,NAN,NAN,NAN,NAN,NAN
2017,5,14,16,30,NAN,NAN,NAN,NAN,NAN
2017,5,14,17,0,NAN,NAN,NAN,NAN,NAN
2017,5,14,17,30,NAN,NAN,NAN,NAN,NAN
2017,5,14,18,0,NAN,NAN,NAN,NAN,NAN
2017,5,14,18,30,NAN,NAN,NAN,NAN,NAN
2017,5,14,19,0,NAN,NAN,NAN,NAN,NAN
2017,5,14,19,30,NAN,NAN,NAN,NAN,NAN
2017,5,14,20,0,NAN,NAN,NAN,NAN,NAN
2017,5,14,20,30,NAN,NAN,NAN,NAN,NAN
2017,5,14,21,0,NAN,NAN,NAN,NAN,NAN
2017,5,14,21,30,NAN,NAN,NAN,NAN,NAN
2017,5,14,22,0,NAN,NAN,NAN,NAN,NAN
2017,5,14,22,30,NAN,NAN,NAN,NAN,NAN
2017,5,14,23,0,NAN,NAN,NAN,NAN,NAN
2017,5,14,23,30,NAN,NAN,NAN,NAN,NAN
2017,5,14,24,0,NAN,NAN,NAN,NAN,NAN
2017,5,15,0,30,NAN,NAN,NAN,NAN,NAN
2017,5,15,1,0,NAN,NAN,NAN,NAN,NAN
2017,5,15,1,30,NAN,NAN,NAN,NAN,NAN
2017,5,15,2,0,NAN,NAN,NAN,NAN,NAN
2017,5,15,2,30,NAN,NAN,NAN,NAN,NAN
2017,5,15,3,0,NAN,NAN,NAN,NAN,NAN
2017,5,15,3,30,NAN,NAN,NAN,NAN,NAN
2017,5,15,4,0,NAN,NAN,NAN,NAN,NAN
2017,5,15,4,30,NAN,NAN,NAN,NAN,NAN
2017,5,15,5,0,NAN,NAN,NAN,NAN,NAN
2017,5,15,5,30,NAN,NAN,NAN,NAN,NAN
2017,5,15,6,0,NAN,NAN,NAN,NAN,NAN
2017,5,15,6,30,NAN,NAN,NAN,NAN,NAN
2017,5,15,7,0,NAN,NAN,NAN,NAN,NAN
2017,5,15,7,30,NAN,NAN,NAN,NAN,NAN
2017,5,15,8,0,NAN,NAN,NAN,NAN,NAN
2017,5,15,8,30,NAN,NAN,NAN,NAN,NAN
2017,5,15,9,0,NAN,NAN,NAN,NAN,NAN
2017,5,15,9,30,NAN,NAN,NAN,NAN,NAN
2017,5,15,10,0,NAN,NAN,NAN,NAN,NAN
2017,5,15,10,30,NAN,NAN,NAN,NAN,NAN
2017,5,15,11,0,NAN,NAN,NAN,NAN,NAN
2017,5,15,11,30,NAN,NAN,NAN,NAN,NAN
2017,5,15,12,0,NAN,NAN,NAN,NAN,NAN
2017,5,15,12,30,NAN,NAN,NAN,NAN,NAN
2017,5,15,13,0,NAN,NAN,NAN,NAN,NAN
2017,5,15,13,30,NAN,NAN,NAN,NAN,NAN
2017,5,15,14,0,NAN,NAN,NAN,NAN,NAN
2017,5,15,14,30,NAN,NAN,NAN,NAN,NAN
2017,5,15,15,0,NAN,NAN,NAN,NAN,NAN
2017,5,15,15,30,NAN,NAN,NAN,NAN,NAN
2017,5,15,16,0,NAN,NAN,NAN,NAN,NAN
2017,5,15,16,30,NAN,NAN,NAN,NAN,NAN
2017,5,15,17,0,NAN,NAN,NAN,NAN,NAN
2017,5,15,17,30,NAN,NAN,NAN,NAN,NAN
2017,5,15,18,0,NAN,NAN,NAN,NAN,NAN
2017,5,15,18,30,NAN,NAN,NAN,NAN,NAN
2017,5,15,19,0,NAN,NAN,NAN,NAN,NAN
2017,5,15,19,30,NAN,NAN,NAN,NAN,NAN
2017,5,15,20,0,NAN,NAN,NAN,NAN,NAN
2017,5,15,20,30,NAN,NAN,NAN,NAN,NAN
2017,5,15,21,0,NAN,NAN,NAN,NAN,NAN
2017,5,15,21,30,NAN,NAN,NAN,NAN,NAN
2017,5,15,22,0,NAN,NAN,NAN,NAN,NAN
2017,5,15,22,30,NAN,NAN,NAN,NAN,NAN
2017,5,15,23,0,NAN,NAN,NAN,NAN,NAN
2017,5,15,23,30,NAN,NAN,NAN,NAN,NAN
2017,5,15,24,0,NAN,NAN,NAN,NAN,NAN
2017,5,16,0,30,NAN,NAN,NAN,NAN,NAN
2017,5,16,1,0,NAN,NAN,NAN,NAN,NAN
2017,5,16,1,30,NAN,NAN,NAN,NAN,NAN
2017,5,16,2,0,NAN,NAN,NAN,NAN,NAN
2017,5,16,2,30,NAN,NAN,NAN,NAN,NAN
2017,5,16,3,0,NAN,NAN,NAN,NAN,NAN
2017,5,16,3,30,NAN,NAN,NAN,NAN,NAN
2017,5,16,4,0,NAN,NAN,NAN,NAN,NAN
2017,5,16,4,30,NAN,NAN,NAN,NAN,NAN
2017,5,16,5,0,NAN,NAN,NAN,NAN,NAN
2017,5,16,5,30,NAN,NAN,NAN,NAN,NAN
2017,5,16,6,0,NAN,NAN,NAN,NAN,NAN
2017,5,16,6,30,NAN,NAN,NAN,NAN,NAN
2017,5,16,7,0,NAN,NAN,NAN,NAN,NAN
2017,5,16,7,30,NAN,NAN,NAN,NAN,NAN
2017,5,16,8,0,NAN,NAN,NAN,NAN,NAN
2017,5,16,8,30,NAN,NAN,NAN,NAN,NAN
2017,5,16,9,0,NAN,NAN,NAN,NAN,NAN
2017,5,16,9,30,NAN,NAN,NAN,NAN,NAN
2017,5,16,10,0,NAN,NAN,NAN,NAN,NAN
2017,5,16,10,30,NAN,NAN,NAN,NAN,NAN
2017,5,16,11,0,NAN,NAN,NAN,NAN,NAN
2017,5,16,11,30,NAN,NAN,NAN,NAN,NAN
2017,5,16,12,0,NAN,NAN,NAN,NAN,NAN
2017,5,16,12,30,NAN,NAN,NAN,NAN,NAN
2017,5,16,13,0,NAN,NAN,NAN,NAN,NAN
2017,5,16,13,30,NAN,NAN,NAN,NAN,NAN
2017,5,16,14,0,NAN,NAN,NAN,NAN,NAN
2017,5,16,14,30,NAN,NAN,NAN,NAN,NAN
2017,5,16,15,0,NAN,NAN,NAN,NAN,NAN
2017,5,16,15,30,NAN,NAN,NAN,NAN,NAN
2017,5,16,16,0,NAN,NAN,NAN,NAN,NAN
2017,5,16,16,30,NAN,NAN,NAN,NAN,NAN
2017,5,16,17,0,NAN,NAN,NAN,NAN,NAN
2017,5,16,17,30,NAN,NAN,NAN,NAN,NAN
2017,5,16,18,0,NAN,NAN,NAN,NAN,NAN
2017,5,16,18,30,NAN,NAN,NAN,NAN,NAN
2017,5,16,19,0,NAN,NAN,NAN,NAN,NAN
2017,5,16,19,30,NAN,NAN,NAN,NAN,NAN
2017,5,16,20,0,NAN,NAN,NAN,NAN,NAN
2017,5,16,20,30,NAN,NAN,NAN,NAN,NAN
2017,5,16,21,0,NAN,NAN,NAN,NAN,NAN
2017,5,16,21,30,NAN,NAN,NAN,NAN,NAN
2017,5,16,22,0,NAN,NAN,NAN,NAN,NAN
2017,5,16,22,30,NAN,NAN,NAN,NAN,NAN
2017,5,16,23,0,NAN,NAN,NAN,NAN,NAN
2017,5,16,23,30,NAN,NAN,NAN,NAN,NAN
2017,5,16,24,0,NAN,NAN,NAN,NAN,NAN
2017,5,17,0,30,NAN,NAN,NAN,NAN,NAN
2017,5,17,1,0,NAN,NAN,NAN,NAN,NAN
2017,5,17,1,30,NAN,NAN,NAN,NAN,NAN
2017,5,17,2,0,NAN,NAN,NAN,NAN,NAN
2017,5,17,2,30,NAN,NAN,NAN,NAN,NAN
2017,5,17,3,0,NAN,NAN,NAN,NAN,NAN
2017,5,17,3,30,NAN,NAN,NAN,NAN,NAN
2017,5,17,4,0,NAN,NAN,NAN,NAN,NAN
2017,5,17,4,30,NAN,NAN,NAN,NAN,NAN
2017,5,17,5,0,NAN,NAN,NAN,NAN,NAN
2017,5,17,5,30,NAN,NAN,NAN,NAN,NAN
2017,5,17,6,0,NAN,NAN,NAN,NAN,NAN
2017,5,17,6,30,NAN,NAN,NAN,NAN,NAN
2017,5,17,7,0,NAN,NAN,NAN,NAN,NAN
2017,5,17,7,30,NAN,NAN,NAN,NAN,NAN
2017,5,17,8,0,NAN,NAN,NAN,NAN,NAN
2017,5,17,8,30,NAN,NAN,NAN,NAN,NAN
2017,5,17,9,0,NAN,NAN,NAN,NAN,NAN
2017,5,17,9,30,NAN,NAN,NAN,NAN,NAN
2017,5,17,10,0,NAN,NAN,NAN,NAN,NAN
2017,5,17,10,30,NAN,NAN,NAN,NAN,NAN
2017,5,17,11,0,NAN,NAN,NAN,NAN,NAN
2017,5,17,11,30,NAN,NAN,NAN,NAN,NAN
2017,5,17,12,0,NAN,NAN,NAN,NAN,NAN
2017,5,17,12,30,NAN,NAN,NAN,NAN,NAN
2017,5,17,13,0,NAN,NAN,NAN,NAN,NAN
2017,5,17,13,30,NAN,NAN,NAN,NAN,NAN
2017,5,17,14,0,NAN,NAN,NAN,NAN,NAN
2017,5,17,14,30,NAN,NAN,NAN,NAN,NAN
2017,5,17,15,0,NAN,NAN,NAN,NAN,NAN
2017,5,17,15,30,NAN,NAN,NAN,NAN,NAN
2017,5,17,16,0,NAN,NAN,NAN,NAN,NAN
2017,5,17,16,30,NAN,NAN,NAN,NAN,NAN
2017,5,17,17,0,NAN,NAN,NAN,NAN,NAN
2017,5,17,17,30,NAN,NAN,NAN,NAN,NAN
2017,5,17,18,0,NAN,NAN,NAN,NAN,NAN
2017,5,17,18,30,NAN,NAN,NAN,NAN,NAN
2017,5,17,19,0,NAN,NAN,NAN,NAN,NAN
2017,5,17,19,30,NAN,NAN,NAN,NAN,NAN
2017,5,17,20,0,NAN,NAN,NAN,NAN,NAN
2017,5,17,20,30,NAN,NAN,NAN,NAN,NAN
2017,5,17,21,0,NAN,NAN,NAN,NAN,NAN
2017,5,17,21,30,NAN,NAN,NAN,NAN,NAN
2017,5,17,22,0,NAN,NAN,NAN,NAN,NAN
2017,5,17,22,30,NAN,NAN,NAN,NAN,NAN
2017,5,17,23,0,NAN,NAN,NAN,NAN,NAN
2017,5,17,23,30,NAN,NAN,NAN,NAN,NAN
2017,5,17,24,0,NAN,NAN,NAN,NAN,NAN
2017,5,18,0,30,NAN,NAN,NAN,NAN,NAN
2017,5,18,1,0,NAN,NAN,NAN,NAN,NAN
2017,5,18,1,30,NAN,NAN,NAN,NAN,NAN
2017,5,18,2,0,NAN,NAN,NAN,NAN,NAN
2017,5,18,2,30,NAN,NAN,NAN,NAN,NAN
2017,5,18,3,0,NAN,NAN,NAN,NAN,NAN
2017,5,18,3,30,NAN,NAN,NAN,NAN,NAN
2017,5,18,4,0,NAN,NAN,NAN,NAN,NAN
2017,5,18,4,30,NAN,NAN,NAN,NAN,NAN
2017,5,18,5,0,NAN,NAN,NAN,NAN,NAN
2017,5,18,5,30,NAN,NAN,NAN,NAN,NAN
2017,5,18,6,0,NAN,NAN,NAN,NAN,NAN
2017,5,18,6,30,NAN,NAN,NAN,NAN,NAN
2017,5,18,7,0,NAN,NAN,NAN,NAN,NAN
2017,5,18,7,30,NAN,NAN,NAN,NAN,NAN
2017,5,18,8,0,NAN,NAN,NAN,NAN,NAN
2017,5,18,8,30,NAN,NAN,NAN,NAN,NAN
2017,5,18,9,0,NAN,NAN,NAN,NAN,NAN
2017,5,18,9,30,NAN,NAN,NAN,NAN,NAN
2017,5,18,10,0,NAN,NAN,NAN,NAN,NAN
2017,5,18,10,30,NAN,NAN,NAN,NAN,NAN
2017,5,18,11,0,NAN,NAN,NAN,NAN,NAN
2017,5,18,11,30,NAN,NAN,NAN,NAN,NAN
2017,5,18,12,0,NAN,NAN,NAN,NAN,NAN
2017,5,18,12,30,NAN,NAN,NAN,NAN,NAN
2017,5,18,13,0,NAN,NAN,NAN,NAN,NAN
2017,5,18,13,30,NAN,NAN,NAN,NAN,NAN
2017,5,18,14,0,NAN,NAN,NAN,NAN,NAN
2017,5,18,14,30,NAN,NAN,NAN,NAN,NAN
2017,5,18,15,0,NAN,NAN,NAN,NAN,NAN
2017,5,18,15,30,NAN,NAN,NAN,NAN,NAN
2017,5,18,16,0,NAN,NAN,NAN,NAN,NAN
2017,5,18,16,30,NAN,NAN,NAN,NAN,NAN
2017,5,18,17,0,NAN,NAN,NAN,NAN,NAN
2017,5,18,17,30,NAN,NAN,NAN,NAN,NAN
2017,5,18,18,0,NAN,NAN,NAN,NAN,NAN
2017,5,18,18,30,NAN,NAN,NAN,NAN,NAN
2017,5,18,19,0,NAN,NAN,NAN,NAN,NAN
2017,5,18,19,30,NAN,NAN,NAN,NAN,NAN
2017,5,18,20,0,NAN,NAN,NAN,NAN,NAN
2017,5,18,20,30,NAN,NAN,NAN,NAN,NAN
2017,5,18,21,0,NAN,NAN,NAN,NAN,NAN
2017,5,18,21,30,NAN,NAN,NAN,NAN,NAN
2017,5,18,22,0,NAN,NAN,NAN,NAN,NAN
2017,5,18,22,30,NAN,NAN,NAN,NAN,NAN
2017,5,18,23,0,NAN,NAN,NAN,NAN,NAN
2017,5,18,23,30,NAN,NAN,NAN,NAN,NAN
2017,5,18,24,0,NAN,NAN,NAN,NAN,NAN
2017,5,19,0,30,NAN,NAN,NAN,NAN,NAN
2017,5,19,1,0,NAN,NAN,NAN,NAN,NAN
2017,5,19,1,30,NAN,NAN,NAN,NAN,NAN
2017,5,19,2,0,NAN,NAN,NAN,NAN,NAN
2017,5,19,2,30,NAN,NAN,NAN,NAN,NAN
2017,5,19,3,0,NAN,NAN,NAN,NAN,NAN
2017,5,19,3,30,NAN,NAN,NAN,NAN,NAN
2017,5,19,4,0,NAN,NAN,NAN,NAN,NAN
2017,5,19,4,30,NAN,NAN,NAN,NAN,NAN
2017,5,19,5,0,NAN,NAN,NAN,NAN,NAN
2017,5,19,5,30,NAN,NAN,NAN,NAN,NAN
2017,5,19,6,0,NAN,NAN,NAN,NAN,NAN
2017,5,19,6,30,NAN,NAN,NAN,NAN,NAN
2017,5,19,7,0,NAN,NAN,NAN,NAN,NAN
2017,5,19,7,30,NAN,NAN,NAN,NAN,NAN
2017,5,19,8,0,NAN,NAN,NAN,NAN,NAN
2017,5,19,8,30,NAN,NAN,NAN,NAN,NAN
2017,5,19,9,0,NAN,NAN,NAN,NAN,NAN
2017,5,19,9,30,NAN,NAN,NAN,NAN,NAN
2017,5,19,10,0,NAN,NAN,NAN,NAN,NAN
2017,5,19,10,30,NAN,NAN,NAN,NAN,NAN
2017,5,19,11,0,NAN,NAN,NAN,NAN,NAN
2017,5,19,11,30,NAN,NAN,NAN,NAN,NAN
2017,5,19,12,0,NAN,NAN,NAN,NAN,NAN
2017,5,19,12,30,NAN,NAN,NAN,NAN,NAN
2017,5,19,13,0,NAN,NAN,NAN,NAN,NAN
2017,5,19,13,30,NAN,NAN,NAN,NAN,NAN
2017,5,19,14,0,NAN,NAN,NAN,NAN,NAN
2017,5,19,14,30,NAN,NAN,NAN,NAN,NAN
2017,5,19,15,0,NAN,NAN,NAN,NAN,NAN
2017,5,19,15,30,NAN,NAN,NAN,NAN,NAN
2017,5,19,16,0,NAN,NAN,NAN,NAN,NAN
2017,5,19,16,30,NAN,NAN,NAN,NAN,NAN
2017,5,19,17,0,NAN,NAN,NAN,NAN,NAN
2017,5,19,17,30,NAN,NAN,NAN,NAN,NAN
2017,5,19,18,0,NAN,NAN,NAN,NAN,NAN
2017,5,19,18,30,NAN,NAN,NAN,NAN,NAN
2017,5,19,19,0,NAN,NAN,NAN,NAN,NAN
2017,5,19,19,30,NAN,NAN,NAN,NAN,NAN
2017,5,19,20,0,NAN,NAN,NAN,NAN,NAN
2017,5,19,20,30,NAN,NAN,NAN,NAN,NAN
2017,5,19,21,0,NAN,NAN,NAN,NAN,NAN
2017,5,19,21,30,NAN,NAN,NAN,NAN,NAN
2017,5,19,22,0,NAN,NAN,NAN,NAN,NAN
2017,5,19,22,30,NAN,NAN,NAN,NAN,NAN
2017,5,19,23,0,NAN,NAN,NAN,NAN,NAN
2017,5,19,23,30,NAN,NAN,NAN,NAN,NAN
2017,5,19,24,0,NAN,NAN,NAN,NAN,NAN
2017,5,20,0,30,NAN,NAN,NAN,NAN,NAN
2017,5,20,1,0,NAN,NAN,NAN,NAN,NAN
2017,5,20,1,30,NAN,NAN,NAN,NAN,NAN
2017,5,20,2,0,NAN,NAN,NAN,NAN,NAN
2017,5,20,2,30,NAN,NAN,NAN,NAN,NAN
2017,5,20,3,0,NAN,NAN,NAN,NAN,NAN
2017,5,20,3,30,NAN,NAN,NAN,NAN,NAN
2017,5,20,4,0,NAN,NAN,NAN,NAN,NAN
2017,5,20,4,30,NAN,NAN,NAN,NAN,NAN
2017,5,20,5,0,NAN,NAN,NAN,NAN,NAN
2017,5,20,5,30,NAN,NAN,NAN,NAN,NAN
2017,5,20,6,0,NAN,NAN,NAN,NAN,NAN
2017,5,20,6,30,NAN,NAN,NAN,NAN,NAN
2017,5,20,7,0,NAN,NAN,NAN,NAN,NAN
2017,5,20,7,30,NAN,NAN,NAN,NAN,NAN
2017,5,20,8,0,NAN,NAN,NAN,NAN,NAN
2017,5,20,8,30,NAN,NAN,NAN,NAN,NAN
2017,5,20,9,0,NAN,NAN,NAN,NAN,NAN
2017,5,20,9,30,NAN,NAN,NAN,NAN,NAN
2017,5,20,10,0,NAN,NAN,NAN,NAN,NAN
2017,5,20,10,30,NAN,NAN,NAN,NAN,NAN
2017,5,20,11,0,NAN,NAN,NAN,NAN,NAN
2017,5,20,11,30,NAN,NAN,NAN,NAN,NAN
2017,5,20,12,0,NAN,NAN,NAN,NAN,NAN
2017,5,20,12,30,NAN,NAN,NAN,NAN,NAN
2017,5,20,13,0,NAN,NAN,NAN,NAN,NAN
2017,5,20,13,30,NAN,NAN,NAN,NAN,NAN
2017,5,20,14,0,NAN,NAN,NAN,NAN,NAN
2017,5,20,14,30,NAN,NAN,NAN,NAN,NAN
2017,5,20,15,0,NAN,NAN,NAN,NAN,NAN
2017,5,20,15,30,NAN,NAN,NAN,NAN,NAN
2017,5,20,16,0,NAN,NAN,NAN,NAN,NAN
2017,5,20,16,30,NAN,NAN,NAN,NAN,NAN
2017,5,20,17,0,NAN,NAN,NAN,NAN,NAN
2017,5,20,17,30,NAN,NAN,NAN,NAN,NAN
2017,5,20,18,0,NAN,NAN,NAN,NAN,NAN
2017,5,20,18,30,NAN,NAN,NAN,NAN,NAN
2017,5,20,19,0,NAN,NAN,NAN,NAN,NAN
2017,5,20,19,30,NAN,NAN,NAN,NAN,NAN
2017,5,20,20,0,NAN,NAN,NAN,NAN,NAN
2017,5,20,20,30,NAN,NAN,NAN,NAN,NAN
2017,5,20,21,0,NAN,NAN,NAN,NAN,NAN
2017,5,20,21,30,NAN,NAN,NAN,NAN,NAN
2017,5,20,22,0,NAN,NAN,NAN,NAN,NAN
2017,5,20,22,30,NAN,NAN,NAN,NAN,NAN
2017,5,20,23,0,NAN,NAN,NAN,NAN,NAN
2017,5,20,23,30,NAN,NAN,NAN,NAN,NAN
2017,5,20,24,0,NAN,NAN,NAN,NAN,NAN
2017,5,21,0,30,NAN,NAN,NAN,NAN,NAN
2017,5,21,1,0,NAN,NAN,NAN,NAN,NAN
2017,5,21,1,30,NAN,NAN,NAN,NAN,NAN
2017,5,21,2,0,NAN,NAN,NAN,NAN,NAN
2017,5,21,2,30,NAN,NAN,NAN,NAN,NAN
2017,5,21,3,0,NAN,NAN,NAN,NAN,NAN
2017,5,21,3,30,NAN,NAN,NAN,NAN,NAN
2017,5,21,4,0,NAN,NAN,NAN,NAN,NAN
2017,5,21,4,30,NAN,NAN,NAN,NAN,NAN
2017,5,21,5,0,NAN,NAN,NAN,NAN,NAN
2017,5,21,5,30,NAN,NAN,NAN,NAN,NAN
2017,5,21,6,0,NAN,NAN,NAN,NAN,NAN
2017,5,21,6,30,NAN,NAN,NAN,NAN,NAN
2017,5,21,7,0,NAN,NAN,NAN,NAN,NAN
2017,5,21,7,30,NAN,NAN,NAN,NAN,NAN
2017,5,21,8,0,NAN,NAN,NAN,NAN,NAN
2017,5,21,8,30,NAN,NAN,NAN,NAN,NAN
2017,5,21,9,0,NAN,NAN,NAN,NAN,NAN
2017,5,21,9,30,NAN,NAN,NAN,NAN,NAN
2017,5,21,10,0,NAN,NAN,NAN,NAN,NAN
2017,5,21,10,30,NAN,NAN,NAN,NAN,NAN
2017,5,21,11,0,NAN,NAN,NAN,NAN,NAN
2017,5,21,11,30,NAN,NAN,NAN,NAN,NAN
2017,5,21,12,0,NAN,NAN,NAN,NAN,NAN
2017,5,21,12,30,NAN,NAN,NAN,NAN,NAN
2017,5,21,13,0,NAN,NAN,NAN,NAN,NAN
2017,5,21,13,30,NAN,NAN,NAN,NAN,NAN
2017,5,21,14,0,NAN,NAN,NAN,NAN,NAN
2017,5,21,14,30,NAN,NAN,NAN,NAN,NAN
2017,5,21,15,0,NAN,NAN,NAN,NAN,NAN
2017,5,21,15,30,NAN,NAN,NAN,NAN,NAN
2017,5,21,16,0,NAN,NAN,NAN,NAN,NAN
2017,5,21,16,30,NAN,NAN,NAN,NAN,NAN
2017,5,21,17,0,NAN,NAN,NAN,NAN,NAN
2017,5,21,17,30,NAN,NAN,NAN,NAN,NAN
2017,5,21,18,0,NAN,NAN,NAN,NAN,NAN
2017,5,21,18,30,NAN,NAN,NAN,NAN,NAN
2017,5,21,19,0,NAN,NAN,NAN,NAN,NAN
2017,5,21,19,30,NAN,NAN,NAN,NAN,NAN
2017,5,21,20,0,NAN,NAN,NAN,NAN,NAN
2017,5,21,20,30,NAN,NAN,NAN,NAN,NAN
2017,5,21,21,0,NAN,NAN,NAN,NAN,NAN
2017,5,21,21,30,NAN,NAN,NAN,NAN,NAN
2017,5,21,22,0,NAN,NAN,NAN,NAN,NAN
2017,5,21,22,30,NAN,NAN,NAN,NAN,NAN
2017,5,21,23,0,NAN,NAN,NAN,NAN,NAN
2017,5,21,23,30,NAN,NAN,NAN,NAN,NAN
2017,5,21,24,0,NAN,NAN,NAN,NAN,NAN
2017,5,22,0,30,NAN,NAN,NAN,NAN,NAN
2017,5,22,1,0,NAN,NAN,NAN,NAN,NAN
2017,5,22,1,30,NAN,NAN,NAN,NAN,NAN
2017,5,22,2,0,NAN,NAN,NAN,NAN,NAN
2017,5,22,2,30,NAN,NAN,NAN,NAN,NAN
2017,5,22,3,0,NAN,NAN,NAN,NAN,NAN
2017,5,22,3,30,NAN,NAN,NAN,NAN,NAN
2017,5,22,4,0,NAN,NAN,NAN,NAN,NAN
2017,5,22,4,30,NAN,NAN,NAN,NAN,NAN
2017,5,22,5,0,NAN,NAN,NAN,NAN,NAN
2017,5,22,5,30,NAN,NAN,NAN,NAN,NAN
2017,5,22,6,0,NAN,NAN,NAN,NAN,NAN
2017,5,22,6,30,NAN,NAN,NAN,NAN,NAN
2017,5,22,7,0,NAN,NAN,NAN,NAN,NAN
2017,5,22,7,30,NAN,NAN,NAN,NAN,NAN
2017,5,22,8,0,NAN,NAN,NAN,NAN,NAN
2017,5,22,8,30,NAN,NAN,NAN,NAN,NAN
2017,5,22,9,0,NAN,NAN,NAN,NAN,NAN
2017,5,22,9,30,NAN,NAN,NAN,NAN,NAN
2017,5,22,10,0,NAN,NAN,NAN,NAN,NAN
2017,5,22,10,30,NAN,NAN,NAN,NAN,NAN
2017,5,22,11,0,NAN,NAN,NAN,NAN,NAN
2017,5,22,11,30,NAN,NAN,NAN,NAN,NAN
2017,5,22,12,0,NAN,NAN,NAN,NAN,NAN
2017,5,22,12,30,NAN,NAN,NAN,NAN,NAN
2017,5,22,13,0,NAN,NAN,NAN,NAN,NAN
2017,5,22,13,30,NAN,NAN,NAN,NAN,NAN
2017,5,22,14,0,NAN,NAN,NAN,NAN,NAN
2017,5,22,14,30,NAN,NAN,NAN,NAN,NAN
2017,5,22,15,0,NAN,NAN,NAN,NAN,NAN
2017,5,22,15,30,NAN,NAN,NAN,NAN,NAN
2017,5,22,16,0,NAN,NAN,NAN,NAN,NAN
2017,5,22,16,30,NAN,NAN,NAN,NAN,NAN
2017,5,22,17,0,NAN,NAN,NAN,NAN,NAN
2017,5,22,17,30,NAN,NAN,NAN,NAN,NAN
2017,5,22,18,0,NAN,NAN,NAN,NAN,NAN
2017,5,22,18,30,NAN,NAN,NAN,NAN,NAN
2017,5,22,19,0,NAN,NAN,NAN,NAN,NAN
2017,5,22,19,30,NAN,NAN,NAN,NAN,NAN
2017,5,22,20,0,NAN,NAN,NAN,NAN,NAN
2017,5,22,20,30,NAN,NAN,NAN,NAN,NAN
2017,5,22,21,0,NAN,NAN,NAN,NAN,NAN
2017,5,22,21,30,NAN,NAN,NAN,NAN,NAN
2017,5,22,22,0,NAN,NAN,NAN,NAN,NAN
2017,5,22,22,30,NAN,NAN,NAN,NAN,NAN
2017,5,22,23,0,NAN,NAN,NAN,NAN,NAN
2017,5,22,23,30,NAN,NAN,NAN,NAN,NAN
2017,5,22,24,0,NAN,NAN,NAN,NAN,NAN
2017,5,23,0,30,NAN,NAN,NAN,NAN,NAN
2017,5,23,1,0,NAN,NAN,NAN,NAN,NAN
2017,5,23,1,30,NAN,NAN,NAN,NAN,NAN
2017,5,23,2,0,NAN,NAN,NAN,NAN,NAN
2017,5,23,2,30,NAN,NAN,NAN,NAN,NAN
2017,5,23,3,0,NAN,NAN,NAN,NAN,NAN
2017,5,23,3,30,NAN,NAN,NAN,NAN,NAN
2017,5,23,4,0,NAN,NAN,NAN,NAN,NAN
2017,5,23,4,30,NAN,NAN,NAN,NAN,NAN
2017,5,23,5,0,NAN,NAN,NAN,NAN,NAN
2017,5,23,5,30,NAN,NAN,NAN,NAN,NAN
2017,5,23,6,0,NAN,NAN,NAN,NAN,NAN
2017,5,23,6,30,NAN,NAN,NAN,NAN,NAN
2017,5,23,7,0,NAN,NAN,NAN,NAN,NAN
2017,5,23,7,30,NAN,NAN,NAN,NAN,NAN
2017,5,23,8,0,NAN,NAN,NAN,NAN,NAN
2017,5,23,8,30,NAN,NAN,NAN,NAN,NAN
2017,5,23,9,0,NAN,NAN,NAN,NAN,NAN
2017,5,23,9,30,NAN,NAN,NAN,NAN,NAN
2017,5,23,10,0,NAN,NAN,NAN,NAN,NAN
2017,5,23,10,30,NAN,NAN,NAN,NAN,NAN
2017,5,23,11,0,NAN,NAN,NAN,NAN,NAN
2017,5,23,11,30,NAN,NAN,NAN,NAN,NAN
2017,5,23,12,0,NAN,NAN,NAN,NAN,NAN
2017,5,23,12,30,NAN,NAN,NAN,NAN,NAN
2017,5,23,13,0,NAN,NAN,NAN,NAN,NAN
2017,5,23,13,30,NAN,NAN,NAN,NAN,NAN
2017,5,23,14,0,NAN,NAN,NAN,NAN,NAN
2017,5,23,14,30,NAN,NAN,NAN,NAN,NAN
2017,5,23,15,0,NAN,NAN,NAN,NAN,NAN
2017,5,23,15,30,NAN,NAN,NAN,NAN,NAN
2017,5,23,16,0,NAN,NAN,NAN,NAN,NAN
2017,5,23,16,30,NAN,NAN,NAN,NAN,NAN
2017,5,23,17,0,NAN,NAN,NAN,NAN,NAN
2017,5,23,17,30,NAN,NAN,NAN,NAN,NAN
2017,5,23,18,0,NAN,NAN,NAN,NAN,NAN
2017,5,23,18,30,NAN,NAN,NAN,NAN,NAN
2017,5,23,19,0,NAN,NAN,NAN,NAN,NAN
2017,5,23,19,30,NAN,NAN,NAN,NAN,NAN
2017,5,23,20,0,NAN,NAN,NAN,NAN,NAN
2017,5,23,20,30,NAN,NAN,NAN,NAN,NAN
2017,5,23,21,0,NAN,NAN,NAN,NAN,NAN
2017,5,23,21,30,NAN,NAN,NAN,NAN,NAN
2017,5,23,22,0,NAN,NAN,NAN,NAN,NAN
2017,5,23,22,30,NAN,NAN,NAN,NAN,NAN
2017,5,23,23,0,NAN,NAN,NAN,NAN,NAN
2017,5,23,23,30,NAN,NAN,NAN,NAN,NAN
2017,5,23,24,0,NAN,NAN,NAN,NAN,NAN
2017,5,24,0,30,NAN,NAN,NAN,NAN,NAN
2017,5,24,1,0,NAN,NAN,NAN,NAN,NAN
2017,5,24,1,30,NAN,NAN,NAN,NAN,NAN
2017,5,24,2,0,NAN,NAN,NAN,NAN,NAN
2017,5,24,2,30,NAN,NAN,NAN,NAN,NAN
2017,5,24,3,0,NAN,NAN,NAN,NAN,NAN
2017,5,24,3,30,NAN,NAN,NAN,NAN,NAN
2017,5,24,4,0,NAN,NAN,NAN,NAN,NAN
2017,5,24,4,30,NAN,NAN,NAN,NAN,NAN
2017,5,24,5,0,NAN,NAN,NAN,NAN,NAN
2017,5,24,5,30,NAN,NAN,NAN,NAN,NAN
2017,5,24,6,0,NAN,NAN,NAN,NAN,NAN
2017,5,24,6,30,NAN,NAN,NAN,NAN,NAN
2017,5,24,7,0,NAN,NAN,NAN,NAN,NAN
2017,5,24,7,30,NAN,NAN,NAN,NAN,NAN
2017,5,24,8,0,NAN,NAN,NAN,NAN,NAN
2017,5,24,8,30,NAN,NAN,NAN,NAN,NAN
2017,5,24,9,0,NAN,NAN,NAN,NAN,NAN
2017,5,24,9,30,NAN,NAN,NAN,NAN,NAN
2017,5,24,10,0,NAN,NAN,NAN,NAN,NAN
2017,5,24,10,30,NAN,NAN,NAN,NAN,NAN
2017,5,24,11,0,NAN,NAN,NAN,NAN,NAN
2017,5,24,11,30,NAN,NAN,NAN,NAN,NAN
2017,5,24,12,0,NAN,NAN,NAN,NAN,NAN
2017,5,24,12,30,NAN,NAN,NAN,NAN,NAN
2017,5,24,13,0,NAN,NAN,NAN,NAN,NAN
2017,5,24,13,30,NAN,NAN,NAN,NAN,NAN
2017,5,24,14,0,NAN,NAN,NAN,NAN,NAN
2017,5,24,14,30,NAN,NAN,NAN,NAN,NAN
2017,5,24,15,0,NAN,NAN,NAN,NAN,NAN
2017,5,24,15,30,NAN,NAN,NAN,NAN,NAN
2017,5,24,16,0,NAN,NAN,NAN,NAN,NAN
2017,5,24,16,30,NAN,NAN,NAN,NAN,NAN
2017,5,24,17,0,NAN,NAN,NAN,NAN,NAN
2017,5,24,17,30,NAN,NAN,NAN,NAN,NAN
2017,5,24,18,0,NAN,NAN,NAN,NAN,NAN
2017,5,24,18,30,NAN,NAN,NAN,NAN,NAN
2017,5,24,19,0,NAN,NAN,NAN,NAN,NAN
2017,5,24,19,30,NAN,NAN,NAN,NAN,NAN
2017,5,24,20,0,NAN,NAN,NAN,NAN,NAN
2017,5,24,20,30,NAN,NAN,NAN,NAN,NAN
2017,5,24,21,0,NAN,NAN,NAN,NAN,NAN
2017,5,24,21,30,NAN,NAN,NAN,NAN,NAN
2017,5,24,22,0,NAN,NAN,NAN,NAN,NAN
2017,5,24,22,30,NAN,NAN,NAN,NAN,NAN
2017,5,24,23,0,NAN,NAN,NAN,NAN,NAN
2017,5,24,23,30,NAN,NAN,NAN,NAN,NAN
2017,5,24,24,0,NAN,NAN,NAN,NAN,NAN
2017,5,25,0,30,NAN,NAN,NAN,NAN,NAN
2017,5,25,1,0,NAN,NAN,NAN,NAN,NAN
2017,5,25,1,30,NAN,NAN,NAN,NAN,NAN
2017,5,25,2,0,NAN,NAN,NAN,NAN,NAN
2017,5,25,2,30,NAN,NAN,NAN,NAN,NAN
2017,5,25,3,0,NAN,NAN,NAN,NAN,NAN
2017,5,25,3,30,NAN,NAN,NAN,NAN,NAN
2017,5,25,4,0,NAN,NAN,NAN,NAN,NAN
2017,5,25,4,30,NAN,NAN,NAN,NAN,NAN
2017,5,25,5,0,NAN,NAN,NAN,NAN,NAN
2017,5,25,5,30,NAN,NAN,NAN,NAN,NAN
2017,5,25,6,0,NAN,NAN,NAN,NAN,NAN
2017,5,25,6,30,NAN,NAN,NAN,NAN,NAN
2017,5,25,7,0,NAN,NAN,NAN,NAN,NAN
2017,5,25,7,30,NAN,NAN,NAN,NAN,NAN
2017,5,25,8,0,NAN,NAN,NAN,NAN,NAN
2017,5,25,8,30,NAN,NAN,NAN,NAN,NAN
2017,5,25,9,0,NAN,NAN,NAN,NAN,NAN
2017,5,25,9,30,NAN,NAN,NAN,NAN,NAN
2017,5,25,10,0,NAN,NAN,NAN,NAN,NAN
2017,5,25,10,30,NAN,NAN,NAN,NAN,NAN
2017,5,25,11,0,NAN,NAN,NAN,NAN,NAN
2017,5,25,11,30,NAN,NAN,NAN,NAN,NAN
2017,5,25,12,0,NAN,NAN,NAN,NAN,NAN
2017,5,25,12,30,NAN,NAN,NAN,NAN,NAN
2017,5,25,13,0,NAN,NAN,NAN,NAN,NAN
2017,5,25,13,30,NAN,NAN,NAN,NAN,NAN
2017,5,25,14,0,NAN,NAN,NAN,NAN,NAN
2017,5,25,14,30,NAN,NAN,NAN,NAN,NAN
2017,5,25,15,0,NAN,NAN,NAN,NAN,NAN
2017,5,25,15,30,NAN,NAN,NAN,NAN,NAN
2017,5,25,16,0,NAN,NAN,NAN,NAN,NAN
2017,5,25,16,30,NAN,NAN,NAN,NAN,NAN
2017,5,25,17,0,NAN,NAN,NAN,NAN,NAN
2017,5,25,17,30,NAN,NAN,NAN,NAN,NAN
2017,5,25,18,0,NAN,NAN,NAN,NAN,NAN
2017,5,25,18,30,NAN,NAN,NAN,NAN,NAN
2017,5,25,19,0,NAN,NAN,NAN,NAN,NAN
2017,5,25,19,30,NAN,NAN,NAN,NAN,NAN
2017,5,25,20,0,NAN,NAN,NAN,NAN,NAN
2017,5,25,20,30,NAN,NAN,NAN,NAN,NAN
2017,5,25,21,0,NAN,NAN,NAN,NAN,NAN
2017,5,25,21,30,NAN,NAN,NAN,NAN,NAN
2017,5,25,22,0,NAN,NAN,NAN,NAN,NAN
2017,5,25,22,30,NAN,NAN,NAN,NAN,NAN
2017,5,25,23,0,NAN,NAN,NAN,NAN,NAN
2017,5,25,23,30,NAN,NAN,NAN,NAN,NAN
2017,5,25,24,0,NAN,NAN,NAN,NAN,NAN
2017,5,26,0,30,NAN,NAN,NAN,NAN,NAN
2017,5,26,1,0,NAN,NAN,NAN,NAN,NAN
2017,5,26,1,30,NAN,NAN,NAN,NAN,NAN
2017,5,26,2,0,NAN,NAN,NAN,NAN,NAN
2017,5,26,2,30,NAN,NAN,NAN,NAN,NAN
2017,5,26,3,0,NAN,NAN,NAN,NAN,NAN
2017,5,26,3,30,NAN,NAN,NAN,NAN,NAN
2017,5,26,4,0,NAN,NAN,NAN,NAN,NAN
2017,5,26,4,30,NAN,NAN,NAN,NAN,NAN
2017,5,26,5,0,NAN,NAN,NAN,NAN,NAN
2017,5,26,5,30,NAN,NAN,NAN,NAN,NAN
2017,5,26,6,0,NAN,NAN,NAN,NAN,NAN
2017,5,26,6,30,NAN,NAN,NAN,NAN,NAN
2017,5,26,7,0,NAN,NAN,NAN,NAN,NAN
2017,5,26,7,30,NAN,NAN,NAN,NAN,NAN
2017,5,26,8,0,NAN,NAN,NAN,NAN,NAN
2017,5,26,8,30,NAN,NAN,NAN,NAN,NAN
2017,5,26,9,0,NAN,NAN,NAN,NAN,NAN
2017,5,26,9,30,NAN,NAN,NAN,NAN,NAN
2017,5,26,10,0,NAN,NAN,NAN,NAN,NAN
2017,5,26,10,30,NAN,NAN,NAN,NAN,NAN
2017,5,26,11,0,NAN,NAN,NAN,NAN,NAN
2017,5,26,11,30,NAN,NAN,NAN,NAN,NAN
2017,5,26,12,0,NAN,NAN,NAN,NAN,NAN
2017,5,26,12,30,NAN,NAN,NAN,NAN,NAN
2017,5,26,13,0,NAN,NAN,NAN,NAN,NAN
2017,5,26,13,30,NAN,NAN,NAN,NAN,NAN
2017,5,26,14,0,NAN,NAN,NAN,NAN,NAN
2017,5,26,14,30,NAN,NAN,NAN,NAN,NAN
2017,5,26,15,0,NAN,NAN,NAN,NAN,NAN
2017,5,26,15,30,NAN,NAN,NAN,NAN,NAN
2017,5,26,16,0,NAN,NAN,NAN,NAN,NAN
2017,5,26,16,30,NAN,NAN,NAN,NAN,NAN
2017,5,26,17,0,NAN,NAN,NAN,NAN,NAN
2017,5,26,17,30,NAN,NAN,NAN,NAN,NAN
2017,5,26,18,0,NAN,NAN,NAN,NAN,NAN
2017,5,26,18,30,NAN,NAN,NAN,NAN,NAN
2017,5,26,19,0,NAN,NAN,NAN,NAN,NAN
2017,5,26,19,30,NAN,NAN,NAN,NAN,NAN
2017,5,26,20,0,NAN,NAN,NAN,NAN,NAN
2017,5,26,20,30,NAN,NAN,NAN,NAN,NAN
2017,5,26,21,0,NAN,NAN,NAN,NAN,NAN
2017,5,26,21,30,NAN,NAN,NAN,NAN,NAN
2017,5,26,22,0,NAN,NAN,NAN,NAN,NAN
2017,5,26,22,30,NAN,NAN,NAN,NAN,NAN
2017,5,26,23,0,NAN,NAN,NAN,NAN,NAN
2017,5,26,23,30,NAN,NAN,NAN,NAN,NAN
2017,5,26,24,0,NAN,NAN,NAN,NAN,NAN
2017,5,27,0,30,NAN,NAN,NAN,NAN,NAN
2017,5,27,1,0,NAN,NAN,NAN,NAN,NAN
2017,5,27,1,30,NAN,NAN,NAN,NAN,NAN
2017,5,27,2,0,NAN,NAN,NAN,NAN,NAN
2017,5,27,2,30,NAN,NAN,NAN,NAN,NAN
2017,5,27,3,0,NAN,NAN,NAN,NAN,NAN
2017,5,27,3,30,NAN,NAN,NAN,NAN,NAN
2017,5,27,4,0,NAN,NAN,NAN,NAN,NAN
2017,5,27,4,30,NAN,NAN,NAN,NAN,NAN
2017,5,27,5,0,NAN,NAN,NAN,NAN,NAN
2017,5,27,5,30,NAN,NAN,NAN,NAN,NAN
2017,5,27,6,0,NAN,NAN,NAN,NAN,NAN
2017,5,27,6,30,NAN,NAN,NAN,NAN,NAN
2017,5,27,7,0,NAN,NAN,NAN,NAN,NAN
2017,5,27,7,30,NAN,NAN,NAN,NAN,NAN
2017,5,27,8,0,NAN,NAN,NAN,NAN,NAN
2017,5,27,8,30,NAN,NAN,NAN,NAN,NAN
2017,5,27,9,0,NAN,NAN,NAN,NAN,NAN
2017,5,27,9,30,NAN,NAN,NAN,NAN,NAN
2017,5,27,10,0,NAN,NAN,NAN,NAN,NAN
2017,5,27,10,30,NAN,NAN,NAN,NAN,NAN
2017,5,27,11,0,NAN,NAN,NAN,NAN,NAN
2017,5,27,11,30,NAN,NAN,NAN,NAN,NAN
2017,5,27,12,0,NAN,NAN,NAN,NAN,NAN
2017,5,27,12,30,NAN,NAN,NAN,NAN,NAN
2017,5,27,13,0,NAN,NAN,NAN,NAN,NAN
2017,5,27,13,30,NAN,NAN,NAN,NAN,NAN
2017,5,27,14,0,NAN,NAN,NAN,NAN,NAN
2017,5,27,14,30,NAN,NAN,NAN,NAN,NAN
2017,5,27,15,0,NAN,NAN,NAN,NAN,NAN
2017,5,27,15,30,NAN,NAN,NAN,NAN,NAN
2017,5,27,16,0,NAN,NAN,NAN,NAN,NAN
2017,5,27,16,30,NAN,NAN,NAN,NAN,NAN
2017,5,27,17,0,NAN,NAN,NAN,NAN,NAN
2017,5,27,17,30,NAN,NAN,NAN,NAN,NAN
2017,5,27,18,0,NAN,NAN,NAN,NAN,NAN
2017,5,27,18,30,NAN,NAN,NAN,NAN,NAN
2017,5,27,19,0,NAN,NAN,NAN,NAN,NAN
2017,5,27,19,30,NAN,NAN,NAN,NAN,NAN
2017,5,27,20,0,NAN,NAN,NAN,NAN,NAN
2017,5,27,20,30,NAN,NAN,NAN,NAN,NAN
2017,5,27,21,0,NAN,NAN,NAN,NAN,NAN
2017,5,27,21,30,NAN,NAN,NAN,NAN,NAN
2017,5,27,22,0,NAN,NAN,NAN,NAN,NAN
2017,5,27,22,30,NAN,NAN,NAN,NAN,NAN
2017,5,27,23,0,NAN,NAN,NAN,NAN,NAN
2017,5,27,23,30,NAN,NAN,NAN,NAN,NAN
2017,5,27,24,0,NAN,NAN,NAN,NAN,NAN
2017,5,28,0,30,NAN,NAN,NAN,NAN,NAN
2017,5,28,1,0,NAN,NAN,NAN,NAN,NAN
2017,5,28,1,30,NAN,NAN,NAN,NAN,NAN
2017,5,28,2,0,NAN,NAN,NAN,NAN,NAN
2017,5,28,2,30,NAN,NAN,NAN,NAN,NAN
2017,5,28,3,0,NAN,NAN,NAN,NAN,NAN
2017,5,28,3,30,NAN,NAN,NAN,NAN,NAN
2017,5,28,4,0,NAN,NAN,NAN,NAN,NAN
2017,5,28,4,30,NAN,NAN,NAN,NAN,NAN
2017,5,28,5,0,NAN,NAN,NAN,NAN,NAN
2017,5,28,5,30,NAN,NAN,NAN,NAN,NAN
2017,5,28,6,0,NAN,NAN,NAN,NAN,NAN
2017,5,28,6,30,NAN,NAN,NAN,NAN,NAN
2017,5,28,7,0,NAN,NAN,NAN,NAN,NAN
2017,5,28,7,30,NAN,NAN,NAN,NAN,NAN
2017,5,28,8,0,NAN,NAN,NAN,NAN,NAN
2017,5,28,8,30,NAN,NAN,NAN,NAN,NAN
2017,5,28,9,0,NAN,NAN,NAN,NAN,NAN
2017,5,28,9,30,NAN,NAN,NAN,NAN,NAN
2017,5,28,10,0,NAN,NAN,NAN,NAN,NAN
2017,5,28,10,30,NAN,NAN,NAN,NAN,NAN
2017,5,28,11,0,NAN,NAN,NAN,NAN,NAN
2017,5,28,11,30,NAN,NAN,NAN,NAN,NAN
2017,5,28,12,0,NAN,NAN,NAN,NAN,NAN
2017,5,28,12,30,NAN,NAN,NAN,NAN,NAN
2017,5,28,13,0,NAN,NAN,NAN,NAN,NAN
2017,5,28,13,30,NAN,NAN,NAN,NAN,NAN
2017,5,28,14,0,NAN,NAN,NAN,NAN,NAN
2017,5,28,14,30,NAN,NAN,NAN,NAN,NAN
2017,5,28,15,0,NAN,NAN,NAN,NAN,NAN
2017,5,28,15,30,NAN,NAN,NAN,NAN,NAN
2017,5,28,16,0,NAN,NAN,NAN,NAN,NAN
2017,5,28,16,30,NAN,NAN,NAN,NAN,NAN
2017,5,28,17,0,NAN,NAN,NAN,NAN,NAN
2017,5,28,17,30,NAN,NAN,NAN,NAN,NAN
2017,5,28,18,0,NAN,NAN,NAN,NAN,NAN
2017,5,28,18,30,NAN,NAN,NAN,NAN,NAN
2017,5,28,19,0,NAN,NAN,NAN,NAN,NAN
2017,5,28,19,30,NAN,NAN,NAN,NAN,NAN
2017,5,28,20,0,NAN,NAN,NAN,NAN,NAN
2017,5,28,20,30,NAN,NAN,NAN,NAN,NAN
2017,5,28,21,0,NAN,NAN,NAN,NAN,NAN
2017,5,28,21,30,NAN,NAN,NAN,NAN,NAN
2017,5,28,22,0,NAN,NAN,NAN,NAN,NAN
2017,5,28,22,30,NAN,NAN,NAN,NAN,NAN
2017,5,28,23,0,NAN,NAN,NAN,NAN,NAN
2017,5,28,23,30,NAN,NAN,NAN,NAN,NAN
2017,5,28,24,0,NAN,NAN,NAN,NAN,NAN
2017,5,29,0,30,NAN,NAN,NAN,NAN,NAN
2017,5,29,1,0,NAN,NAN,NAN,NAN,NAN
2017,5,29,1,30,NAN,NAN,NAN,NAN,NAN
2017,5,29,2,0,NAN,NAN,NAN,NAN,NAN
2017,5,29,2,30,NAN,NAN,NAN,NAN,NAN
2017,5,29,3,0,NAN,NAN,NAN,NAN,NAN
2017,5,29,3,30,NAN,NAN,NAN,NAN,NAN
2017,5,29,4,0,NAN,NAN,NAN,NAN,NAN
2017,5,29,4,30,NAN,NAN,NAN,NAN,NAN
2017,5,29,5,0,NAN,NAN,NAN,NAN,NAN
2017,5,29,5,30,NAN,NAN,NAN,NAN,NAN
2017,5,29,6,0,NAN,NAN,NAN,NAN,NAN
2017,5,29,6,30,NAN,NAN,NAN,NAN,NAN
2017,5,29,7,0,NAN,NAN,NAN,NAN,NAN
2017,5,29,7,30,NAN,NAN,NAN,NAN,NAN
2017,5,29,8,0,NAN,NAN,NAN,NAN,NAN
2017,5,29,8,30,NAN,NAN,NAN,NAN,NAN
2017,5,29,9,0,NAN,NAN,NAN,NAN,NAN
2017,5,29,9,30,NAN,NAN,NAN,NAN,NAN
2017,5,29,10,0,NAN,NAN,NAN,NAN,NAN
2017,5,29,10,30,NAN,NAN,NAN,NAN,NAN
2017,5,29,11,0,NAN,NAN,NAN,NAN,NAN
2017,5,29,11,30,NAN,NAN,NAN,NAN,NAN
2017,5,29,12,0,NAN,NAN,NAN,NAN,NAN
2017,5,29,12,30,NAN,NAN,NAN,NAN,NAN
2017,5,29,13,0,NAN,NAN,NAN,NAN,NAN
2017,5,29,13,30,NAN,NAN,NAN,NAN,NAN
2017,5,29,14,0,NAN,NAN,NAN,NAN,NAN
2017,5,29,14,30,NAN,NAN,NAN,NAN,NAN
2017,5,29,15,0,NAN,NAN,NAN,NAN,NAN
2017,5,29,15,30,NAN,NAN,NAN,NAN,NAN
2017,5,29,16,0,NAN,NAN,NAN,NAN,NAN
2017,5,29,16,30,NAN,NAN,NAN,NAN,NAN
2017,5,29,17,0,NAN,NAN,NAN,NAN,NAN
2017,5,29,17,30,NAN,NAN,NAN,NAN,NAN
2017,5,29,18,0,NAN,NAN,NAN,NAN,NAN
2017,5,29,18,30,NAN,NAN,NAN,NAN,NAN
2017,5,29,19,0,NAN,NAN,NAN,NAN,NAN
2017,5,29,19,30,NAN,NAN,NAN,NAN,NAN
2017,5,29,20,0,NAN,NAN,NAN,NAN,NAN
2017,5,29,20,30,NAN,NAN,NAN,NAN,NAN
2017,5,29,21,0,NAN,NAN,NAN,NAN,NAN
2017,5,29,21,30,NAN,NAN,NAN,NAN,NAN
2017,5,29,22,0,NAN,NAN,NAN,NAN,NAN
2017,5,29,22,30,NAN,NAN,NAN,NAN,NAN
2017,5,29,23,0,NAN,NAN,NAN,NAN,NAN
2017,5,29,23,30,NAN,NAN,NAN,NAN,NAN
2017,5,29,24,0,NAN,NAN,NAN,NAN,NAN
2017,5,30,0,30,NAN,NAN,NAN,NAN,NAN
2017,5,30,1,0,NAN,NAN,NAN,NAN,NAN
2017,5,30,1,30,NAN,NAN,NAN,NAN,NAN
2017,5,30,2,0,NAN,NAN,NAN,NAN,NAN
2017,5,30,2,30,NAN,NAN,NAN,NAN,NAN
2017,5,30,3,0,NAN,NAN,NAN,NAN,NAN
2017,5,30,3,30,NAN,NAN,NAN,NAN,NAN
2017,5,30,4,0,NAN,NAN,NAN,NAN,NAN
2017,5,30,4,30,NAN,NAN,NAN,NAN,NAN
2017,5,30,5,0,NAN,NAN,NAN,NAN,NAN
2017,5,30,5,30,NAN,NAN,NAN,NAN,NAN
2017,5,30,6,0,NAN,NAN,NAN,NAN,NAN
2017,5,30,6,30,NAN,NAN,NAN,NAN,NAN
2017,5,30,7,0,NAN,NAN,NAN,NAN,NAN
2017,5,30,7,30,NAN,NAN,NAN,NAN,NAN
2017,5,30,8,0,NAN,NAN,NAN,NAN,NAN
2017,5,30,8,30,NAN,NAN,NAN,NAN,NAN
2017,5,30,9,0,NAN,NAN,NAN,NAN,NAN
2017,5,30,9,30,NAN,NAN,NAN,NAN,NAN
2017,5,30,10,0,NAN,NAN,NAN,NAN,NAN
2017,5,30,10,30,NAN,NAN,NAN,NAN,NAN
2017,5,30,11,0,NAN,NAN,NAN,NAN,NAN
2017,5,30,11,30,NAN,NAN,NAN,NAN,NAN
2017,5,30,12,0,NAN,NAN,NAN,NAN,NAN
2017,5,30,12,30,NAN,NAN,NAN,NAN,NAN
2017,5,30,13,0,NAN,NAN,NAN,NAN,NAN
2017,5,30,13,30,NAN,NAN,NAN,NAN,NAN
2017,5,30,14,0,NAN,NAN,NAN,NAN,NAN
2017,5,30,14,30,NAN,NAN,NAN,NAN,NAN
2017,5,30,15,0,NAN,NAN,NAN,NAN,NAN
2017,5,30,15,30,NAN,NAN,NAN,NAN,NAN
2017,5,30,16,0,NAN,NAN,NAN,NAN,NAN
2017,5,30,16,30,NAN,NAN,NAN,NAN,NAN
2017,5,30,17,0,NAN,NAN,NAN,NAN,NAN
2017,5,30,17,30,NAN,NAN,NAN,NAN,NAN
2017,5,30,18,0,NAN,NAN,NAN,NAN,NAN
2017,5,30,18,30,NAN,NAN,NAN,NAN,NAN
2017,5,30,19,0,NAN,NAN,NAN,NAN,NAN
2017,5,30,19,30,NAN,NAN,NAN,NAN,NAN
2017,5,30,20,0,NAN,NAN,NAN,NAN,NAN
2017,5,30,20,30,NAN,NAN,NAN,NAN,NAN
2017,5,30,21,0,NAN,NAN,NAN,NAN,NAN
2017,5,30,21,30,NAN,NAN,NAN,NAN,NAN
2017,5,30,22,0,NAN,NAN,NAN,NAN,NAN
2017,5,30,22,30,NAN,NAN,NAN,NAN,NAN
2017,5,30,23,0,NAN,NAN,NAN,NAN,NAN
2017,5,30,23,30,NAN,NAN,NAN,NAN,NAN
2017,5,30,24,0,NAN,NAN,NAN,NAN,NAN
2017,5,31,0,30,NAN,NAN,NAN,NAN,NAN
2017,5,31,1,0,NAN,NAN,NAN,NAN,NAN
2017,5,31,1,30,NAN,NAN,NAN,NAN,NAN
2017,5,31,2,0,NAN,NAN,NAN,NAN,NAN
2017,5,31,2,30,NAN,NAN,NAN,NAN,NAN
2017,5,31,3,0,NAN,NAN,NAN,NAN,NAN
2017,5,31,3,30,NAN,NAN,NAN,NAN,NAN
2017,5,31,4,0,NAN,NAN,NAN,NAN,NAN
2017,5,31,4,30,NAN,NAN,NAN,NAN,NAN
2017,5,31,5,0,NAN,NAN,NAN,NAN,NAN
2017,5,31,5,30,NAN,NAN,NAN,NAN,NAN
2017,5,31,6,0,NAN,NAN,NAN,NAN,NAN
2017,5,31,6,30,NAN,NAN,NAN,NAN,NAN
2017,5,31,7,0,NAN,NAN,NAN,NAN,NAN
2017,5,31,7,30,NAN,NAN,NAN,NAN,NAN
2017,5,31,8,0,NAN,NAN,NAN,NAN,NAN
2017,5,31,8,30,NAN,NAN,NAN,NAN,NAN
2017,5,31,9,0,NAN,NAN,NAN,NAN,NAN
2017,5,31,9,30,NAN,NAN,NAN,NAN,NAN
2017,5,31,10,0,NAN,NAN,NAN,NAN,NAN
2017,5,31,10,30,NAN,NAN,NAN,NAN,NAN
2017,5,31,11,0,NAN,NAN,NAN,NAN,NAN
2017,5,31,11,30,NAN,NAN,NAN,NAN,NAN
2017,5,31,12,0,NAN,NAN,NAN,NAN,NAN
2017,5,31,12,30,NAN,NAN,NAN,NAN,NAN
2017,5,31,13,0,NAN,NAN,NAN,NAN,NAN
2017,5,31,13,30,NAN,NAN,NAN,NAN,NAN
2017,5,31,14,0,NAN,NAN,NAN,NAN,NAN
2017,5,31,14,30,NAN,NAN,NAN,NAN,NAN
2017,5,31,15,0,NAN,NAN,NAN,NAN,NAN
2017,5,31,15,30,NAN,NAN,NAN,NAN,NAN
2017,5,31,16,0,NAN,NAN,NAN,NAN,NAN
2017,5,31,16,30,NAN,NAN,NAN,NAN,NAN
2017,5,31,17,0,NAN,NAN,NAN,NAN,NAN
2017,5,31,17,30,NAN,NAN,NAN,NAN,NAN
2017,5,31,18,0,NAN,NAN,NAN,NAN,NAN
2017,5,31,18,30,NAN,NAN,NAN,NAN,NAN
2017,5,31,19,0,NAN,NAN,NAN,NAN,NAN
2017,5,31,19,30,NAN,NAN,NAN,NAN,NAN
2017,5,31,20,0,NAN,NAN,NAN,NAN,NAN
2017,5,31,20,30,NAN,NAN,NAN,NAN,NAN
2017,5,31,21,0,NAN,NAN,NAN,NAN,NAN
2017,5,31,21,30,NAN,NAN,NAN,NAN,NAN
2017,5,31,22,0,NAN,NAN,NAN,NAN,NAN
2017,5,31,22,30,NAN,NAN,NAN,NAN,NAN
2017,5,31,23,0,NAN,NAN,NAN,NAN,NAN
2017,5,31,23,30,NAN,NAN,NAN,NAN,NAN
2017,5,31,24,0,NAN,NAN,NAN,NAN,NAN
2017,6,1,0,30,NAN,NAN,NAN,NAN,NAN
2017,6,1,1,0,NAN,NAN,NAN,NAN,NAN
2017,6,1,1,30,NAN,NAN,NAN,NAN,NAN
2017,6,1,2,0,NAN,NAN,NAN,NAN,NAN
2017,6,1,2,30,NAN,NAN,NAN,NAN,NAN
2017,6,1,3,0,NAN,NAN,NAN,NAN,NAN
2017,6,1,3,30,NAN,NAN,NAN,NAN,NAN
2017,6,1,4,0,NAN,NAN,NAN,NAN,NAN
2017,6,1,4,30,NAN,NAN,NAN,NAN,NAN
2017,6,1,5,0,NAN,NAN,NAN,NAN,NAN
2017,6,1,5,30,NAN,NAN,NAN,NAN,NAN
2017,6,1,6,0,NAN,NAN,NAN,NAN,NAN
2017,6,1,6,30,NAN,NAN,NAN,NAN,NAN
2017,6,1,7,0,NAN,NAN,NAN,NAN,NAN
2017,6,1,7,30,NAN,NAN,NAN,NAN,NAN
2017,6,1,8,0,NAN,NAN,NAN,NAN,NAN
2017,6,1,8,30,NAN,NAN,NAN,NAN,NAN
2017,6,1,9,0,NAN,NAN,NAN,NAN,NAN
2017,6,1,9,30,NAN,NAN,NAN,NAN,NAN
2017,6,1,10,0,NAN,NAN,NAN,NAN,NAN
2017,6,1,10,30,NAN,NAN,NAN,NAN,NAN
2017,6,1,11,0,NAN,NAN,NAN,NAN,NAN
2017,6,1,11,30,NAN,NAN,NAN,NAN,NAN
2017,6,1,12,0,NAN,NAN,NAN,NAN,NAN
2017,6,1,12,30,NAN,NAN,NAN,NAN,NAN
2017,6,1,13,0,NAN,NAN,NAN,NAN,NAN
2017,6,1,13,30,NAN,NAN,NAN,NAN,NAN
2017,6,1,14,0,NAN,NAN,NAN,NAN,NAN
2017,6,1,14,30,NAN,NAN,NAN,NAN,NAN
2017,6,1,15,0,NAN,NAN,NAN,NAN,NAN
2017,6,1,15,30,NAN,NAN,NAN,NAN,NAN
2017,6,1,16,0,NAN,NAN,NAN,NAN,NAN
2017,6,1,16,30,NAN,NAN,NAN,NAN,NAN
2017,6,1,17,0,NAN,NAN,NAN,NAN,NAN
2017,6,1,17,30,NAN,NAN,NAN,NAN,NAN
2017,6,1,18,0,NAN,NAN,NAN,NAN,NAN
2017,6,1,18,30,NAN,NAN,NAN,NAN,NAN
2017,6,1,19,0,NAN,NAN,NAN,NAN,NAN
2017,6,1,19,30,NAN,NAN,NAN,NAN,NAN
2017,6,1,20,0,NAN,NAN,NAN,NAN,NAN
2017,6,1,20,30,NAN,NAN,NAN,NAN,NAN
2017,6,1,21,0,NAN,NAN,NAN,NAN,NAN
2017,6,1,21,30,NAN,NAN,NAN,NAN,NAN
2017,6,1,22,0,NAN,NAN,NAN,NAN,NAN
2017,6,1,22,30,NAN,NAN,NAN,NAN,NAN
2017,6,1,23,0,NAN,NAN,NAN,NAN,NAN
2017,6,1,23,30,NAN,NAN,NAN,NAN,NAN
2017,6,1,24,0,NAN,NAN,NAN,NAN,NAN
2017,6,2,0,30,NAN,NAN,NAN,NAN,NAN
2017,6,2,1,0,NAN,NAN,NAN,NAN,NAN
2017,6,2,1,30,NAN,NAN,NAN,NAN,NAN
2017,6,2,2,0,NAN,NAN,NAN,NAN,NAN
2017,6,2,2,30,NAN,NAN,NAN,NAN,NAN
2017,6,2,3,0,NAN,NAN,NAN,NAN,NAN
2017,6,2,3,30,NAN,NAN,NAN,NAN,NAN
2017,6,2,4,0,NAN,NAN,NAN,NAN,NAN
2017,6,2,4,30,NAN,NAN,NAN,NAN,NAN
2017,6,2,5,0,NAN,NAN,NAN,NAN,NAN
2017,6,2,5,30,NAN,NAN,NAN,NAN,NAN
2017,6,2,6,0,NAN,NAN,NAN,NAN,NAN
2017,6,2,6,30,NAN,NAN,NAN,NAN,NAN
2017,6,2,7,0,NAN,NAN,NAN,NAN,NAN
2017,6,2,7,30,NAN,NAN,NAN,NAN,NAN
2017,6,2,8,0,NAN,NAN,NAN,NAN,NAN
2017,6,2,8,30,NAN,NAN,NAN,NAN,NAN
2017,6,2,9,0,NAN,NAN,NAN,NAN,NAN
2017,6,2,9,30,NAN,NAN,NAN,NAN,NAN
2017,6,2,10,0,NAN,NAN,NAN,NAN,NAN
2017,6,2,10,30,NAN,NAN,NAN,NAN,NAN
2017,6,2,11,0,NAN,NAN,NAN,NAN,NAN
2017,6,2,11,30,NAN,NAN,NAN,NAN,NAN
2017,6,2,12,0,NAN,NAN,NAN,NAN,NAN
2017,6,2,12,30,NAN,NAN,NAN,NAN,NAN
2017,6,2,13,0,NAN,NAN,NAN,NAN,NAN
2017,6,2,13,30,NAN,NAN,NAN,NAN,NAN
2017,6,2,14,0,NAN,NAN,NAN,NAN,NAN
2017,6,2,14,30,NAN,NAN,NAN,NAN,NAN
2017,6,2,15,0,NAN,NAN,NAN,NAN,NAN
2017,6,2,15,30,NAN,NAN,NAN,NAN,NAN
2017,6,2,16,0,NAN,NAN,NAN,NAN,NAN
2017,6,2,16,30,NAN,NAN,NAN,NAN,NAN
2017,6,2,17,0,NAN,NAN,NAN,NAN,NAN
2017,6,2,17,30,NAN,NAN,NAN,NAN,NAN
2017,6,2,18,0,NAN,NAN,NAN,NAN,NAN
2017,6,2,18,30,NAN,NAN,NAN,NAN,NAN
2017,6,2,19,0,NAN,NAN,NAN,NAN,NAN
2017,6,2,19,30,NAN,NAN,NAN,NAN,NAN
2017,6,2,20,0,NAN,NAN,NAN,NAN,NAN
2017,6,2,20,30,NAN,NAN,NAN,NAN,NAN
2017,6,2,21,0,NAN,NAN,NAN,NAN,NAN
2017,6,2,21,30,NAN,NAN,NAN,NAN,NAN
2017,6,2,22,0,NAN,NAN,NAN,NAN,NAN
2017,6,2,22,30,NAN,NAN,NAN,NAN,NAN
2017,6,2,23,0,NAN,NAN,NAN,NAN,NAN
2017,6,2,23,30,NAN,NAN,NAN,NAN,NAN
2017,6,2,24,0,NAN,NAN,NAN,NAN,NAN
2017,6,3,0,30,NAN,NAN,NAN,NAN,NAN
2017,6,3,1,0,NAN,NAN,NAN,NAN,NAN
2017,6,3,1,30,NAN,NAN,NAN,NAN,NAN
2017,6,3,2,0,NAN,NAN,NAN,NAN,NAN
2017,6,3,2,30,NAN,NAN,NAN,NAN,NAN
2017,6,3,3,0,NAN,NAN,NAN,NAN,NAN
2017,6,3,3,30,NAN,NAN,NAN,NAN,NAN
2017,6,3,4,0,NAN,NAN,NAN,NAN,NAN
2017,6,3,4,30,NAN,NAN,NAN,NAN,NAN
2017,6,3,5,0,NAN,NAN,NAN,NAN,NAN
2017,6,3,5,30,NAN,NAN,NAN,NAN,NAN
2017,6,3,6,0,NAN,NAN,NAN,NAN,NAN
2017,6,3,6,30,NAN,NAN,NAN,NAN,NAN
2017,6,3,7,0,NAN,NAN,NAN,NAN,NAN
2017,6,3,7,30,NAN,NAN,NAN,NAN,NAN
2017,6,3,8,0,NAN,NAN,NAN,NAN,NAN
2017,6,3,8,30,NAN,NAN,NAN,NAN,NAN
2017,6,3,9,0,NAN,NAN,NAN,NAN,NAN
2017,6,3,9,30,NAN,NAN,NAN,NAN,NAN
2017,6,3,10,0,NAN,NAN,NAN,NAN,NAN
2017,6,3,10,30,NAN,NAN,NAN,NAN,NAN
2017,6,3,11,0,NAN,NAN,NAN,NAN,NAN
2017,6,3,11,30,NAN,NAN,NAN,NAN,NAN
2017,6,3,12,0,NAN,NAN,NAN,NAN,NAN
2017,6,3,12,30,NAN,NAN,NAN,NAN,NAN
2017,6,3,13,0,NAN,NAN,NAN,NAN,NAN
2017,6,3,13,30,NAN,NAN,NAN,NAN,NAN
2017,6,3,14,0,NAN,NAN,NAN,NAN,NAN
2017,6,3,14,30,NAN,NAN,NAN,NAN,NAN
2017,6,3,15,0,NAN,NAN,NAN,NAN,NAN
2017,6,3,15,30,NAN,NAN,NAN,NAN,NAN
2017,6,3,16,0,NAN,NAN,NAN,NAN,NAN
2017,6,3,16,30,NAN,NAN,NAN,NAN,NAN
2017,6,3,17,0,NAN,NAN,NAN,NAN,NAN
2017,6,3,17,30,NAN,NAN,NAN,NAN,NAN
2017,6,3,18,0,NAN,NAN,NAN,NAN,NAN
2017,6,3,18,30,NAN,NAN,NAN,NAN,NAN
2017,6,3,19,0,NAN,NAN,NAN,NAN,NAN
2017,6,3,19,30,NAN,NAN,NAN,NAN,NAN
2017,6,3,20,0,NAN,NAN,NAN,NAN,NAN
2017,6,3,20,30,NAN,NAN,NAN,NAN,NAN
2017,6,3,21,0,NAN,NAN,NAN,NAN,NAN
2017,6,3,21,30,NAN,NAN,NAN,NAN,NAN
2017,6,3,22,0,NAN,NAN,NAN,NAN,NAN
2017,6,3,22,30,NAN,NAN,NAN,NAN,NAN
2017,6,3,23,0,NAN,NAN,NAN,NAN,NAN
2017,6,3,23,30,NAN,NAN,NAN,NAN,NAN
2017,6,3,24,0,NAN,NAN,NAN,NAN,NAN
2017,6,4,0,30,NAN,NAN,NAN,NAN,NAN
2017,6,4,1,0,NAN,NAN,NAN,NAN,NAN
2017,6,4,1,30,NAN,NAN,NAN,NAN,NAN
2017,6,4,2,0,NAN,NAN,NAN,NAN,NAN
2017,6,4,2,30,NAN,NAN,NAN,NAN,NAN
2017,6,4,3,0,NAN,NAN,NAN,NAN,NAN
2017,6,4,3,30,NAN,NAN,NAN,NAN,NAN
2017,6,4,4,0,NAN,NAN,NAN,NAN,NAN
2017,6,4,4,30,NAN,NAN,NAN,NAN,NAN
2017,6,4,5,0,NAN,NAN,NAN,NAN,NAN
2017,6,4,5,30,NAN,NAN,NAN,NAN,NAN
2017,6,4,6,0,NAN,NAN,NAN,NAN,NAN
2017,6,4,6,30,NAN,NAN,NAN,NAN,NAN
2017,6,4,7,0,NAN,NAN,NAN,NAN,NAN
2017,6,4,7,30,NAN,NAN,NAN,NAN,NAN
2017,6,4,8,0,NAN,NAN,NAN,NAN,NAN
2017,6,4,8,30,NAN,NAN,NAN,NAN,NAN
2017,6,4,9,0,NAN,NAN,NAN,NAN,NAN
2017,6,4,9,30,NAN,NAN,NAN,NAN,NAN
2017,6,4,10,0,NAN,NAN,NAN,NAN,NAN
2017,6,4,10,30,NAN,NAN,NAN,NAN,NAN
2017,6,4,11,0,NAN,NAN,NAN,NAN,NAN
2017,6,4,11,30,NAN,NAN,NAN,NAN,NAN
2017,6,4,12,0,NAN,NAN,NAN,NAN,NAN
2017,6,4,12,30,NAN,NAN,NAN,NAN,NAN
2017,6,4,13,0,NAN,NAN,NAN,NAN,NAN
2017,6,4,13,30,NAN,NAN,NAN,NAN,NAN
2017,6,4,14,0,NAN,NAN,NAN,NAN,NAN
2017,6,4,14,30,NAN,NAN,NAN,NAN,NAN
2017,6,4,15,0,NAN,NAN,NAN,NAN,NAN
2017,6,4,15,30,NAN,NAN,NAN,NAN,NAN
2017,6,4,16,0,NAN,NAN,NAN,NAN,NAN
2017,6,4,16,30,NAN,NAN,NAN,NAN,NAN
2017,6,4,17,0,NAN,NAN,NAN,NAN,NAN
2017,6,4,17,30,NAN,NAN,NAN,NAN,NAN
2017,6,4,18,0,NAN,NAN,NAN,NAN,NAN
2017,6,4,18,30,NAN,NAN,NAN,NAN,NAN
2017,6,4,19,0,NAN,NAN,NAN,NAN,NAN
2017,6,4,19,30,NAN,NAN,NAN,NAN,NAN
2017,6,4,20,0,NAN,NAN,NAN,NAN,NAN
2017,6,4,20,30,NAN,NAN,NAN,NAN,NAN
2017,6,4,21,0,NAN,NAN,NAN,NAN,NAN
2017,6,4,21,30,NAN,NAN,NAN,NAN,NAN
2017,6,4,22,0,NAN,NAN,NAN,NAN,NAN
2017,6,4,22,30,NAN,NAN,NAN,NAN,NAN
2017,6,4,23,0,NAN,NAN,NAN,NAN,NAN
2017,6,4,23,30,NAN,NAN,NAN,NAN,NAN
2017,6,4,24,0,NAN,NAN,NAN,NAN,NAN
2017,6,5,0,30,NAN,NAN,NAN,NAN,NAN
2017,6,5,1,0,NAN,NAN,NAN,NAN,NAN
2017,6,5,1,30,NAN,NAN,NAN,NAN,NAN
2017,6,5,2,0,NAN,NAN,NAN,NAN,NAN
2017,6,5,2,30,NAN,NAN,NAN,NAN,NAN
2017,6,5,3,0,NAN,NAN,NAN,NAN,NAN
2017,6,5,3,30,NAN,NAN,NAN,NAN,NAN
2017,6,5,4,0,NAN,NAN,NAN,NAN,NAN
2017,6,5,4,30,NAN,NAN,NAN,NAN,NAN
2017,6,5,5,0,NAN,NAN,NAN,NAN,NAN
2017,6,5,5,30,NAN,NAN,NAN,NAN,NAN
2017,6,5,6,0,NAN,NAN,NAN,NAN,NAN
2017,6,5,6,30,NAN,NAN,NAN,NAN,NAN
2017,6,5,7,0,NAN,NAN,NAN,NAN,NAN
2017,6,5,7,30,NAN,NAN,NAN,NAN,NAN
2017,6,5,8,0,NAN,NAN,NAN,NAN,NAN
2017,6,5,8,30,NAN,NAN,NAN,NAN,NAN
2017,6,5,9,0,NAN,NAN,NAN,NAN,NAN
2017,6,5,9,30,NAN,NAN,NAN,NAN,NAN
2017,6,5,10,0,NAN,NAN,NAN,NAN,NAN
2017,6,5,10,30,NAN,NAN,NAN,NAN,NAN
2017,6,5,11,0,NAN,NAN,NAN,NAN,NAN
2017,6,5,11,30,NAN,NAN,NAN,NAN,NAN
2017,6,5,12,0,NAN,NAN,NAN,NAN,NAN
2017,6,5,12,30,NAN,NAN,NAN,NAN,NAN
2017,6,5,13,0,NAN,NAN,NAN,NAN,NAN
2017,6,5,13,30,NAN,NAN,NAN,NAN,NAN
2017,6,5,14,0,NAN,NAN,NAN,NAN,NAN
2017,6,5,14,30,NAN,NAN,NAN,NAN,NAN
2017,6,5,15,0,NAN,NAN,NAN,NAN,NAN
2017,6,5,15,30,NAN,NAN,NAN,NAN,NAN
2017,6,5,16,0,NAN,NAN,NAN,NAN,NAN
2017,6,5,16,30,NAN,NAN,NAN,NAN,NAN
2017,6,5,17,0,NAN,NAN,NAN,NAN,NAN
2017,6,5,17,30,NAN,NAN,NAN,NAN,NAN
2017,6,5,18,0,NAN,NAN,NAN,NAN,NAN
2017,6,5,18,30,NAN,NAN,NAN,NAN,NAN
2017,6,5,19,0,NAN,NAN,NAN,NAN,NAN
2017,6,5,19,30,NAN,NAN,NAN,NAN,NAN
2017,6,5,20,0,NAN,NAN,NAN,NAN,NAN
2017,6,5,20,30,NAN,NAN,NAN,NAN,NAN
2017,6,5,21,0,NAN,NAN,NAN,NAN,NAN
2017,6,5,21,30,NAN,NAN,NAN,NAN,NAN
2017,6,5,22,0,NAN,NAN,NAN,NAN,NAN
2017,6,5,22,30,NAN,NAN,NAN,NAN,NAN
2017,6,5,23,0,NAN,NAN,NAN,NAN,NAN
2017,6,5,23,30,NAN,NAN,NAN,NAN,NAN
2017,6,5,24,0,NAN,NAN,NAN,NAN,NAN
2017,6,6,0,30,NAN,NAN,NAN,NAN,NAN
2017,6,6,1,0,NAN,NAN,NAN,NAN,NAN
2017,6,6,1,30,NAN,NAN,NAN,NAN,NAN
2017,6,6,2,0,NAN,NAN,NAN,NAN,NAN
2017,6,6,2,30,NAN,NAN,NAN,NAN,NAN
2017,6,6,3,0,NAN,NAN,NAN,NAN,NAN
2017,6,6,3,30,NAN,NAN,NAN,NAN,NAN
2017,6,6,4,0,NAN,NAN,NAN,NAN,NAN
2017,6,6,4,30,NAN,NAN,NAN,NAN,NAN
2017,6,6,5,0,NAN,NAN,NAN,NAN,NAN
2017,6,6,5,30,NAN,NAN,NAN,NAN,NAN
2017,6,6,6,0,NAN,NAN,NAN,NAN,NAN
2017,6,6,6,30,NAN,NAN,NAN,NAN,NAN
2017,6,6,7,0,NAN,NAN,NAN,NAN,NAN
2017,6,6,7,30,NAN,NAN,NAN,NAN,NAN
2017,6,6,8,0,NAN,NAN,NAN,NAN,NAN
2017,6,6,8,30,NAN,NAN,NAN,NAN,NAN
2017,6,6,9,0,NAN,NAN,NAN,NAN,NAN
2017,6,6,9,30,NAN,NAN,NAN,NAN,NAN
2017,6,6,10,0,NAN,NAN,NAN,NAN,NAN
2017,6,6,10,30,NAN,NAN,NAN,NAN,NAN
2017,6,6,11,0,NAN,NAN,NAN,NAN,NAN
2017,6,6,11,30,NAN,NAN,NAN,NAN,NAN
2017,6,6,12,0,NAN,NAN,NAN,NAN,NAN
2017,6,6,12,30,NAN,NAN,NAN,NAN,NAN
2017,6,6,13,0,NAN,NAN,NAN,NAN,NAN
2017,6,6,13,30,NAN,NAN,NAN,NAN,NAN
2017,6,6,14,0,NAN,NAN,NAN,NAN,NAN
2017,6,6,14,30,NAN,NAN,NAN,NAN,NAN
2017,6,6,15,0,NAN,NAN,NAN,NAN,NAN
2017,6,6,15,30,NAN,NAN,NAN,NAN,NAN
2017,6,6,16,0,NAN,NAN,NAN,NAN,NAN
2017,6,6,16,30,NAN,NAN,NAN,NAN,NAN
2017,6,6,17,0,NAN,NAN,NAN,NAN,NAN
2017,6,6,17,30,NAN,NAN,NAN,NAN,NAN
2017,6,6,18,0,NAN,NAN,NAN,NAN,NAN
2017,6,6,18,30,NAN,NAN,NAN,NAN,NAN
2017,6,6,19,0,NAN,NAN,NAN,NAN,NAN
2017,6,6,19,30,NAN,NAN,NAN,NAN,NAN
2017,6,6,20,0,NAN,NAN,NAN,NAN,NAN
2017,6,6,20,30,NAN,NAN,NAN,NAN,NAN
2017,6,6,21,0,NAN,NAN,NAN,NAN,NAN
2017,6,6,21,30,NAN,NAN,NAN,NAN,NAN
2017,6,6,22,0,NAN,NAN,NAN,NAN,NAN
2017,6,6,22,30,NAN,NAN,NAN,NAN,NAN
2017,6,6,23,0,NAN,NAN,NAN,NAN,NAN
2017,6,6,23,30,NAN,NAN,NAN,NAN,NAN
2017,6,6,24,0,NAN,NAN,NAN,NAN,NAN
2017,6,7,0,30,NAN,NAN,NAN,NAN,NAN
2017,6,7,1,0,NAN,NAN,NAN,NAN,NAN
2017,6,7,1,30,NAN,NAN,NAN,NAN,NAN
2017,6,7,2,0,NAN,NAN,NAN,NAN,NAN
2017,6,7,2,30,NAN,NAN,NAN,NAN,NAN
2017,6,7,3,0,NAN,NAN,NAN,NAN,NAN
2017,6,7,3,30,NAN,NAN,NAN,NAN,NAN
2017,6,7,4,0,NAN,NAN,NAN,NAN,NAN
2017,6,7,4,30,NAN,NAN,NAN,NAN,NAN
2017,6,7,5,0,NAN,NAN,NAN,NAN,NAN
2017,6,7,5,30,NAN,NAN,NAN,NAN,NAN
2017,6,7,6,0,NAN,NAN,NAN,NAN,NAN
2017,6,7,6,30,NAN,NAN,NAN,NAN,NAN
2017,6,7,7,0,NAN,NAN,NAN,NAN,NAN
2017,6,7,7,30,NAN,NAN,NAN,NAN,NAN
2017,6,7,8,0,NAN,NAN,NAN,NAN,NAN
2017,6,7,8,30,NAN,NAN,NAN,NAN,NAN
2017,6,7,9,0,NAN,NAN,NAN,NAN,NAN
2017,6,7,9,30,NAN,NAN,NAN,NAN,NAN
2017,6,7,10,0,NAN,NAN,NAN,NAN,NAN
2017,6,7,10,30,NAN,NAN,NAN,NAN,NAN
2017,6,7,11,0,NAN,NAN,NAN,NAN,NAN
2017,6,7,11,30,NAN,NAN,NAN,NAN,NAN
2017,6,7,12,0,NAN,NAN,NAN,NAN,NAN
2017,6,7,12,30,NAN,NAN,NAN,NAN,NAN
2017,6,7,13,0,NAN,NAN,NAN,NAN,NAN
2017,6,7,13,30,NAN,NAN,NAN,NAN,NAN
2017,6,7,14,0,NAN,NAN,NAN,NAN,NAN
2017,6,7,14,30,NAN,NAN,NAN,NAN,NAN
2017,6,7,15,0,NAN,NAN,NAN,NAN,NAN
2017,6,7,15,30,NAN,NAN,NAN,NAN,NAN
2017,6,7,16,0,NAN,NAN,NAN,NAN,NAN
2017,6,7,16,30,NAN,NAN,NAN,NAN,NAN
2017,6,7,17,0,NAN,NAN,NAN,NAN,NAN
2017,6,7,17,30,NAN,NAN,NAN,NAN,NAN
2017,6,7,18,0,NAN,NAN,NAN,NAN,NAN
2017,6,7,18,30,NAN,NAN,NAN,NAN,NAN
2017,6,7,19,0,NAN,NAN,NAN,NAN,NAN
2017,6,7,19,30,NAN,NAN,NAN,NAN,NAN
2017,6,7,20,0,NAN,NAN,NAN,NAN,NAN
2017,6,7,20,30,NAN,NAN,NAN,NAN,NAN
2017,6,7,21,0,NAN,NAN,NAN,NAN,NAN
2017,6,7,21,30,NAN,NAN,NAN,NAN,NAN
2017,6,7,22,0,NAN,NAN,NAN,NAN,NAN
2017,6,7,22,30,NAN,NAN,NAN,NAN,NAN
2017,6,7,23,0,NAN,NAN,NAN,NAN,NAN
2017,6,7,23,30,NAN,NAN,NAN,NAN,NAN
2017,6,7,24,0,NAN,NAN,NAN,NAN,NAN
2017,6,8,0,30,NAN,NAN,NAN,NAN,NAN
2017,6,8,1,0,NAN,NAN,NAN,NAN,NAN
2017,6,8,1,30,NAN,NAN,NAN,NAN,NAN
2017,6,8,2,0,NAN,NAN,NAN,NAN,NAN
2017,6,8,2,30,NAN,NAN,NAN,NAN,NAN
2017,6,8,3,0,NAN,NAN,NAN,NAN,NAN
2017,6,8,3,30,NAN,NAN,NAN,NAN,NAN
2017,6,8,4,0,NAN,NAN,NAN,NAN,NAN
2017,6,8,4,30,NAN,NAN,NAN,NAN,NAN
2017,6,8,5,0,NAN,NAN,NAN,NAN,NAN
2017,6,8,5,30,NAN,NAN,NAN,NAN,NAN
2017,6,8,6,0,NAN,NAN,NAN,NAN,NAN
2017,6,8,6,30,NAN,NAN,NAN,NAN,NAN
2017,6,8,7,0,NAN,NAN,NAN,NAN,NAN
2017,6,8,7,30,NAN,NAN,NAN,NAN,NAN
2017,6,8,8,0,NAN,NAN,NAN,NAN,NAN
2017,6,8,8,30,NAN,NAN,NAN,NAN,NAN
2017,6,8,9,0,NAN,NAN,NAN,NAN,NAN
2017,6,8,9,30,NAN,NAN,NAN,NAN,NAN
2017,6,8,10,0,NAN,NAN,NAN,NAN,NAN
2017,6,8,10,30,NAN,NAN,NAN,NAN,NAN
2017,6,8,11,0,NAN,NAN,NAN,NAN,NAN
2017,6,8,11,30,NAN,NAN,NAN,NAN,NAN
2017,6,8,12,0,NAN,NAN,NAN,NAN,NAN
2017,6,8,12,30,NAN,NAN,NAN,NAN,NAN
2017,6,8,13,0,NAN,NAN,NAN,NAN,NAN
2017,6,8,13,30,NAN,NAN,NAN,NAN,NAN
2017,6,8,14,0,NAN,NAN,NAN,NAN,NAN
2017,6,8,14,30,NAN,NAN,NAN,NAN,NAN
2017,6,8,15,0,NAN,NAN,NAN,NAN,NAN
2017,6,8,15,30,NAN,NAN,NAN,NAN,NAN
2017,6,8,16,0,NAN,NAN,NAN,NAN,NAN
2017,6,8,16,30,NAN,NAN,NAN,NAN,NAN
2017,6,8,17,0,NAN,NAN,NAN,NAN,NAN
2017,6,8,17,30,NAN,NAN,NAN,NAN,NAN
2017,6,8,18,0,NAN,NAN,NAN,NAN,NAN
2017,6,8,18,30,NAN,NAN,NAN,NAN,NAN
2017,6,8,19,0,NAN,NAN,NAN,NAN,NAN
2017,6,8,19,30,NAN,NAN,NAN,NAN,NAN
2017,6,8,20,0,NAN,NAN,NAN,NAN,NAN
2017,6,8,20,30,NAN,NAN,NAN,NAN,NAN
2017,6,8,21,0,NAN,NAN,NAN,NAN,NAN
2017,6,8,21,30,NAN,NAN,NAN,NAN,NAN
2017,6,8,22,0,NAN,NAN,NAN,NAN,NAN
2017,6,8,22,30,NAN,NAN,NAN,NAN,NAN
2017,6,8,23,0,NAN,NAN,NAN,NAN,NAN
2017,6,8,23,30,NAN,NAN,NAN,NAN,NAN
2017,6,8,24,0,NAN,NAN,NAN,NAN,NAN
2017,6,9,0,30,NAN,NAN,NAN,NAN,NAN
2017,6,9,1,0,NAN,NAN,NAN,NAN,NAN
2017,6,9,1,30,NAN,NAN,NAN,NAN,NAN
2017,6,9,2,0,NAN,NAN,NAN,NAN,NAN
2017,6,9,2,30,NAN,NAN,NAN,NAN,NAN
2017,6,9,3,0,NAN,NAN,NAN,NAN,NAN
2017,6,9,3,30,NAN,NAN,NAN,NAN,NAN
2017,6,9,4,0,NAN,NAN,NAN,NAN,NAN
2017,6,9,4,30,NAN,NAN,NAN,NAN,NAN
2017,6,9,5,0,NAN,NAN,NAN,NAN,NAN
2017,6,9,5,30,NAN,NAN,NAN,NAN,NAN
2017,6,9,6,0,NAN,NAN,NAN,NAN,NAN
2017,6,9,6,30,NAN,NAN,NAN,NAN,NAN
2017,6,9,7,0,NAN,NAN,NAN,NAN,NAN
2017,6,9,7,30,NAN,NAN,NAN,NAN,NAN
2017,6,9,8,0,NAN,NAN,NAN,NAN,NAN
2017,6,9,8,30,NAN,NAN,NAN,NAN,NAN
2017,6,9,9,0,NAN,NAN,NAN,NAN,NAN
2017,6,9,9,30,NAN,NAN,NAN,NAN,NAN
2017,6,9,10,0,NAN,NAN,NAN,NAN,NAN
2017,6,9,10,30,NAN,NAN,NAN,NAN,NAN
2017,6,9,11,0,NAN,NAN,NAN,NAN,NAN
2017,6,9,11,30,NAN,NAN,NAN,NAN,NAN
2017,6,9,12,0,NAN,NAN,NAN,NAN,NAN
2017,6,9,12,30,NAN,NAN,NAN,NAN,NAN
2017,6,9,13,0,NAN,NAN,NAN,NAN,NAN
2017,6,9,13,30,NAN,NAN,NAN,NAN,NAN
2017,6,9,14,0,NAN,NAN,NAN,NAN,NAN
2017,6,9,14,30,NAN,NAN,NAN,NAN,NAN
2017,6,9,15,0,NAN,NAN,NAN,NAN,NAN
2017,6,9,15,30,NAN,NAN,NAN,NAN,NAN
2017,6,9,16,0,NAN,NAN,NAN,NAN,NAN
2017,6,9,16,30,NAN,NAN,NAN,NAN,NAN
2017,6,9,17,0,NAN,NAN,NAN,NAN,NAN
2017,6,9,17,30,NAN,NAN,NAN,NAN,NAN
2017,6,9,18,0,NAN,NAN,NAN,NAN,NAN
2017,6,9,18,30,NAN,NAN,NAN,NAN,NAN
2017,6,9,19,0,NAN,NAN,NAN,NAN,NAN
2017,6,9,19,30,NAN,NAN,NAN,NAN,NAN
2017,6,9,20,0,NAN,NAN,NAN,NAN,NAN
2017,6,9,20,30,NAN,NAN,NAN,NAN,NAN
2017,6,9,21,0,NAN,NAN,NAN,NAN,NAN
2017,6,9,21,30,NAN,NAN,NAN,NAN,NAN
2017,6,9,22,0,NAN,NAN,NAN,NAN,NAN
2017,6,9,22,30,NAN,NAN,NAN,NAN,NAN
2017,6,9,23,0,NAN,NAN,NAN,NAN,NAN
2017,6,9,23,30,NAN,NAN,NAN,NAN,NAN
2017,6,9,24,0,NAN,NAN,NAN,NAN,NAN
2017,6,10,0,30,NAN,NAN,NAN,NAN,NAN
2017,6,10,1,0,NAN,NAN,NAN,NAN,NAN
2017,6,10,1,30,NAN,NAN,NAN,NAN,NAN
2017,6,10,2,0,NAN,NAN,NAN,NAN,NAN
2017,6,10,2,30,NAN,NAN,NAN,NAN,NAN
2017,6,10,3,0,NAN,NAN,NAN,NAN,NAN
2017,6,10,3,30,NAN,NAN,NAN,NAN,NAN
2017,6,10,4,0,NAN,NAN,NAN,NAN,NAN
2017,6,10,4,30,NAN,NAN,NAN,NAN,NAN
2017,6,10,5,0,NAN,NAN,NAN,NAN,NAN
2017,6,10,5,30,NAN,NAN,NAN,NAN,NAN
2017,6,10,6,0,NAN,NAN,NAN,NAN,NAN
2017,6,10,6,30,NAN,NAN,NAN,NAN,NAN
2017,6,10,7,0,NAN,NAN,NAN,NAN,NAN
2017,6,10,7,30,NAN,NAN,NAN,NAN,NAN
2017,6,10,8,0,NAN,NAN,NAN,NAN,NAN
2017,6,10,8,30,NAN,NAN,NAN,NAN,NAN
2017,6,10,9,0,NAN,NAN,NAN,NAN,NAN
2017,6,10,9,30,NAN,NAN,NAN,NAN,NAN
2017,6,10,10,0,NAN,NAN,NAN,NAN,NAN
2017,6,10,10,30,NAN,NAN,NAN,NAN,NAN
2017,6,10,11,0,NAN,NAN,NAN,NAN,NAN
2017,6,10,11,30,NAN,NAN,NAN,NAN,NAN
2017,6,10,12,0,NAN,NAN,NAN,NAN,NAN
2017,6,10,12,30,NAN,NAN,NAN,NAN,NAN
2017,6,10,13,0,NAN,NAN,NAN,NAN,NAN
2017,6,10,13,30,NAN,NAN,NAN,NAN,NAN
2017,6,10,14,0,NAN,NAN,NAN,NAN,NAN
2017,6,10,14,30,NAN,NAN,NAN,NAN,NAN
2017,6,10,15,0,NAN,NAN,NAN,NAN,NAN
2017,6,10,15,30,NAN,NAN,NAN,NAN,NAN
2017,6,10,16,0,NAN,NAN,NAN,NAN,NAN
2017,6,10,16,30,NAN,NAN,NAN,NAN,NAN
2017,6,10,17,0,NAN,NAN,NAN,NAN,NAN
2017,6,10,17,30,NAN,NAN,NAN,NAN,NAN
2017,6,10,18,0,NAN,NAN,NAN,NAN,NAN
2017,6,10,18,30,NAN,NAN,NAN,NAN,NAN
2017,6,10,19,0,NAN,NAN,NAN,NAN,NAN
2017,6,10,19,30,NAN,NAN,NAN,NAN,NAN
2017,6,10,20,0,NAN,NAN,NAN,NAN,NAN
2017,6,10,20,30,NAN,NAN,NAN,NAN,NAN
2017,6,10,21,0,NAN,NAN,NAN,NAN,NAN
2017,6,10,21,30,NAN,NAN,NAN,NAN,NAN
2017,6,10,22,0,NAN,NAN,NAN,NAN,NAN
2017,6,10,22,30,NAN,NAN,NAN,NAN,NAN
2017,6,10,23,0,NAN,NAN,NAN,NAN,NAN
2017,6,10,23,30,NAN,NAN,NAN,NAN,NAN
2017,6,10,24,0,NAN,NAN,NAN,NAN,NAN
2017,6,11,0,30,NAN,NAN,NAN,NAN,NAN
2017,6,11,1,0,NAN,NAN,NAN,NAN,NAN
2017,6,11,1,30,NAN,NAN,NAN,NAN,NAN
2017,6,11,2,0,NAN,NAN,NAN,NAN,NAN
2017,6,11,2,30,NAN,NAN,NAN,NAN,NAN
2017,6,11,3,0,NAN,NAN,NAN,NAN,NAN
2017,6,11,3,30,NAN,NAN,NAN,NAN,NAN
2017,6,11,4,0,NAN,NAN,NAN,NAN,NAN
2017,6,11,4,30,NAN,NAN,NAN,NAN,NAN
2017,6,11,5,0,NAN,NAN,NAN,NAN,NAN
2017,6,11,5,30,NAN,NAN,NAN,NAN,NAN
2017,6,11,6,0,NAN,NAN,NAN,NAN,NAN
2017,6,11,6,30,NAN,NAN,NAN,NAN,NAN
2017,6,11,7,0,NAN,NAN,NAN,NAN,NAN
2017,6,11,7,30,NAN,NAN,NAN,NAN,NAN
2017,6,11,8,0,NAN,NAN,NAN,NAN,NAN
2017,6,11,8,30,NAN,NAN,NAN,NAN,NAN
2017,6,11,9,0,NAN,NAN,NAN,NAN,NAN
2017,6,11,9,30,NAN,NAN,NAN,NAN,NAN
2017,6,11,10,0,NAN,NAN,NAN,NAN,NAN
2017,6,11,10,30,NAN,NAN,NAN,NAN,NAN
2017,6,11,11,0,NAN,NAN,NAN,NAN,NAN
2017,6,11,11,30,NAN,NAN,NAN,NAN,NAN
2017,6,11,12,0,NAN,NAN,NAN,NAN,NAN
2017,6,11,12,30,NAN,NAN,NAN,NAN,NAN
2017,6,11,13,0,NAN,NAN,NAN,NAN,NAN
2017,6,11,13,30,NAN,NAN,NAN,NAN,NAN
2017,6,11,14,0,NAN,NAN,NAN,NAN,NAN
2017,6,11,14,30,NAN,NAN,NAN,NAN,NAN
2017,6,11,15,0,NAN,NAN,NAN,NAN,NAN
2017,6,11,15,30,NAN,NAN,NAN,NAN,NAN
2017,6,11,16,0,NAN,NAN,NAN,NAN,NAN
2017,6,11,16,30,NAN,NAN,NAN,NAN,NAN
2017,6,11,17,0,NAN,NAN,NAN,NAN,NAN
2017,6,11,17,30,NAN,NAN,NAN,NAN,NAN
2017,6,11,18,0,NAN,NAN,NAN,NAN,NAN
2017,6,11,18,30,NAN,NAN,NAN,NAN,NAN
2017,6,11,19,0,NAN,NAN,NAN,NAN,NAN
2017,6,11,19,30,NAN,NAN,NAN,NAN,NAN
2017,6,11,20,0,NAN,NAN,NAN,NAN,NAN
2017,6,11,20,30,NAN,NAN,NAN,NAN,NAN
2017,6,11,21,0,NAN,NAN,NAN,NAN,NAN
2017,6,11,21,30,NAN,NAN,NAN,NAN,NAN
2017,6,11,22,0,NAN,NAN,NAN,NAN,NAN
2017,6,11,22,30,NAN,NAN,NAN,NAN,NAN
2017,6,11,23,0,NAN,NAN,NAN,NAN,NAN
2017,6,11,23,30,NAN,NAN,NAN,NAN,NAN
2017,6,11,24,0,NAN,NAN,NAN,NAN,NAN
2017,6,12,0,30,NAN,NAN,NAN,NAN,NAN
2017,6,12,1,0,NAN,NAN,NAN,NAN,NAN
2017,6,12,1,30,NAN,NAN,NAN,NAN,NAN
2017,6,12,2,0,NAN,NAN,NAN,NAN,NAN
2017,6,12,2,30,NAN,NAN,NAN,NAN,NAN
2017,6,12,3,0,NAN,NAN,NAN,NAN,NAN
2017,6,12,3,30,NAN,NAN,NAN,NAN,NAN
2017,6,12,4,0,NAN,NAN,NAN,NAN,NAN
2017,6,12,4,30,NAN,NAN,NAN,NAN,NAN
2017,6,12,5,0,NAN,NAN,NAN,NAN,NAN
2017,6,12,5,30,NAN,NAN,NAN,NAN,NAN
2017,6,12,6,0,NAN,NAN,NAN,NAN,NAN
2017,6,12,6,30,NAN,NAN,NAN,NAN,NAN
2017,6,12,7,0,NAN,NAN,NAN,NAN,NAN
2017,6,12,7,30,NAN,NAN,NAN,NAN,NAN
2017,6,12,8,0,NAN,NAN,NAN,NAN,NAN
2017,6,12,8,30,NAN,NAN,NAN,NAN,NAN
2017,6,12,9,0,NAN,NAN,NAN,NAN,NAN
2017,6,12,9,30,NAN,NAN,NAN,NAN,NAN
2017,6,12,10,0,NAN,NAN,NAN,NAN,NAN
2017,6,12,10,30,NAN,NAN,NAN,NAN,NAN
2017,6,12,11,0,NAN,NAN,NAN,NAN,NAN
2017,6,12,11,30,NAN,NAN,NAN,NAN,NAN
2017,6,12,12,0,NAN,NAN,NAN,NAN,NAN
2017,6,12,12,30,NAN,NAN,NAN,NAN,NAN
2017,6,12,13,0,NAN,NAN,NAN,NAN,NAN
2017,6,12,13,30,NAN,NAN,NAN,NAN,NAN
2017,6,12,14,0,NAN,NAN,NAN,NAN,NAN
2017,6,12,14,30,NAN,NAN,NAN,NAN,NAN
2017,6,12,15,0,NAN,NAN,NAN,NAN,NAN
2017,6,12,15,30,NAN,NAN,NAN,NAN,NAN
2017,6,12,16,0,NAN,NAN,NAN,NAN,NAN
2017,6,12,16,30,NAN,NAN,NAN,NAN,NAN
2017,6,12,17,0,NAN,NAN,NAN,NAN,NAN
2017,6,12,17,30,NAN,NAN,NAN,NAN,NAN
2017,6,12,18,0,NAN,NAN,NAN,NAN,NAN
2017,6,12,18,30,NAN,NAN,NAN,NAN,NAN
2017,6,12,19,0,NAN,NAN,NAN,NAN,NAN
2017,6,12,19,30,NAN,NAN,NAN,NAN,NAN
2017,6,12,20,0,NAN,NAN,NAN,NAN,NAN
2017,6,12,20,30,NAN,NAN,NAN,NAN,NAN
2017,6,12,21,0,NAN,NAN,NAN,NAN,NAN
2017,6,12,21,30,NAN,NAN,NAN,NAN,NAN
2017,6,12,22,0,NAN,NAN,NAN,NAN,NAN
2017,6,12,22,30,NAN,NAN,NAN,NAN,NAN
2017,6,12,23,0,NAN,NAN,NAN,NAN,NAN
2017,6,12,23,30,NAN,NAN,NAN,NAN,NAN
2017,6,12,24,0,NAN,NAN,NAN,NAN,NAN
2017,6,13,0,30,NAN,NAN,NAN,NAN,NAN
2017,6,13,1,0,NAN,NAN,NAN,NAN,NAN
2017,6,13,1,30,NAN,NAN,NAN,NAN,NAN
2017,6,13,2,0,NAN,NAN,NAN,NAN,NAN
2017,6,13,2,30,NAN,NAN,NAN,NAN,NAN
2017,6,13,3,0,NAN,NAN,NAN,NAN,NAN
2017,6,13,3,30,NAN,NAN,NAN,NAN,NAN
2017,6,13,4,0,NAN,NAN,NAN,NAN,NAN
2017,6,13,4,30,NAN,NAN,NAN,NAN,NAN
2017,6,13,5,0,NAN,NAN,NAN,NAN,NAN
2017,6,13,5,30,NAN,NAN,NAN,NAN,NAN
2017,6,13,6,0,NAN,NAN,NAN,NAN,NAN
2017,6,13,6,30,NAN,NAN,NAN,NAN,NAN
2017,6,13,7,0,NAN,NAN,NAN,NAN,NAN
2017,6,13,7,30,NAN,NAN,NAN,NAN,NAN
2017,6,13,8,0,NAN,NAN,NAN,NAN,NAN
2017,6,13,8,30,NAN,NAN,NAN,NAN,NAN
2017,6,13,9,0,NAN,NAN,NAN,NAN,NAN
2017,6,13,9,30,NAN,NAN,NAN,NAN,NAN
2017,6,13,10,0,NAN,NAN,NAN,NAN,NAN
2017,6,13,10,30,NAN,NAN,NAN,NAN,NAN
2017,6,13,11,0,NAN,NAN,NAN,NAN,NAN
2017,6,13,11,30,NAN,NAN,NAN,NAN,NAN
2017,6,13,12,0,NAN,NAN,NAN,NAN,NAN
2017,6,13,12,30,NAN,NAN,NAN,NAN,NAN
2017,6,13,13,0,NAN,NAN,NAN,NAN,NAN
2017,6,13,13,30,NAN,NAN,NAN,NAN,NAN
2017,6,13,14,0,NAN,NAN,NAN,NAN,NAN
2017,6,13,14,30,NAN,NAN,NAN,NAN,NAN
2017,6,13,15,0,NAN,NAN,NAN,NAN,NAN
2017,6,13,15,30,NAN,NAN,NAN,NAN,NAN
2017,6,13,16,0,NAN,NAN,NAN,NAN,NAN
2017,6,13,16,30,NAN,NAN,NAN,NAN,NAN
2017,6,13,17,0,NAN,NAN,NAN,NAN,NAN
2017,6,13,17,30,NAN,NAN,NAN,NAN,NAN
2017,6,13,18,0,NAN,NAN,NAN,NAN,NAN
2017,6,13,18,30,NAN,NAN,NAN,NAN,NAN
2017,6,13,19,0,NAN,NAN,NAN,NAN,NAN
2017,6,13,19,30,NAN,NAN,NAN,NAN,NAN
2017,6,13,20,0,NAN,NAN,NAN,NAN,NAN
2017,6,13,20,30,NAN,NAN,NAN,NAN,NAN
2017,6,13,21,0,NAN,NAN,NAN,NAN,NAN
2017,6,13,21,30,NAN,NAN,NAN,NAN,NAN
2017,6,13,22,0,NAN,NAN,NAN,NAN,NAN
2017,6,13,22,30,NAN,NAN,NAN,NAN,NAN
2017,6,13,23,0,NAN,NAN,NAN,NAN,NAN
2017,6,13,23,30,NAN,NAN,NAN,NAN,NAN
2017,6,13,24,0,NAN,NAN,NAN,NAN,NAN
2017,6,14,0,30,NAN,NAN,NAN,NAN,NAN
2017,6,14,1,0,NAN,NAN,NAN,NAN,NAN
2017,6,14,1,30,NAN,NAN,NAN,NAN,NAN
2017,6,14,2,0,NAN,NAN,NAN,NAN,NAN
2017,6,14,2,30,NAN,NAN,NAN,NAN,NAN
2017,6,14,3,0,NAN,NAN,NAN,NAN,NAN
2017,6,14,3,30,NAN,NAN,NAN,NAN,NAN
2017,6,14,4,0,NAN,NAN,NAN,NAN,NAN
2017,6,14,4,30,NAN,NAN,NAN,NAN,NAN
2017,6,14,5,0,NAN,NAN,NAN,NAN,NAN
2017,6,14,5,30,NAN,NAN,NAN,NAN,NAN
2017,6,14,6,0,NAN,NAN,NAN,NAN,NAN
2017,6,14,6,30,NAN,NAN,NAN,NAN,NAN
2017,6,14,7,0,NAN,NAN,NAN,NAN,NAN
2017,6,14,7,30,NAN,NAN,NAN,NAN,NAN
2017,6,14,8,0,NAN,NAN,NAN,NAN,NAN
2017,6,14,8,30,NAN,NAN,NAN,NAN,NAN
2017,6,14,9,0,NAN,NAN,NAN,NAN,NAN
2017,6,14,9,30,NAN,NAN,NAN,NAN,NAN
2017,6,14,10,0,NAN,NAN,NAN,NAN,NAN
2017,6,14,10,30,NAN,NAN,NAN,NAN,NAN
2017,6,14,11,0,NAN,NAN,NAN,NAN,NAN
2017,6,14,11,30,NAN,NAN,NAN,NAN,NAN
2017,6,14,12,0,NAN,NAN,NAN,NAN,NAN
2017,6,14,12,30,NAN,NAN,NAN,NAN,NAN
2017,6,14,13,0,NAN,NAN,NAN,NAN,NAN
2017,6,14,13,30,NAN,NAN,NAN,NAN,NAN
2017,6,14,14,0,NAN,NAN,NAN,NAN,NAN
2017,6,14,14,30,NAN,NAN,NAN,NAN,NAN
2017,6,14,15,0,NAN,NAN,NAN,NAN,NAN
2017,6,14,15,30,NAN,NAN,NAN,NAN,NAN
2017,6,14,16,0,NAN,NAN,NAN,NAN,NAN
2017,6,14,16,30,NAN,NAN,NAN,NAN,NAN
2017,6,14,17,0,NAN,NAN,NAN,NAN,NAN
2017,6,14,17,30,NAN,NAN,NAN,NAN,NAN
2017,6,14,18,0,NAN,NAN,NAN,NAN,NAN
2017,6,14,18,30,NAN,NAN,NAN,NAN,NAN
2017,6,14,19,0,NAN,NAN,NAN,NAN,NAN
2017,6,14,19,30,NAN,NAN,NAN,NAN,NAN
2017,6,14,20,0,NAN,NAN,NAN,NAN,NAN
2017,6,14,20,30,NAN,NAN,NAN,NAN,NAN
2017,6,14,21,0,NAN,NAN,NAN,NAN,NAN
2017,6,14,21,30,NAN,NAN,NAN,NAN,NAN
2017,6,14,22,0,NAN,NAN,NAN,NAN,NAN
2017,6,14,22,30,NAN,NAN,NAN,NAN,NAN
2017,6,14,23,0,NAN,NAN,NAN,NAN,NAN
2017,6,14,23,30,NAN,NAN,NAN,NAN,NAN
2017,6,14,24,0,NAN,NAN,NAN,NAN,NAN
2017,6,15,0,30,NAN,NAN,NAN,NAN,NAN
2017,6,15,1,0,NAN,NAN,NAN,NAN,NAN
2017,6,15,1,30,NAN,NAN,NAN,NAN,NAN
2017,6,15,2,0,NAN,NAN,NAN,NAN,NAN
2017,6,15,2,30,NAN,NAN,NAN,NAN,NAN
2017,6,15,3,0,NAN,NAN,NAN,NAN,NAN
2017,6,15,3,30,NAN,NAN,NAN,NAN,NAN
2017,6,15,4,0,NAN,NAN,NAN,NAN,NAN
2017,6,15,4,30,NAN,NAN,NAN,NAN,NAN
2017,6,15,5,0,NAN,NAN,NAN,NAN,NAN
2017,6,15,5,30,NAN,NAN,NAN,NAN,NAN
2017,6,15,6,0,NAN,NAN,NAN,NAN,NAN
2017,6,15,6,30,NAN,NAN,NAN,NAN,NAN
2017,6,15,7,0,NAN,NAN,NAN,NAN,NAN
2017,6,15,7,30,NAN,NAN,NAN,NAN,NAN
2017,6,15,8,0,NAN,NAN,NAN,NAN,NAN
2017,6,15,8,30,NAN,NAN,NAN,NAN,NAN
2017,6,15,9,0,NAN,NAN,NAN,NAN,NAN
2017,6,15,9,30,NAN,NAN,NAN,NAN,NAN
2017,6,15,10,0,NAN,NAN,NAN,NAN,NAN
2017,6,15,10,30,NAN,NAN,NAN,NAN,NAN
2017,6,15,11,0,NAN,NAN,NAN,NAN,NAN
2017,6,15,11,30,NAN,NAN,NAN,NAN,NAN
2017,6,15,12,0,NAN,NAN,NAN,NAN,NAN
2017,6,15,12,30,NAN,NAN,NAN,NAN,NAN
2017,6,15,13,0,NAN,NAN,NAN,NAN,NAN
2017,6,15,13,30,NAN,NAN,NAN,NAN,NAN
2017,6,15,14,0,NAN,NAN,NAN,NAN,NAN
2017,6,15,14,30,NAN,NAN,NAN,NAN,NAN
2017,6,15,15,0,NAN,NAN,NAN,NAN,NAN
2017,6,15,15,30,NAN,NAN,NAN,NAN,NAN
2017,6,15,16,0,NAN,NAN,NAN,NAN,NAN
2017,6,15,16,30,NAN,NAN,NAN,NAN,NAN
2017,6,15,17,0,NAN,NAN,NAN,NAN,NAN
2017,6,15,17,30,NAN,NAN,NAN,NAN,NAN
2017,6,15,18,0,NAN,NAN,NAN,NAN,NAN
2017,6,15,18,30,NAN,NAN,NAN,NAN,NAN
2017,6,15,19,0,NAN,NAN,NAN,NAN,NAN
2017,6,15,19,30,NAN,NAN,NAN,NAN,NAN
2017,6,15,20,0,NAN,NAN,NAN,NAN,NAN
2017,6,15,20,30,NAN,NAN,NAN,NAN,NAN
2017,6,15,21,0,NAN,NAN,NAN,NAN,NAN
2017,6,15,21,30,NAN,NAN,NAN,NAN,NAN
2017,6,15,22,0,NAN,NAN,NAN,NAN,NAN
2017,6,15,22,30,NAN,NAN,NAN,NAN,NAN
2017,6,15,23,0,NAN,NAN,NAN,NAN,NAN
2017,6,15,23,30,NAN,NAN,NAN,NAN,NAN
2017,6,15,24,0,NAN,NAN,NAN,NAN,NAN
2017,6,16,0,30,NAN,NAN,NAN,NAN,NAN
2017,6,16,1,0,NAN,NAN,NAN,NAN,NAN
2017,6,16,1,30,NAN,NAN,NAN,NAN,NAN
2017,6,16,2,0,NAN,NAN,NAN,NAN,NAN
2017,6,16,2,30,NAN,NAN,NAN,NAN,NAN
2017,6,16,3,0,NAN,NAN,NAN,NAN,NAN
2017,6,16,3,30,NAN,NAN,NAN,NAN,NAN
2017,6,16,4,0,NAN,NAN,NAN,NAN,NAN
2017,6,16,4,30,NAN,NAN,NAN,NAN,NAN
2017,6,16,5,0,NAN,NAN,NAN,NAN,NAN
2017,6,16,5,30,NAN,NAN,NAN,NAN,NAN
2017,6,16,6,0,NAN,NAN,NAN,NAN,NAN
2017,6,16,6,30,NAN,NAN,NAN,NAN,NAN
2017,6,16,7,0,NAN,NAN,NAN,NAN,NAN
2017,6,16,7,30,NAN,NAN,NAN,NAN,NAN
2017,6,16,8,0,NAN,NAN,NAN,NAN,NAN
2017,6,16,8,30,NAN,NAN,NAN,NAN,NAN
2017,6,16,9,0,NAN,NAN,NAN,NAN,NAN
2017,6,16,9,30,NAN,NAN,NAN,NAN,NAN
2017,6,16,10,0,NAN,NAN,NAN,NAN,NAN
2017,6,16,10,30,NAN,NAN,NAN,NAN,NAN
2017,6,16,11,0,NAN,NAN,NAN,NAN,NAN
2017,6,16,11,30,NAN,NAN,NAN,NAN,NAN
2017,6,16,12,0,NAN,NAN,NAN,NAN,NAN
2017,6,16,12,30,NAN,NAN,NAN,NAN,NAN
2017,6,16,13,0,NAN,NAN,NAN,NAN,NAN
2017,6,16,13,30,NAN,NAN,NAN,NAN,NAN
2017,6,16,14,0,NAN,NAN,NAN,NAN,NAN
2017,6,16,14,30,NAN,NAN,NAN,NAN,NAN
2017,6,16,15,0,NAN,NAN,NAN,NAN,NAN
2017,6,16,15,30,NAN,NAN,NAN,NAN,NAN
2017,6,16,16,0,NAN,NAN,NAN,NAN,NAN
2017,6,16,16,30,NAN,NAN,NAN,NAN,NAN
2017,6,16,17,0,NAN,NAN,NAN,NAN,NAN
2017,6,16,17,30,NAN,NAN,NAN,NAN,NAN
2017,6,16,18,0,NAN,NAN,NAN,NAN,NAN
2017,6,16,18,30,NAN,NAN,NAN,NAN,NAN
2017,6,16,19,0,NAN,NAN,NAN,NAN,NAN
2017,6,16,19,30,NAN,NAN,NAN,NAN,NAN
2017,6,16,20,0,NAN,NAN,NAN,NAN,NAN
2017,6,16,20,30,NAN,NAN,NAN,NAN,NAN
2017,6,16,21,0,NAN,NAN,NAN,NAN,NAN
2017,6,16,21,30,NAN,NAN,NAN,NAN,NAN
2017,6,16,22,0,NAN,NAN,NAN,NAN,NAN
2017,6,16,22,30,NAN,NAN,NAN,NAN,NAN
2017,6,16,23,0,NAN,NAN,NAN,NAN,NAN
2017,6,16,23,30,NAN,NAN,NAN,NAN,NAN
2017,6,16,24,0,NAN,NAN,NAN,NAN,NAN
2017,6,17,0,30,NAN,NAN,NAN,NAN,NAN
2017,6,17,1,0,NAN,NAN,NAN,NAN,NAN
2017,6,17,1,30,NAN,NAN,NAN,NAN,NAN
2017,6,17,2,0,NAN,NAN,NAN,NAN,NAN
2017,6,17,2,30,NAN,NAN,NAN,NAN,NAN
2017,6,17,3,0,NAN,NAN,NAN,NAN,NAN
2017,6,17,3,30,NAN,NAN,NAN,NAN,NAN
2017,6,17,4,0,NAN,NAN,NAN,NAN,NAN
2017,6,17,4,30,NAN,NAN,NAN,NAN,NAN
2017,6,17,5,0,NAN,NAN,NAN,NAN,NAN
2017,6,17,5,30,NAN,NAN,NAN,NAN,NAN
2017,6,17,6,0,NAN,NAN,NAN,NAN,NAN
2017,6,17,6,30,NAN,NAN,NAN,NAN,NAN
2017,6,17,7,0,NAN,NAN,NAN,NAN,NAN
2017,6,17,7,30,NAN,NAN,NAN,NAN,NAN
2017,6,17,8,0,NAN,NAN,NAN,NAN,NAN
2017,6,17,8,30,NAN,NAN,NAN,NAN,NAN
2017,6,17,9,0,NAN,NAN,NAN,NAN,NAN
2017,6,17,9,30,NAN,NAN,NAN,NAN,NAN
2017,6,17,10,0,NAN,NAN,NAN,NAN,NAN
2017,6,17,10,30,NAN,NAN,NAN,NAN,NAN
2017,6,17,11,0,NAN,NAN,NAN,NAN,NAN
2017,6,17,11,30,NAN,NAN,NAN,NAN,NAN
2017,6,17,12,0,NAN,NAN,NAN,NAN,NAN
2017,6,17,12,30,NAN,NAN,NAN,NAN,NAN
2017,6,17,13,0,NAN,NAN,NAN,NAN,NAN
2017,6,17,13,30,NAN,NAN,NAN,NAN,NAN
2017,6,17,14,0,NAN,NAN,NAN,NAN,NAN
2017,6,17,14,30,NAN,NAN,NAN,NAN,NAN
2017,6,17,15,0,NAN,NAN,NAN,NAN,NAN
2017,6,17,15,30,NAN,NAN,NAN,NAN,NAN
2017,6,17,16,0,NAN,NAN,NAN,NAN,NAN
2017,6,17,16,30,NAN,NAN,NAN,NAN,NAN
2017,6,17,17,0,NAN,NAN,NAN,NAN,NAN
2017,6,17,17,30,NAN,NAN,NAN,NAN,NAN
2017,6,17,18,0,NAN,NAN,NAN,NAN,NAN
2017,6,17,18,30,NAN,NAN,NAN,NAN,NAN
2017,6,17,19,0,NAN,NAN,NAN,NAN,NAN
2017,6,17,19,30,NAN,NAN,NAN,NAN,NAN
2017,6,17,20,0,NAN,NAN,NAN,NAN,NAN
2017,6,17,20,30,NAN,NAN,NAN,NAN,NAN
2017,6,17,21,0,NAN,NAN,NAN,NAN,NAN
2017,6,17,21,30,NAN,NAN,NAN,NAN,NAN
2017,6,17,22,0,NAN,NAN,NAN,NAN,NAN
2017,6,17,22,30,NAN,NAN,NAN,NAN,NAN
2017,6,17,23,0,NAN,NAN,NAN,NAN,NAN
2017,6,17,23,30,NAN,NAN,NAN,NAN,NAN
2017,6,17,24,0,NAN,NAN,NAN,NAN,NAN
2017,6,18,0,30,NAN,NAN,NAN,NAN,NAN
2017,6,18,1,0,NAN,NAN,NAN,NAN,NAN
2017,6,18,1,30,NAN,NAN,NAN,NAN,NAN
2017,6,18,2,0,NAN,NAN,NAN,NAN,NAN
2017,6,18,2,30,NAN,NAN,NAN,NAN,NAN
2017,6,18,3,0,NAN,NAN,NAN,NAN,NAN
2017,6,18,3,30,NAN,NAN,NAN,NAN,NAN
2017,6,18,4,0,NAN,NAN,NAN,NAN,NAN
2017,6,18,4,30,NAN,NAN,NAN,NAN,NAN
2017,6,18,5,0,NAN,NAN,NAN,NAN,NAN
2017,6,18,5,30,NAN,NAN,NAN,NAN,NAN
2017,6,18,6,0,NAN,NAN,NAN,NAN,NAN
2017,6,18,6,30,NAN,NAN,NAN,NAN,NAN
2017,6,18,7,0,NAN,NAN,NAN,NAN,NAN
2017,6,18,7,30,NAN,NAN,NAN,NAN,NAN
2017,6,18,8,0,NAN,NAN,NAN,NAN,NAN
2017,6,18,8,30,NAN,NAN,NAN,NAN,NAN
2017,6,18,9,0,NAN,NAN,NAN,NAN,NAN
2017,6,18,9,30,NAN,NAN,NAN,NAN,NAN
2017,6,18,10,0,NAN,NAN,NAN,NAN,NAN
2017,6,18,10,30,NAN,NAN,NAN,NAN,NAN
2017,6,18,11,0,NAN,NAN,NAN,NAN,NAN
2017,6,18,11,30,NAN,NAN,NAN,NAN,NAN
2017,6,18,12,0,NAN,NAN,NAN,NAN,NAN
2017,6,18,12,30,NAN,NAN,NAN,NAN,NAN
2017,6,18,13,0,NAN,NAN,NAN,NAN,NAN
2017,6,18,13,30,NAN,NAN,NAN,NAN,NAN
2017,6,18,14,0,NAN,NAN,NAN,NAN,NAN
2017,6,18,14,30,NAN,NAN,NAN,NAN,NAN
2017,6,18,15,0,NAN,NAN,NAN,NAN,NAN
2017,6,18,15,30,NAN,NAN,NAN,NAN,NAN
2017,6,18,16,0,NAN,NAN,NAN,NAN,NAN
2017,6,18,16,30,NAN,NAN,NAN,NAN,NAN
2017,6,18,17,0,NAN,NAN,NAN,NAN,NAN
2017,6,18,17,30,NAN,NAN,NAN,NAN,NAN
2017,6,18,18,0,NAN,NAN,NAN,NAN,NAN
2017,6,18,18,30,NAN,NAN,NAN,NAN,NAN
2017,6,18,19,0,NAN,NAN,NAN,NAN,NAN
2017,6,18,19,30,NAN,NAN,NAN,NAN,NAN
2017,6,18,20,0,NAN,NAN,NAN,NAN,NAN
2017,6,18,20,30,NAN,NAN,NAN,NAN,NAN
2017,6,18,21,0,NAN,NAN,NAN,NAN,NAN
2017,6,18,21,30,NAN,NAN,NAN,NAN,NAN
2017,6,18,22,0,NAN,NAN,NAN,NAN,NAN
2017,6,18,22,30,NAN,NAN,NAN,NAN,NAN
2017,6,18,23,0,NAN,NAN,NAN,NAN,NAN
2017,6,18,23,30,NAN,NAN,NAN,NAN,NAN
2017,6,18,24,0,NAN,NAN,NAN,NAN,NAN
2017,6,19,0,30,NAN,NAN,NAN,NAN,NAN
2017,6,19,1,0,NAN,NAN,NAN,NAN,NAN
2017,6,19,1,30,NAN,NAN,NAN,NAN,NAN
2017,6,19,2,0,NAN,NAN,NAN,NAN,NAN
2017,6,19,2,30,NAN,NAN,NAN,NAN,NAN
2017,6,19,3,0,NAN,NAN,NAN,NAN,NAN
2017,6,19,3,30,NAN,NAN,NAN,NAN,NAN
2017,6,19,4,0,NAN,NAN,NAN,NAN,NAN
2017,6,19,4,30,NAN,NAN,NAN,NAN,NAN
2017,6,19,5,0,NAN,NAN,NAN,NAN,NAN
2017,6,19,5,30,NAN,NAN,NAN,NAN,NAN
2017,6,19,6,0,NAN,NAN,NAN,NAN,NAN
2017,6,19,6,30,NAN,NAN,NAN,NAN,NAN
2017,6,19,7,0,NAN,NAN,NAN,NAN,NAN
2017,6,19,7,30,NAN,NAN,NAN,NAN,NAN
2017,6,19,8,0,NAN,NAN,NAN,NAN,NAN
2017,6,19,8,30,NAN,NAN,NAN,NAN,NAN
2017,6,19,9,0,NAN,NAN,NAN,NAN,NAN
2017,6,19,9,30,NAN,NAN,NAN,NAN,NAN
2017,6,19,10,0,NAN,NAN,NAN,NAN,NAN
2017,6,19,10,30,NAN,NAN,NAN,NAN,NAN
2017,6,19,11,0,NAN,NAN,NAN,NAN,NAN
2017,6,19,11,30,NAN,NAN,NAN,NAN,NAN
2017,6,19,12,0,NAN,NAN,NAN,NAN,NAN
2017,6,19,12,30,NAN,NAN,NAN,NAN,NAN
2017,6,19,13,0,NAN,NAN,NAN,NAN,NAN
2017,6,19,13,30,NAN,NAN,NAN,NAN,NAN
2017,6,19,14,0,NAN,NAN,NAN,NAN,NAN
2017,6,19,14,30,NAN,NAN,NAN,NAN,NAN
2017,6,19,15,0,NAN,NAN,NAN,NAN,NAN
2017,6,19,15,30,NAN,NAN,NAN,NAN,NAN
2017,6,19,16,0,NAN,NAN,NAN,NAN,NAN
2017,6,19,16,30,NAN,NAN,NAN,NAN,NAN
2017,6,19,17,0,NAN,NAN,NAN,NAN,NAN
2017,6,19,17,30,NAN,NAN,NAN,NAN,NAN
2017,6,19,18,0,NAN,NAN,NAN,NAN,NAN
2017,6,19,18,30,NAN,NAN,NAN,NAN,NAN
2017,6,19,19,0,NAN,NAN,NAN,NAN,NAN
2017,6,19,19,30,NAN,NAN,NAN,NAN,NAN
2017,6,19,20,0,NAN,NAN,NAN,NAN,NAN
2017,6,19,20,30,NAN,NAN,NAN,NAN,NAN
2017,6,19,21,0,NAN,NAN,NAN,NAN,NAN
2017,6,19,21,30,NAN,NAN,NAN,NAN,NAN
2017,6,19,22,0,NAN,NAN,NAN,NAN,NAN
2017,6,19,22,30,NAN,NAN,NAN,NAN,NAN
2017,6,19,23,0,NAN,NAN,NAN,NAN,NAN
2017,6,19,23,30,NAN,NAN,NAN,NAN,NAN
2017,6,19,24,0,NAN,NAN,NAN,NAN,NAN
2017,6,20,0,30,NAN,NAN,NAN,NAN,NAN
2017,6,20,1,0,NAN,NAN,NAN,NAN,NAN
2017,6,20,1,30,NAN,NAN,NAN,NAN,NAN
2017,6,20,2,0,NAN,NAN,NAN,NAN,NAN
2017,6,20,2,30,NAN,NAN,NAN,NAN,NAN
2017,6,20,3,0,NAN,NAN,NAN,NAN,NAN
2017,6,20,3,30,NAN,NAN,NAN,NAN,NAN
2017,6,20,4,0,NAN,NAN,NAN,NAN,NAN
2017,6,20,4,30,NAN,NAN,NAN,NAN,NAN
2017,6,20,5,0,NAN,NAN,NAN,NAN,NAN
2017,6,20,5,30,NAN,NAN,NAN,NAN,NAN
2017,6,20,6,0,NAN,NAN,NAN,NAN,NAN
2017,6,20,6,30,NAN,NAN,NAN,NAN,NAN
2017,6,20,7,0,NAN,NAN,NAN,NAN,NAN
2017,6,20,7,30,NAN,NAN,NAN,NAN,NAN
2017,6,20,8,0,NAN,NAN,NAN,NAN,NAN
2017,6,20,8,30,NAN,NAN,NAN,NAN,NAN
2017,6,20,9,0,NAN,NAN,NAN,NAN,NAN
2017,6,20,9,30,NAN,NAN,NAN,NAN,NAN
2017,6,20,10,0,NAN,NAN,NAN,NAN,NAN
2017,6,20,10,30,NAN,NAN,NAN,NAN,NAN
2017,6,20,11,0,NAN,NAN,NAN,NAN,NAN
2017,6,20,11,30,NAN,NAN,NAN,NAN,NAN
2017,6,20,12,0,NAN,NAN,NAN,NAN,NAN
2017,6,20,12,30,NAN,NAN,NAN,NAN,NAN
2017,6,20,13,0,NAN,NAN,NAN,NAN,NAN
2017,6,20,13,30,NAN,NAN,NAN,NAN,NAN
2017,6,20,14,0,NAN,NAN,NAN,NAN,NAN
2017,6,20,14,30,NAN,NAN,NAN,NAN,NAN
2017,6,20,15,0,NAN,NAN,NAN,NAN,NAN
2017,6,20,15,30,NAN,NAN,NAN,NAN,NAN
2017,6,20,16,0,NAN,NAN,NAN,NAN,NAN
2017,6,20,16,30,NAN,NAN,NAN,NAN,NAN
2017,6,20,17,0,NAN,NAN,NAN,NAN,NAN
2017,6,20,17,30,NAN,NAN,NAN,NAN,NAN
2017,6,20,18,0,NAN,NAN,NAN,NAN,NAN
2017,6,20,18,30,NAN,NAN,NAN,NAN,NAN
2017,6,20,19,0,NAN,NAN,NAN,NAN,NAN
2017,6,20,19,30,NAN,NAN,NAN,NAN,NAN
2017,6,20,20,0,NAN,NAN,NAN,NAN,NAN
2017,6,20,20,30,NAN,NAN,NAN,NAN,NAN
2017,6,20,21,0,NAN,NAN,NAN,NAN,NAN
2017,6,20,21,30,NAN,NAN,NAN,NAN,NAN
2017,6,20,22,0,NAN,NAN,NAN,NAN,NAN
2017,6,20,22,30,NAN,NAN,NAN,NAN,NAN
2017,6,20,23,0,NAN,NAN,NAN,NAN,NAN
2017,6,20,23,30,NAN,NAN,NAN,NAN,NAN
2017,6,20,24,0,NAN,NAN,NAN,NAN,NAN
2017,6,21,0,30,NAN,NAN,NAN,NAN,NAN
2017,6,21,1,0,NAN,NAN,NAN,NAN,NAN
2017,6,21,1,30,NAN,NAN,NAN,NAN,NAN
2017,6,21,2,0,NAN,NAN,NAN,NAN,NAN
2017,6,21,2,30,NAN,NAN,NAN,NAN,NAN
2017,6,21,3,0,NAN,NAN,NAN,NAN,NAN
2017,6,21,3,30,NAN,NAN,NAN,NAN,NAN
2017,6,21,4,0,NAN,NAN,NAN,NAN,NAN
2017,6,21,4,30,NAN,NAN,NAN,NAN,NAN
2017,6,21,5,0,NAN,NAN,NAN,NAN,NAN
2017,6,21,5,30,NAN,NAN,NAN,NAN,NAN
2017,6,21,6,0,NAN,NAN,NAN,NAN,NAN
2017,6,21,6,30,NAN,NAN,NAN,NAN,NAN
2017,6,21,7,0,NAN,NAN,NAN,NAN,NAN
2017,6,21,7,30,NAN,NAN,NAN,NAN,NAN
2017,6,21,8,0,NAN,NAN,NAN,NAN,NAN
2017,6,21,8,30,NAN,NAN,NAN,NAN,NAN
2017,6,21,9,0,NAN,NAN,NAN,NAN,NAN
2017,6,21,9,30,NAN,NAN,NAN,NAN,NAN
2017,6,21,10,0,NAN,NAN,NAN,NAN,NAN
2017,6,21,10,30,NAN,NAN,NAN,NAN,NAN
2017,6,21,11,0,NAN,NAN,NAN,NAN,NAN
2017,6,21,11,30,NAN,NAN,NAN,NAN,NAN
2017,6,21,12,0,NAN,NAN,NAN,NAN,NAN
2017,6,21,12,30,NAN,NAN,NAN,NAN,NAN
2017,6,21,13,0,NAN,NAN,NAN,NAN,NAN
2017,6,21,13,30,NAN,NAN,NAN,NAN,NAN
2017,6,21,14,0,NAN,NAN,NAN,NAN,NAN
2017,6,21,14,30,NAN,NAN,NAN,NAN,NAN
2017,6,21,15,0,NAN,NAN,NAN,NAN,NAN
2017,6,21,15,30,NAN,NAN,NAN,NAN,NAN
2017,6,21,16,0,NAN,NAN,NAN,NAN,NAN
2017,6,21,16,30,NAN,NAN,NAN,NAN,NAN
2017,6,21,17,0,NAN,NAN,NAN,NAN,NAN
2017,6,21,17,30,NAN,NAN,NAN,NAN,NAN
2017,6,21,18,0,NAN,NAN,NAN,NAN,NAN
2017,6,21,18,30,NAN,NAN,NAN,NAN,NAN
2017,6,21,19,0,NAN,NAN,NAN,NAN,NAN
2017,6,21,19,30,NAN,NAN,NAN,NAN,NAN
2017,6,21,20,0,NAN,NAN,NAN,NAN,NAN
2017,6,21,20,30,NAN,NAN,NAN,NAN,NAN
2017,6,21,21,0,NAN,NAN,NAN,NAN,NAN
2017,6,21,21,30,NAN,NAN,NAN,NAN,NAN
2017,6,21,22,0,NAN,NAN,NAN,NAN,NAN
2017,6,21,22,30,NAN,NAN,NAN,NAN,NAN
2017,6,21,23,0,NAN,NAN,NAN,NAN,NAN
2017,6,21,23,30,NAN,NAN,NAN,NAN,NAN
2017,6,21,24,0,NAN,NAN,NAN,NAN,NAN
2017,6,22,0,30,NAN,NAN,NAN,NAN,NAN
2017,6,22,1,0,NAN,NAN,NAN,NAN,NAN
2017,6,22,1,30,NAN,NAN,NAN,NAN,NAN
2017,6,22,2,0,NAN,NAN,NAN,NAN,NAN
2017,6,22,2,30,NAN,NAN,NAN,NAN,NAN
2017,6,22,3,0,NAN,NAN,NAN,NAN,NAN
2017,6,22,3,30,NAN,NAN,NAN,NAN,NAN
2017,6,22,4,0,NAN,NAN,NAN,NAN,NAN
2017,6,22,4,30,NAN,NAN,NAN,NAN,NAN
2017,6,22,5,0,NAN,NAN,NAN,NAN,NAN
2017,6,22,5,30,NAN,NAN,NAN,NAN,NAN
2017,6,22,6,0,NAN,NAN,NAN,NAN,NAN
2017,6,22,6,30,NAN,NAN,NAN,NAN,NAN
2017,6,22,7,0,NAN,NAN,NAN,NAN,NAN
2017,6,22,7,30,NAN,NAN,NAN,NAN,NAN
2017,6,22,8,0,NAN,NAN,NAN,NAN,NAN
2017,6,22,8,30,NAN,NAN,NAN,NAN,NAN
2017,6,22,9,0,NAN,NAN,NAN,NAN,NAN
2017,6,22,9,30,NAN,NAN,NAN,NAN,NAN
2017,6,22,10,0,NAN,NAN,NAN,NAN,NAN
2017,6,22,10,30,NAN,NAN,NAN,NAN,NAN
2017,6,22,11,0,NAN,NAN,NAN,NAN,NAN
2017,6,22,11,30,NAN,NAN,NAN,NAN,NAN
2017,6,22,12,0,NAN,NAN,NAN,NAN,NAN
2017,6,22,12,30,NAN,NAN,NAN,NAN,NAN
2017,6,22,13,0,NAN,NAN,NAN,NAN,NAN
2017,6,22,13,30,NAN,NAN,NAN,NAN,NAN
2017,6,22,14,0,NAN,NAN,NAN,NAN,NAN
2017,6,22,14,30,NAN,NAN,NAN,NAN,NAN
2017,6,22,15,0,NAN,NAN,NAN,NAN,NAN
2017,6,22,15,30,NAN,NAN,NAN,NAN,NAN
2017,6,22,16,0,NAN,NAN,NAN,NAN,NAN
2017,6,22,16,30,NAN,NAN,NAN,NAN,NAN
2017,6,22,17,0,NAN,NAN,NAN,NAN,NAN
2017,6,22,17,30,NAN,NAN,NAN,NAN,NAN
2017,6,22,18,0,NAN,NAN,NAN,NAN,NAN
2017,6,22,18,30,NAN,NAN,NAN,NAN,NAN
2017,6,22,19,0,NAN,NAN,NAN,NAN,NAN
2017,6,22,19,30,NAN,NAN,NAN,NAN,NAN
2017,6,22,20,0,NAN,NAN,NAN,NAN,NAN
2017,6,22,20,30,NAN,NAN,NAN,NAN,NAN
2017,6,22,21,0,NAN,NAN,NAN,NAN,NAN
2017,6,22,21,30,NAN,NAN,NAN,NAN,NAN
2017,6,22,22,0,NAN,NAN,NAN,NAN,NAN
2017,6,22,22,30,NAN,NAN,NAN,NAN,NAN
2017,6,22,23,0,NAN,NAN,NAN,NAN,NAN
2017,6,22,23,30,NAN,NAN,NAN,NAN,NAN
2017,6,22,24,0,NAN,NAN,NAN,NAN,NAN
2017,6,23,0,30,NAN,NAN,NAN,NAN,NAN
2017,6,23,1,0,NAN,NAN,NAN,NAN,NAN
2017,6,23,1,30,NAN,NAN,NAN,NAN,NAN
2017,6,23,2,0,NAN,NAN,NAN,NAN,NAN
2017,6,23,2,30,NAN,NAN,NAN,NAN,NAN
2017,6,23,3,0,NAN,NAN,NAN,NAN,NAN
2017,6,23,3,30,NAN,NAN,NAN,NAN,NAN
2017,6,23,4,0,NAN,NAN,NAN,NAN,NAN
2017,6,23,4,30,NAN,NAN,NAN,NAN,NAN
2017,6,23,5,0,NAN,NAN,NAN,NAN,NAN
2017,6,23,5,30,NAN,NAN,NAN,NAN,NAN
2017,6,23,6,0,NAN,NAN,NAN,NAN,NAN
2017,6,23,6,30,NAN,NAN,NAN,NAN,NAN
2017,6,23,7,0,NAN,NAN,NAN,NAN,NAN
2017,6,23,7,30,NAN,NAN,NAN,NAN,NAN
2017,6,23,8,0,NAN,NAN,NAN,NAN,NAN
2017,6,23,8,30,NAN,NAN,NAN,NAN,NAN
2017,6,23,9,0,NAN,NAN,NAN,NAN,NAN
2017,6,23,9,30,NAN,NAN,NAN,NAN,NAN
2017,6,23,10,0,NAN,NAN,NAN,NAN,NAN
2017,6,23,10,30,NAN,NAN,NAN,NAN,NAN
2017,6,23,11,0,NAN,NAN,NAN,NAN,NAN
2017,6,23,11,30,NAN,NAN,NAN,NAN,NAN
2017,6,23,12,0,NAN,NAN,NAN,NAN,NAN
2017,6,23,12,30,NAN,NAN,NAN,NAN,NAN
2017,6,23,13,0,NAN,NAN,NAN,NAN,NAN
2017,6,23,13,30,NAN,NAN,NAN,NAN,NAN
2017,6,23,14,0,NAN,NAN,NAN,NAN,NAN
2017,6,23,14,30,NAN,NAN,NAN,NAN,NAN
2017,6,23,15,0,NAN,NAN,NAN,NAN,NAN
2017,6,23,15,30,NAN,NAN,NAN,NAN,NAN
2017,6,23,16,0,NAN,NAN,NAN,NAN,NAN
2017,6,23,16,30,NAN,NAN,NAN,NAN,NAN
2017,6,23,17,0,NAN,NAN,NAN,NAN,NAN
2017,6,23,17,30,NAN,NAN,NAN,NAN,NAN
2017,6,23,18,0,NAN,NAN,NAN,NAN,NAN
2017,6,23,18,30,NAN,NAN,NAN,NAN,NAN
2017,6,23,19,0,NAN,NAN,NAN,NAN,NAN
2017,6,23,19,30,NAN,NAN,NAN,NAN,NAN
2017,6,23,20,0,NAN,NAN,NAN,NAN,NAN
2017,6,23,20,30,NAN,NAN,NAN,NAN,NAN
2017,6,23,21,0,NAN,NAN,NAN,NAN,NAN
2017,6,23,21,30,NAN,NAN,NAN,NAN,NAN
2017,6,23,22,0,NAN,NAN,NAN,NAN,NAN
2017,6,23,22,30,NAN,NAN,NAN,NAN,NAN
2017,6,23,23,0,NAN,NAN,NAN,NAN,NAN
2017,6,23,23,30,NAN,NAN,NAN,NAN,NAN
2017,6,23,24,0,NAN,NAN,NAN,NAN,NAN
2017,6,24,0,30,NAN,NAN,NAN,NAN,NAN
2017,6,24,1,0,NAN,NAN,NAN,NAN,NAN
2017,6,24,1,30,NAN,NAN,NAN,NAN,NAN
2017,6,24,2,0,NAN,NAN,NAN,NAN,NAN
2017,6,24,2,30,NAN,NAN,NAN,NAN,NAN
2017,6,24,3,0,NAN,NAN,NAN,NAN,NAN
2017,6,24,3,30,NAN,NAN,NAN,NAN,NAN
2017,6,24,4,0,NAN,NAN,NAN,NAN,NAN
2017,6,24,4,30,NAN,NAN,NAN,NAN,NAN
2017,6,24,5,0,NAN,NAN,NAN,NAN,NAN
2017,6,24,5,30,NAN,NAN,NAN,NAN,NAN
2017,6,24,6,0,NAN,NAN,NAN,NAN,NAN
2017,6,24,6,30,NAN,NAN,NAN,NAN,NAN
2017,6,24,7,0,NAN,NAN,NAN,NAN,NAN
2017,6,24,7,30,NAN,NAN,NAN,NAN,NAN
2017,6,24,8,0,NAN,NAN,NAN,NAN,NAN
2017,6,24,8,30,NAN,NAN,NAN,NAN,NAN
2017,6,24,9,0,NAN,NAN,NAN,NAN,NAN
2017,6,24,9,30,NAN,NAN,NAN,NAN,NAN
2017,6,24,10,0,NAN,NAN,NAN,NAN,NAN
2017,6,24,10,30,NAN,NAN,NAN,NAN,NAN
2017,6,24,11,0,NAN,NAN,NAN,NAN,NAN
2017,6,24,11,30,NAN,NAN,NAN,NAN,NAN
2017,6,24,12,0,NAN,NAN,NAN,NAN,NAN
2017,6,24,12,30,NAN,NAN,NAN,NAN,NAN
2017,6,24,13,0,NAN,NAN,NAN,NAN,NAN
2017,6,24,13,30,NAN,NAN,NAN,NAN,NAN
2017,6,24,14,0,NAN,NAN,NAN,NAN,NAN
2017,6,24,14,30,NAN,NAN,NAN,NAN,NAN
2017,6,24,15,0,NAN,NAN,NAN,NAN,NAN
2017,6,24,15,30,NAN,NAN,NAN,NAN,NAN
2017,6,24,16,0,NAN,NAN,NAN,NAN,NAN
2017,6,24,16,30,NAN,NAN,NAN,NAN,NAN
2017,6,24,17,0,NAN,NAN,NAN,NAN,NAN
2017,6,24,17,30,NAN,NAN,NAN,NAN,NAN
2017,6,24,18,0,NAN,NAN,NAN,NAN,NAN
2017,6,24,18,30,NAN,NAN,NAN,NAN,NAN
2017,6,24,19,0,NAN,NAN,NAN,NAN,NAN
2017,6,24,19,30,NAN,NAN,NAN,NAN,NAN
2017,6,24,20,0,NAN,NAN,NAN,NAN,NAN
2017,6,24,20,30,NAN,NAN,NAN,NAN,NAN
2017,6,24,21,0,NAN,NAN,NAN,NAN,NAN
2017,6,24,21,30,NAN,NAN,NAN,NAN,NAN
2017,6,24,22,0,NAN,NAN,NAN,NAN,NAN
2017,6,24,22,30,NAN,NAN,NAN,NAN,NAN
2017,6,24,23,0,NAN,NAN,NAN,NAN,NAN
2017,6,24,23,30,NAN,NAN,NAN,NAN,NAN
2017,6,24,24,0,NAN,NAN,NAN,NAN,NAN
2017,6,25,0,30,NAN,NAN,NAN,NAN,NAN
2017,6,25,1,0,NAN,NAN,NAN,NAN,NAN
2017,6,25,1,30,NAN,NAN,NAN,NAN,NAN
2017,6,25,2,0,NAN,NAN,NAN,NAN,NAN
2017,6,25,2,30,NAN,NAN,NAN,NAN,NAN
2017,6,25,3,0,NAN,NAN,NAN,NAN,NAN
2017,6,25,3,30,NAN,NAN,NAN,NAN,NAN
2017,6,25,4,0,NAN,NAN,NAN,NAN,NAN
2017,6,25,4,30,NAN,NAN,NAN,NAN,NAN
2017,6,25,5,0,NAN,NAN,NAN,NAN,NAN
2017,6,25,5,30,NAN,NAN,NAN,NAN,NAN
2017,6,25,6,0,NAN,NAN,NAN,NAN,NAN
2017,6,25,6,30,NAN,NAN,NAN,NAN,NAN
2017,6,25,7,0,NAN,NAN,NAN,NAN,NAN
2017,6,25,7,30,NAN,NAN,NAN,NAN,NAN
2017,6,25,8,0,NAN,NAN,NAN,NAN,NAN
2017,6,25,8,30,NAN,NAN,NAN,NAN,NAN
2017,6,25,9,0,NAN,NAN,NAN,NAN,NAN
2017,6,25,9,30,NAN,NAN,NAN,NAN,NAN
2017,6,25,10,0,NAN,NAN,NAN,NAN,NAN
2017,6,25,10,30,NAN,NAN,NAN,NAN,NAN
2017,6,25,11,0,NAN,NAN,NAN,NAN,NAN
2017,6,25,11,30,NAN,NAN,NAN,NAN,NAN
2017,6,25,12,0,NAN,NAN,NAN,NAN,NAN
2017,6,25,12,30,NAN,NAN,NAN,NAN,NAN
2017,6,25,13,0,NAN,NAN,NAN,NAN,NAN
2017,6,25,13,30,NAN,NAN,NAN,NAN,NAN
2017,6,25,14,0,NAN,NAN,NAN,NAN,NAN
2017,6,25,14,30,NAN,NAN,NAN,NAN,NAN
2017,6,25,15,0,NAN,NAN,NAN,NAN,NAN
2017,6,25,15,30,NAN,NAN,NAN,NAN,NAN
2017,6,25,16,0,NAN,NAN,NAN,NAN,NAN
2017,6,25,16,30,NAN,NAN,NAN,NAN,NAN
2017,6,25,17,0,NAN,NAN,NAN,NAN,NAN
2017,6,25,17,30,NAN,NAN,NAN,NAN,NAN
2017,6,25,18,0,NAN,NAN,NAN,NAN,NAN
2017,6,25,18,30,NAN,NAN,NAN,NAN,NAN
2017,6,25,19,0,NAN,NAN,NAN,NAN,NAN
2017,6,25,19,30,NAN,NAN,NAN,NAN,NAN
2017,6,25,20,0,NAN,NAN,NAN,NAN,NAN
2017,6,25,20,30,NAN,NAN,NAN,NAN,NAN
2017,6,25,21,0,NAN,NAN,NAN,NAN,NAN
2017,6,25,21,30,NAN,NAN,NAN,NAN,NAN
2017,6,25,22,0,NAN,NAN,NAN,NAN,NAN
2017,6,25,22,30,NAN,NAN,NAN,NAN,NAN
2017,6,25,23,0,NAN,NAN,NAN,NAN,NAN
2017,6,25,23,30,NAN,NAN,NAN,NAN,NAN
2017,6,25,24,0,NAN,NAN,NAN,NAN,NAN
2017,6,26,0,30,NAN,NAN,NAN,NAN,NAN
2017,6,26,1,0,NAN,NAN,NAN,NAN,NAN
2017,6,26,1,30,NAN,NAN,NAN,NAN,NAN
2017,6,26,2,0,NAN,NAN,NAN,NAN,NAN
2017,6,26,2,30,NAN,NAN,NAN,NAN,NAN
2017,6,26,3,0,NAN,NAN,NAN,NAN,NAN
2017,6,26,3,30,NAN,NAN,NAN,NAN,NAN
2017,6,26,4,0,NAN,NAN,NAN,NAN,NAN
2017,6,26,4,30,NAN,NAN,NAN,NAN,NAN
2017,6,26,5,0,NAN,NAN,NAN,NAN,NAN
2017,6,26,5,30,NAN,NAN,NAN,NAN,NAN
2017,6,26,6,0,NAN,NAN,NAN,NAN,NAN
2017,6,26,6,30,NAN,NAN,NAN,NAN,NAN
2017,6,26,7,0,NAN,NAN,NAN,NAN,NAN
2017,6,26,7,30,NAN,NAN,NAN,NAN,NAN
2017,6,26,8,0,NAN,NAN,NAN,NAN,NAN
2017,6,26,8,30,NAN,NAN,NAN,NAN,NAN
2017,6,26,9,0,NAN,NAN,NAN,NAN,NAN
2017,6,26,9,30,NAN,NAN,NAN,NAN,NAN
2017,6,26,10,0,NAN,NAN,NAN,NAN,NAN
2017,6,26,10,30,NAN,NAN,NAN,NAN,NAN
2017,6,26,11,0,NAN,NAN,NAN,NAN,NAN
2017,6,26,11,30,NAN,NAN,NAN,NAN,NAN
2017,6,26,12,0,NAN,NAN,NAN,NAN,NAN
2017,6,26,12,30,NAN,NAN,NAN,NAN,NAN
2017,6,26,13,0,NAN,NAN,NAN,NAN,NAN
2017,6,26,13,30,NAN,NAN,NAN,NAN,NAN
2017,6,26,14,0,NAN,NAN,NAN,NAN,NAN
2017,6,26,14,30,NAN,NAN,NAN,NAN,NAN
2017,6,26,15,0,NAN,NAN,NAN,NAN,NAN
2017,6,26,15,30,NAN,NAN,NAN,NAN,NAN
2017,6,26,16,0,NAN,NAN,NAN,NAN,NAN
2017,6,26,16,30,NAN,NAN,NAN,NAN,NAN
2017,6,26,17,0,NAN,NAN,NAN,NAN,NAN
2017,6,26,17,30,NAN,NAN,NAN,NAN,NAN
2017,6,26,18,0,NAN,NAN,NAN,NAN,NAN
2017,6,26,18,30,NAN,NAN,NAN,NAN,NAN
2017,6,26,19,0,NAN,NAN,NAN,NAN,NAN
2017,6,26,19,30,NAN,NAN,NAN,NAN,NAN
2017,6,26,20,0,NAN,NAN,NAN,NAN,NAN
2017,6,26,20,30,NAN,NAN,NAN,NAN,NAN
2017,6,26,21,0,NAN,NAN,NAN,NAN,NAN
2017,6,26,21,30,NAN,NAN,NAN,NAN,NAN
2017,6,26,22,0,NAN,NAN,NAN,NAN,NAN
2017,6,26,22,30,NAN,NAN,NAN,NAN,NAN
2017,6,26,23,0,NAN,NAN,NAN,NAN,NAN
2017,6,26,23,30,NAN,NAN,NAN,NAN,NAN
2017,6,26,24,0,NAN,NAN,NAN,NAN,NAN
2017,6,27,0,30,NAN,NAN,NAN,NAN,NAN
2017,6,27,1,0,NAN,NAN,NAN,NAN,NAN
2017,6,27,1,30,NAN,NAN,NAN,NAN,NAN
2017,6,27,2,0,NAN,NAN,NAN,NAN,NAN
2017,6,27,2,30,NAN,NAN,NAN,NAN,NAN
2017,6,27,3,0,NAN,NAN,NAN,NAN,NAN
2017,6,27,3,30,NAN,NAN,NAN,NAN,NAN
2017,6,27,4,0,NAN,NAN,NAN,NAN,NAN
2017,6,27,4,30,NAN,NAN,NAN,NAN,NAN
2017,6,27,5,0,NAN,NAN,NAN,NAN,NAN
2017,6,27,5,30,NAN,NAN,NAN,NAN,NAN
2017,6,27,6,0,NAN,NAN,NAN,NAN,NAN
2017,6,27,6,30,NAN,NAN,NAN,NAN,NAN
2017,6,27,7,0,NAN,NAN,NAN,NAN,NAN
2017,6,27,7,30,NAN,NAN,NAN,NAN,NAN
2017,6,27,8,0,NAN,NAN,NAN,NAN,NAN
2017,6,27,8,30,NAN,NAN,NAN,NAN,NAN
2017,6,27,9,0,NAN,NAN,NAN,NAN,NAN
2017,6,27,9,30,NAN,NAN,NAN,NAN,NAN
2017,6,27,10,0,NAN,NAN,NAN,NAN,NAN
2017,6,27,10,30,NAN,NAN,NAN,NAN,NAN
2017,6,27,11,0,NAN,NAN,NAN,NAN,NAN
2017,6,27,11,30,NAN,NAN,NAN,NAN,NAN
2017,6,27,12,0,NAN,NAN,NAN,NAN,NAN
2017,6,27,12,30,NAN,NAN,NAN,NAN,NAN
2017,6,27,13,0,NAN,NAN,NAN,NAN,NAN
2017,6,27,13,30,NAN,NAN,NAN,NAN,NAN
2017,6,27,14,0,NAN,NAN,NAN,NAN,NAN
2017,6,27,14,30,NAN,NAN,NAN,NAN,NAN
2017,6,27,15,0,NAN,NAN,NAN,NAN,NAN
2017,6,27,15,30,NAN,NAN,NAN,NAN,NAN
2017,6,27,16,0,NAN,NAN,NAN,NAN,NAN
2017,6,27,16,30,NAN,NAN,NAN,NAN,NAN
2017,6,27,17,0,NAN,NAN,NAN,NAN,NAN
2017,6,27,17,30,NAN,NAN,NAN,NAN,NAN
2017,6,27,18,0,NAN,NAN,NAN,NAN,NAN
2017,6,27,18,30,NAN,NAN,NAN,NAN,NAN
2017,6,27,19,0,NAN,NAN,NAN,NAN,NAN
2017,6,27,19,30,NAN,NAN,NAN,NAN,NAN
2017,6,27,20,0,NAN,NAN,NAN,NAN,NAN
2017,6,27,20,30,NAN,NAN,NAN,NAN,NAN
2017,6,27,21,0,NAN,NAN,NAN,NAN,NAN
2017,6,27,21,30,NAN,NAN,NAN,NAN,NAN
2017,6,27,22,0,NAN,NAN,NAN,NAN,NAN
2017,6,27,22,30,NAN,NAN,NAN,NAN,NAN
2017,6,27,23,0,NAN,NAN,NAN,NAN,NAN
2017,6,27,23,30,NAN,NAN,NAN,NAN,NAN
2017,6,27,24,0,NAN,NAN,NAN,NAN,NAN
2017,6,28,0,30,NAN,NAN,NAN,NAN,NAN
2017,6,28,1,0,NAN,NAN,NAN,NAN,NAN
2017,6,28,1,30,NAN,NAN,NAN,NAN,NAN
2017,6,28,2,0,NAN,NAN,NAN,NAN,NAN
2017,6,28,2,30,NAN,NAN,NAN,NAN,NAN
2017,6,28,3,0,NAN,NAN,NAN,NAN,NAN
2017,6,28,3,30,NAN,NAN,NAN,NAN,NAN
2017,6,28,4,0,NAN,NAN,NAN,NAN,NAN
2017,6,28,4,30,NAN,NAN,NAN,NAN,NAN
2017,6,28,5,0,NAN,NAN,NAN,NAN,NAN
2017,6,28,5,30,NAN,NAN,NAN,NAN,NAN
2017,6,28,6,0,NAN,NAN,NAN,NAN,NAN
2017,6,28,6,30,NAN,NAN,NAN,NAN,NAN
2017,6,28,7,0,NAN,NAN,NAN,NAN,NAN
2017,6,28,7,30,NAN,NAN,NAN,NAN,NAN
2017,6,28,8,0,NAN,NAN,NAN,NAN,NAN
2017,6,28,8,30,NAN,NAN,NAN,NAN,NAN
2017,6,28,9,0,NAN,NAN,NAN,NAN,NAN
2017,6,28,9,30,NAN,NAN,NAN,NAN,NAN
2017,6,28,10,0,NAN,NAN,NAN,NAN,NAN
2017,6,28,10,30,NAN,NAN,NAN,NAN,NAN
2017,6,28,11,0,NAN,NAN,NAN,NAN,NAN
2017,6,28,11,30,NAN,NAN,NAN,NAN,NAN
2017,6,28,12,0,NAN,NAN,NAN,NAN,NAN
2017,6,28,12,30,NAN,NAN,NAN,NAN,NAN
2017,6,28,13,0,NAN,NAN,NAN,NAN,NAN
2017,6,28,13,30,NAN,NAN,NAN,NAN,NAN
2017,6,28,14,0,NAN,NAN,NAN,NAN,NAN
2017,6,28,14,30,NAN,NAN,NAN,NAN,NAN
2017,6,28,15,0,NAN,NAN,NAN,NAN,NAN
2017,6,28,15,30,NAN,NAN,NAN,NAN,NAN
2017,6,28,16,0,NAN,NAN,NAN,NAN,NAN
2017,6,28,16,30,NAN,NAN,NAN,NAN,NAN
2017,6,28,17,0,NAN,NAN,NAN,NAN,NAN
2017,6,28,17,30,NAN,NAN,NAN,NAN,NAN
2017,6,28,18,0,NAN,NAN,NAN,NAN,NAN
2017,6,28,18,30,NAN,NAN,NAN,NAN,NAN
2017,6,28,19,0,NAN,NAN,NAN,NAN,NAN
2017,6,28,19,30,NAN,NAN,NAN,NAN,NAN
2017,6,28,20,0,NAN,NAN,NAN,NAN,NAN
2017,6,28,20,30,NAN,NAN,NAN,NAN,NAN
2017,6,28,21,0,NAN,NAN,NAN,NAN,NAN
2017,6,28,21,30,NAN,NAN,NAN,NAN,NAN
2017,6,28,22,0,NAN,NAN,NAN,NAN,NAN
2017,6,28,22,30,NAN,NAN,NAN,NAN,NAN
2017,6,28,23,0,NAN,NAN,NAN,NAN,NAN
2017,6,28,23,30,NAN,NAN,NAN,NAN,NAN
2017,6,28,24,0,NAN,NAN,NAN,NAN,NAN
2017,6,29,0,30,NAN,NAN,NAN,NAN,NAN
2017,6,29,1,0,NAN,NAN,NAN,NAN,NAN
2017,6,29,1,30,NAN,NAN,NAN,NAN,NAN
2017,6,29,2,0,NAN,NAN,NAN,NAN,NAN
2017,6,29,2,30,NAN,NAN,NAN,NAN,NAN
2017,6,29,3,0,NAN,NAN,NAN,NAN,NAN
2017,6,29,3,30,NAN,NAN,NAN,NAN,NAN
2017,6,29,4,0,NAN,NAN,NAN,NAN,NAN
2017,6,29,4,30,NAN,NAN,NAN,NAN,NAN
2017,6,29,5,0,NAN,NAN,NAN,NAN,NAN
2017,6,29,5,30,NAN,NAN,NAN,NAN,NAN
2017,6,29,6,0,NAN,NAN,NAN,NAN,NAN
2017,6,29,6,30,NAN,NAN,NAN,NAN,NAN
2017,6,29,7,0,NAN,NAN,NAN,NAN,NAN
2017,6,29,7,30,NAN,NAN,NAN,NAN,NAN
2017,6,29,8,0,NAN,NAN,NAN,NAN,NAN
2017,6,29,8,30,NAN,NAN,NAN,NAN,NAN
2017,6,29,9,0,NAN,NAN,NAN,NAN,NAN
2017,6,29,9,30,NAN,NAN,NAN,NAN,NAN
2017,6,29,10,0,NAN,NAN,NAN,NAN,NAN
2017,6,29,10,30,NAN,NAN,NAN,NAN,NAN
2017,6,29,11,0,NAN,NAN,NAN,NAN,NAN
2017,6,29,11,30,NAN,NAN,NAN,NAN,NAN
2017,6,29,12,0,NAN,NAN,NAN,NAN,NAN
2017,6,29,12,30,NAN,NAN,NAN,NAN,NAN
2017,6,29,13,0,NAN,NAN,NAN,NAN,NAN
2017,6,29,13,30,NAN,NAN,NAN,NAN,NAN
2017,6,29,14,0,NAN,NAN,NAN,NAN,NAN
2017,6,29,14,30,NAN,NAN,NAN,NAN,NAN
2017,6,29,15,0,NAN,NAN,NAN,NAN,NAN
2017,6,29,15,30,NAN,NAN,NAN,NAN,NAN
2017,6,29,16,0,NAN,NAN,NAN,NAN,NAN
2017,6,29,16,30,NAN,NAN,NAN,NAN,NAN
2017,6,29,17,0,NAN,NAN,NAN,NAN,NAN
2017,6,29,17,30,NAN,NAN,NAN,NAN,NAN
2017,6,29,18,0,NAN,NAN,NAN,NAN,NAN
2017,6,29,18,30,NAN,NAN,NAN,NAN,NAN
2017,6,29,19,0,NAN,NAN,NAN,NAN,NAN
2017,6,29,19,30,NAN,NAN,NAN,NAN,NAN
2017,6,29,20,0,NAN,NAN,NAN,NAN,NAN
2017,6,29,20,30,NAN,NAN,NAN,NAN,NAN
2017,6,29,21,0,NAN,NAN,NAN,NAN,NAN
2017,6,29,21,30,NAN,NAN,NAN,NAN,NAN
2017,6,29,22,0,NAN,NAN,NAN,NAN,NAN
2017,6,29,22,30,NAN,NAN,NAN,NAN,NAN
2017,6,29,23,0,NAN,NAN,NAN,NAN,NAN
2017,6,29,23,30,NAN,NAN,NAN,NAN,NAN
2017,6,29,24,0,NAN,NAN,NAN,NAN,NAN
2017,6,30,0,30,NAN,NAN,NAN,NAN,NAN
2017,6,30,1,0,NAN,NAN,NAN,NAN,NAN
2017,6,30,1,30,NAN,NAN,NAN,NAN,NAN
2017,6,30,2,0,NAN,NAN,NAN,NAN,NAN
2017,6,30,2,30,NAN,NAN,NAN,NAN,NAN
2017,6,30,3,0,NAN,NAN,NAN,NAN,NAN
2017,6,30,3,30,NAN,NAN,NAN,NAN,NAN
2017,6,30,4,0,NAN,NAN,NAN,NAN,NAN
2017,6,30,4,30,NAN,NAN,NAN,NAN,NAN
2017,6,30,5,0,NAN,NAN,NAN,NAN,NAN
2017,6,30,5,30,NAN,NAN,NAN,NAN,NAN
2017,6,30,6,0,NAN,NAN,NAN,NAN,NAN
2017,6,30,6,30,NAN,NAN,NAN,NAN,NAN
2017,6,30,7,0,NAN,NAN,NAN,NAN,NAN
2017,6,30,7,30,NAN,NAN,NAN,NAN,NAN
2017,6,30,8,0,NAN,NAN,NAN,NAN,NAN
2017,6,30,8,30,NAN,NAN,NAN,NAN,NAN
2017,6,30,9,0,NAN,NAN,NAN,NAN,NAN
2017,6,30,9,30,NAN,NAN,NAN,NAN,NAN
2017,6,30,10,0,NAN,NAN,NAN,NAN,NAN
2017,6,30,10,30,NAN,NAN,NAN,NAN,NAN
2017,6,30,11,0,NAN,NAN,NAN,NAN,NAN
2017,6,30,11,30,NAN,NAN,NAN,NAN,NAN
2017,6,30,12,0,NAN,NAN,NAN,NAN,NAN
2017,6,30,12,30,NAN,NAN,NAN,NAN,NAN
2017,6,30,13,0,NAN,NAN,NAN,NAN,NAN
2017,6,30,13,30,NAN,NAN,NAN,NAN,NAN
2017,6,30,14,0,NAN,NAN,NAN,NAN,NAN
2017,6,30,14,30,NAN,NAN,NAN,NAN,NAN
2017,6,30,15,0,NAN,NAN,NAN,NAN,NAN
2017,6,30,15,30,NAN,NAN,NAN,NAN,NAN
2017,6,30,16,0,NAN,NAN,NAN,NAN,NAN
2017,6,30,16,30,NAN,NAN,NAN,NAN,NAN
2017,6,30,17,0,NAN,NAN,NAN,NAN,NAN
2017,6,30,17,30,NAN,NAN,NAN,NAN,NAN
2017,6,30,18,0,NAN,NAN,NAN,NAN,NAN
2017,6,30,18,30,NAN,NAN,NAN,NAN,NAN
2017,6,30,19,0,NAN,NAN,NAN,NAN,NAN
2017,6,30,19,30,NAN,NAN,NAN,NAN,NAN
2017,6,30,20,0,NAN,NAN,NAN,NAN,NAN
2017,6,30,20,30,NAN,NAN,NAN,NAN,NAN
2017,6,30,21,0,NAN,NAN,NAN,NAN,NAN
2017,6,30,21,30,NAN,NAN,NAN,NAN,NAN
2017,6,30,22,0,NAN,NAN,NAN,NAN,NAN
2017,6,30,22,30,NAN,NAN,NAN,NAN,NAN
2017,6,30,23,0,NAN,NAN,NAN,NAN,NAN
2017,6,30,23,30,NAN,NAN,NAN,NAN,NAN
2017,6,30,24,0,NAN,NAN,NAN,NAN,NAN
2017,7,1,0,30,NAN,NAN,NAN,NAN,NAN
2017,7,1,1,0,NAN,NAN,NAN,NAN,NAN
2017,7,1,1,30,NAN,NAN,NAN,NAN,NAN
2017,7,1,2,0,NAN,NAN,NAN,NAN,NAN
2017,7,1,2,30,NAN,NAN,NAN,NAN,NAN
2017,7,1,3,0,NAN,NAN,NAN,NAN,NAN
2017,7,1,3,30,NAN,NAN,NAN,NAN,NAN
2017,7,1,4,0,NAN,NAN,NAN,NAN,NAN
2017,7,1,4,30,NAN,NAN,NAN,NAN,NAN
2017,7,1,5,0,NAN,NAN,NAN,NAN,NAN
2017,7,1,5,30,NAN,NAN,NAN,NAN,NAN
2017,7,1,6,0,NAN,NAN,NAN,NAN,NAN
2017,7,1,6,30,NAN,NAN,NAN,NAN,NAN
2017,7,1,7,0,NAN,NAN,NAN,NAN,NAN
2017,7,1,7,30,NAN,NAN,NAN,NAN,NAN
2017,7,1,8,0,NAN,NAN,NAN,NAN,NAN
2017,7,1,8,30,NAN,NAN,NAN,NAN,NAN
2017,7,1,9,0,NAN,NAN,NAN,NAN,NAN
2017,7,1,9,30,NAN,NAN,NAN,NAN,NAN
2017,7,1,10,0,NAN,NAN,NAN,NAN,NAN
2017,7,1,10,30,NAN,NAN,NAN,NAN,NAN
2017,7,1,11,0,NAN,NAN,NAN,NAN,NAN
2017,7,1,11,30,NAN,NAN,NAN,NAN,NAN
2017,7,1,12,0,NAN,NAN,NAN,NAN,NAN
2017,7,1,12,30,NAN,NAN,NAN,NAN,NAN
2017,7,1,13,0,NAN,NAN,NAN,NAN,NAN
2017,7,1,13,30,NAN,NAN,NAN,NAN,NAN
2017,7,1,14,0,NAN,NAN,NAN,NAN,NAN
2017,7,1,14,30,NAN,NAN,NAN,NAN,NAN
2017,7,1,15,0,NAN,NAN,NAN,NAN,NAN
2017,7,1,15,30,NAN,NAN,NAN,NAN,NAN
2017,7,1,16,0,NAN,NAN,NAN,NAN,NAN
2017,7,1,16,30,NAN,NAN,NAN,NAN,NAN
2017,7,1,17,0,NAN,NAN,NAN,NAN,NAN
2017,7,1,17,30,NAN,NAN,NAN,NAN,NAN
2017,7,1,18,0,NAN,NAN,NAN,NAN,NAN
2017,7,1,18,30,NAN,NAN,NAN,NAN,NAN
2017,7,1,19,0,NAN,NAN,NAN,NAN,NAN
2017,7,1,19,30,NAN,NAN,NAN,NAN,NAN
2017,7,1,20,0,NAN,NAN,NAN,NAN,NAN
2017,7,1,20,30,NAN,NAN,NAN,NAN,NAN
2017,7,1,21,0,NAN,NAN,NAN,NAN,NAN
2017,7,1,21,30,NAN,NAN,NAN,NAN,NAN
2017,7,1,22,0,NAN,NAN,NAN,NAN,NAN
2017,7,1,22,30,NAN,NAN,NAN,NAN,NAN
2017,7,1,23,0,NAN,NAN,NAN,NAN,NAN
2017,7,1,23,30,NAN,NAN,NAN,NAN,NAN
2017,7,1,24,0,NAN,NAN,NAN,NAN,NAN
2017,7,2,0,30,NAN,NAN,NAN,NAN,NAN
2017,7,2,1,0,NAN,NAN,NAN,NAN,NAN
2017,7,2,1,30,NAN,NAN,NAN,NAN,NAN
2017,7,2,2,0,NAN,NAN,NAN,NAN,NAN
2017,7,2,2,30,NAN,NAN,NAN,NAN,NAN
2017,7,2,3,0,NAN,NAN,NAN,NAN,NAN
2017,7,2,3,30,NAN,NAN,NAN,NAN,NAN
2017,7,2,4,0,NAN,NAN,NAN,NAN,NAN
2017,7,2,4,30,NAN,NAN,NAN,NAN,NAN
2017,7,2,5,0,NAN,NAN,NAN,NAN,NAN
2017,7,2,5,30,NAN,NAN,NAN,NAN,NAN
2017,7,2,6,0,NAN,NAN,NAN,NAN,NAN
2017,7,2,6,30,NAN,NAN,NAN,NAN,NAN
2017,7,2,7,0,NAN,NAN,NAN,NAN,NAN
2017,7,2,7,30,NAN,NAN,NAN,NAN,NAN
2017,7,2,8,0,NAN,NAN,NAN,NAN,NAN
2017,7,2,8,30,NAN,NAN,NAN,NAN,NAN
2017,7,2,9,0,NAN,NAN,NAN,NAN,NAN
2017,7,2,9,30,NAN,NAN,NAN,NAN,NAN
2017,7,2,10,0,NAN,NAN,NAN,NAN,NAN
2017,7,2,10,30,NAN,NAN,NAN,NAN,NAN
2017,7,2,11,0,NAN,NAN,NAN,NAN,NAN
2017,7,2,11,30,NAN,NAN,NAN,NAN,NAN
2017,7,2,12,0,NAN,NAN,NAN,NAN,NAN
2017,7,2,12,30,NAN,NAN,NAN,NAN,NAN
2017,7,2,13,0,NAN,NAN,NAN,NAN,NAN
2017,7,2,13,30,NAN,NAN,NAN,NAN,NAN
2017,7,2,14,0,NAN,NAN,NAN,NAN,NAN
2017,7,2,14,30,NAN,NAN,NAN,NAN,NAN
2017,7,2,15,0,NAN,NAN,NAN,NAN,NAN
2017,7,2,15,30,NAN,NAN,NAN,NAN,NAN
2017,7,2,16,0,NAN,NAN,NAN,NAN,NAN
2017,7,2,16,30,NAN,NAN,NAN,NAN,NAN
2017,7,2,17,0,NAN,NAN,NAN,NAN,NAN
2017,7,2,17,30,NAN,NAN,NAN,NAN,NAN
2017,7,2,18,0,NAN,NAN,NAN,NAN,NAN
2017,7,2,18,30,NAN,NAN,NAN,NAN,NAN
2017,7,2,19,0,NAN,NAN,NAN,NAN,NAN
2017,7,2,19,30,NAN,NAN,NAN,NAN,NAN
2017,7,2,20,0,NAN,NAN,NAN,NAN,NAN
2017,7,2,20,30,NAN,NAN,NAN,NAN,NAN
2017,7,2,21,0,NAN,NAN,NAN,NAN,NAN
2017,7,2,21,30,NAN,NAN,NAN,NAN,NAN
2017,7,2,22,0,NAN,NAN,NAN,NAN,NAN
2017,7,2,22,30,NAN,NAN,NAN,NAN,NAN
2017,7,2,23,0,NAN,NAN,NAN,NAN,NAN
2017,7,2,23,30,NAN,NAN,NAN,NAN,NAN
2017,7,2,24,0,NAN,NAN,NAN,NAN,NAN
2017,7,3,0,30,NAN,NAN,NAN,NAN,NAN
2017,7,3,1,0,NAN,NAN,NAN,NAN,NAN
2017,7,3,1,30,NAN,NAN,NAN,NAN,NAN
2017,7,3,2,0,NAN,NAN,NAN,NAN,NAN
2017,7,3,2,30,NAN,NAN,NAN,NAN,NAN
2017,7,3,3,0,NAN,NAN,NAN,NAN,NAN
2017,7,3,3,30,NAN,NAN,NAN,NAN,NAN
2017,7,3,4,0,NAN,NAN,NAN,NAN,NAN
2017,7,3,4,30,NAN,NAN,NAN,NAN,NAN
2017,7,3,5,0,NAN,NAN,NAN,NAN,NAN
2017,7,3,5,30,NAN,NAN,NAN,NAN,NAN
2017,7,3,6,0,NAN,NAN,NAN,NAN,NAN
2017,7,3,6,30,NAN,NAN,NAN,NAN,NAN
2017,7,3,7,0,NAN,NAN,NAN,NAN,NAN
2017,7,3,7,30,NAN,NAN,NAN,NAN,NAN
2017,7,3,8,0,NAN,NAN,NAN,NAN,NAN
2017,7,3,8,30,NAN,NAN,NAN,NAN,NAN
2017,7,3,9,0,NAN,NAN,NAN,NAN,NAN
2017,7,3,9,30,NAN,NAN,NAN,NAN,NAN
2017,7,3,10,0,NAN,NAN,NAN,NAN,NAN
2017,7,3,10,30,NAN,NAN,NAN,NAN,NAN
2017,7,3,11,0,NAN,NAN,NAN,NAN,NAN
2017,7,3,11,30,NAN,NAN,NAN,NAN,NAN
2017,7,3,12,0,NAN,NAN,NAN,NAN,NAN
2017,7,3,12,30,NAN,NAN,NAN,NAN,NAN
2017,7,3,13,0,NAN,NAN,NAN,NAN,NAN
2017,7,3,13,30,NAN,NAN,NAN,NAN,NAN
2017,7,3,14,0,NAN,NAN,NAN,NAN,NAN
2017,7,3,14,30,NAN,NAN,NAN,NAN,NAN
2017,7,3,15,0,NAN,NAN,NAN,NAN,NAN
2017,7,3,15,30,NAN,NAN,NAN,NAN,NAN
2017,7,3,16,0,NAN,NAN,NAN,NAN,NAN
2017,7,3,16,30,NAN,NAN,NAN,NAN,NAN
2017,7,3,17,0,NAN,NAN,NAN,NAN,NAN
2017,7,3,17,30,NAN,NAN,NAN,NAN,NAN
2017,7,3,18,0,NAN,NAN,NAN,NAN,NAN
2017,7,3,18,30,NAN,NAN,NAN,NAN,NAN
2017,7,3,19,0,NAN,NAN,NAN,NAN,NAN
2017,7,3,19,30,NAN,NAN,NAN,NAN,NAN
2017,7,3,20,0,NAN,NAN,NAN,NAN,NAN
2017,7,3,20,30,NAN,NAN,NAN,NAN,NAN
2017,7,3,21,0,NAN,NAN,NAN,NAN,NAN
2017,7,3,21,30,NAN,NAN,NAN,NAN,NAN
2017,7,3,22,0,NAN,NAN,NAN,NAN,NAN
2017,7,3,22,30,NAN,NAN,NAN,NAN,NAN
2017,7,3,23,0,NAN,NAN,NAN,NAN,NAN
2017,7,3,23,30,NAN,NAN,NAN,NAN,NAN
2017,7,3,24,0,NAN,NAN,NAN,NAN,NAN
2017,7,4,0,30,NAN,NAN,NAN,NAN,NAN
2017,7,4,1,0,NAN,NAN,NAN,NAN,NAN
2017,7,4,1,30,NAN,NAN,NAN,NAN,NAN
2017,7,4,2,0,NAN,NAN,NAN,NAN,NAN
2017,7,4,2,30,NAN,NAN,NAN,NAN,NAN
2017,7,4,3,0,NAN,NAN,NAN,NAN,NAN
2017,7,4,3,30,NAN,NAN,NAN,NAN,NAN
2017,7,4,4,0,NAN,NAN,NAN,NAN,NAN
2017,7,4,4,30,NAN,NAN,NAN,NAN,NAN
2017,7,4,5,0,NAN,NAN,NAN,NAN,NAN
2017,7,4,5,30,NAN,NAN,NAN,NAN,NAN
2017,7,4,6,0,NAN,NAN,NAN,NAN,NAN
2017,7,4,6,30,NAN,NAN,NAN,NAN,NAN
2017,7,4,7,0,NAN,NAN,NAN,NAN,NAN
2017,7,4,7,30,NAN,NAN,NAN,NAN,NAN
2017,7,4,8,0,NAN,NAN,NAN,NAN,NAN
2017,7,4,8,30,NAN,NAN,NAN,NAN,NAN
2017,7,4,9,0,NAN,NAN,NAN,NAN,NAN
2017,7,4,9,30,NAN,NAN,NAN,NAN,NAN
2017,7,4,10,0,NAN,NAN,NAN,NAN,NAN
2017,7,4,10,30,NAN,NAN,NAN,NAN,NAN
2017,7,4,11,0,NAN,NAN,NAN,NAN,NAN
2017,7,4,11,30,NAN,NAN,NAN,NAN,NAN
2017,7,4,12,0,NAN,NAN,NAN,NAN,NAN
2017,7,4,12,30,NAN,NAN,NAN,NAN,NAN
2017,7,4,13,0,NAN,NAN,NAN,NAN,NAN
2017,7,4,13,30,NAN,NAN,NAN,NAN,NAN
2017,7,4,14,0,NAN,NAN,NAN,NAN,NAN
2017,7,4,14,30,NAN,NAN,NAN,NAN,NAN
2017,7,4,15,0,NAN,NAN,NAN,NAN,NAN
2017,7,4,15,30,NAN,NAN,NAN,NAN,NAN
2017,7,4,16,0,NAN,NAN,NAN,NAN,NAN
2017,7,4,16,30,NAN,NAN,NAN,NAN,NAN
2017,7,4,17,0,NAN,NAN,NAN,NAN,NAN
2017,7,4,17,30,NAN,NAN,NAN,NAN,NAN
2017,7,4,18,0,NAN,NAN,NAN,NAN,NAN
2017,7,4,18,30,NAN,NAN,NAN,NAN,NAN
2017,7,4,19,0,NAN,NAN,NAN,NAN,NAN
2017,7,4,19,30,NAN,NAN,NAN,NAN,NAN
2017,7,4,20,0,NAN,NAN,NAN,NAN,NAN
2017,7,4,20,30,NAN,NAN,NAN,NAN,NAN
2017,7,4,21,0,NAN,NAN,NAN,NAN,NAN
2017,7,4,21,30,NAN,NAN,NAN,NAN,NAN
2017,7,4,22,0,NAN,NAN,NAN,NAN,NAN
2017,7,4,22,30,NAN,NAN,NAN,NAN,NAN
2017,7,4,23,0,NAN,NAN,NAN,NAN,NAN
2017,7,4,23,30,NAN,NAN,NAN,NAN,NAN
2017,7,4,24,0,NAN,NAN,NAN,NAN,NAN
2017,7,5,0,30,NAN,NAN,NAN,NAN,NAN
2017,7,5,1,0,NAN,NAN,NAN,NAN,NAN
2017,7,5,1,30,NAN,NAN,NAN,NAN,NAN
2017,7,5,2,0,NAN,NAN,NAN,NAN,NAN
2017,7,5,2,30,NAN,NAN,NAN,NAN,NAN
2017,7,5,3,0,NAN,NAN,NAN,NAN,NAN
2017,7,5,3,30,NAN,NAN,NAN,NAN,NAN
2017,7,5,4,0,NAN,NAN,NAN,NAN,NAN
2017,7,5,4,30,NAN,NAN,NAN,NAN,NAN
2017,7,5,5,0,NAN,NAN,NAN,NAN,NAN
2017,7,5,5,30,NAN,NAN,NAN,NAN,NAN
2017,7,5,6,0,NAN,NAN,NAN,NAN,NAN
2017,7,5,6,30,NAN,NAN,NAN,NAN,NAN
2017,7,5,7,0,NAN,NAN,NAN,NAN,NAN
2017,7,5,7,30,NAN,NAN,NAN,NAN,NAN
2017,7,5,8,0,NAN,NAN,NAN,NAN,NAN
2017,7,5,8,30,NAN,NAN,NAN,NAN,NAN
2017,7,5,9,0,NAN,NAN,NAN,NAN,NAN
2017,7,5,9,30,NAN,NAN,NAN,NAN,NAN
2017,7,5,10,0,NAN,NAN,NAN,NAN,NAN
2017,7,5,10,30,NAN,NAN,NAN,NAN,NAN
2017,7,5,11,0,NAN,NAN,NAN,NAN,NAN
2017,7,5,11,30,NAN,NAN,NAN,NAN,NAN
2017,7,5,12,0,NAN,NAN,NAN,NAN,NAN
2017,7,5,12,30,NAN,NAN,NAN,NAN,NAN
2017,7,5,13,0,NAN,NAN,NAN,NAN,NAN
2017,7,5,13,30,NAN,NAN,NAN,NAN,NAN
2017,7,5,14,0,NAN,NAN,NAN,NAN,NAN
2017,7,5,14,30,NAN,NAN,NAN,NAN,NAN
2017,7,5,15,0,NAN,NAN,NAN,NAN,NAN
2017,7,5,15,30,NAN,NAN,NAN,NAN,NAN
2017,7,5,16,0,NAN,NAN,NAN,NAN,NAN
2017,7,5,16,30,NAN,NAN,NAN,NAN,NAN
2017,7,5,17,0,NAN,NAN,NAN,NAN,NAN
2017,7,5,17,30,NAN,NAN,NAN,NAN,NAN
2017,7,5,18,0,NAN,NAN,NAN,NAN,NAN
2017,7,5,18,30,NAN,NAN,NAN,NAN,NAN
2017,7,5,19,0,NAN,NAN,NAN,NAN,NAN
2017,7,5,19,30,NAN,NAN,NAN,NAN,NAN
2017,7,5,20,0,NAN,NAN,NAN,NAN,NAN
2017,7,5,20,30,NAN,NAN,NAN,NAN,NAN
2017,7,5,21,0,NAN,NAN,NAN,NAN,NAN
2017,7,5,21,30,NAN,NAN,NAN,NAN,NAN
2017,7,5,22,0,NAN,NAN,NAN,NAN,NAN
2017,7,5,22,30,NAN,NAN,NAN,NAN,NAN
2017,7,5,23,0,NAN,NAN,NAN,NAN,NAN
2017,7,5,23,30,NAN,NAN,NAN,NAN,NAN
2017,7,5,24,0,NAN,NAN,NAN,NAN,NAN
2017,7,6,0,30,NAN,NAN,NAN,NAN,NAN
2017,7,6,1,0,NAN,NAN,NAN,NAN,NAN
2017,7,6,1,30,NAN,NAN,NAN,NAN,NAN
2017,7,6,2,0,NAN,NAN,NAN,NAN,NAN
2017,7,6,2,30,NAN,NAN,NAN,NAN,NAN
2017,7,6,3,0,NAN,NAN,NAN,NAN,NAN
2017,7,6,3,30,NAN,NAN,NAN,NAN,NAN
2017,7,6,4,0,NAN,NAN,NAN,NAN,NAN
2017,7,6,4,30,NAN,NAN,NAN,NAN,NAN
2017,7,6,5,0,NAN,NAN,NAN,NAN,NAN
2017,7,6,5,30,NAN,NAN,NAN,NAN,NAN
2017,7,6,6,0,NAN,NAN,NAN,NAN,NAN
2017,7,6,6,30,NAN,NAN,NAN,NAN,NAN
2017,7,6,7,0,NAN,NAN,NAN,NAN,NAN
2017,7,6,7,30,NAN,NAN,NAN,NAN,NAN
2017,7,6,8,0,NAN,NAN,NAN,NAN,NAN
2017,7,6,8,30,NAN,NAN,NAN,NAN,NAN
2017,7,6,9,0,NAN,NAN,NAN,NAN,NAN
2017,7,6,9,30,NAN,NAN,NAN,NAN,NAN
2017,7,6,10,0,NAN,NAN,NAN,NAN,NAN
2017,7,6,10,30,NAN,NAN,NAN,NAN,NAN
2017,7,6,11,0,NAN,NAN,NAN,NAN,NAN
2017,7,6,11,30,NAN,NAN,NAN,NAN,NAN
2017,7,6,12,0,NAN,NAN,NAN,NAN,NAN
2017,7,6,12,30,NAN,NAN,NAN,NAN,NAN
2017,7,6,13,0,NAN,NAN,NAN,NAN,NAN
2017,7,6,13,30,NAN,NAN,NAN,NAN,NAN
2017,7,6,14,0,NAN,NAN,NAN,NAN,NAN
2017,7,6,14,30,NAN,NAN,NAN,NAN,NAN
2017,7,6,15,0,NAN,NAN,NAN,NAN,NAN
2017,7,6,15,30,NAN,NAN,NAN,NAN,NAN
2017,7,6,16,0,NAN,NAN,NAN,NAN,NAN
2017,7,6,16,30,NAN,NAN,NAN,NAN,NAN
2017,7,6,17,0,NAN,NAN,NAN,NAN,NAN
2017,7,6,17,30,NAN,NAN,NAN,NAN,NAN
2017,7,6,18,0,NAN,NAN,NAN,NAN,NAN
2017,7,6,18,30,NAN,NAN,NAN,NAN,NAN
2017,7,6,19,0,NAN,NAN,NAN,NAN,NAN
2017,7,6,19,30,NAN,NAN,NAN,NAN,NAN
2017,7,6,20,0,NAN,NAN,NAN,NAN,NAN
2017,7,6,20,30,NAN,NAN,NAN,NAN,NAN
2017,7,6,21,0,NAN,NAN,NAN,NAN,NAN
2017,7,6,21,30,NAN,NAN,NAN,NAN,NAN
2017,7,6,22,0,NAN,NAN,NAN,NAN,NAN
2017,7,6,22,30,NAN,NAN,NAN,NAN,NAN
2017,7,6,23,0,NAN,NAN,NAN,NAN,NAN
2017,7,6,23,30,NAN,NAN,NAN,NAN,NAN
2017,7,6,24,0,NAN,NAN,NAN,NAN,NAN
2017,7,7,0,30,NAN,NAN,NAN,NAN,NAN
2017,7,7,1,0,NAN,NAN,NAN,NAN,NAN
2017,7,7,1,30,NAN,NAN,NAN,NAN,NAN
2017,7,7,2,0,NAN,NAN,NAN,NAN,NAN
2017,7,7,2,30,NAN,NAN,NAN,NAN,NAN
2017,7,7,3,0,NAN,NAN,NAN,NAN,NAN
2017,7,7,3,30,NAN,NAN,NAN,NAN,NAN
2017,7,7,4,0,NAN,NAN,NAN,NAN,NAN
2017,7,7,4,30,NAN,NAN,NAN,NAN,NAN
2017,7,7,5,0,NAN,NAN,NAN,NAN,NAN
2017,7,7,5,30,NAN,NAN,NAN,NAN,NAN
2017,7,7,6,0,NAN,NAN,NAN,NAN,NAN
2017,7,7,6,30,NAN,NAN,NAN,NAN,NAN
2017,7,7,7,0,NAN,NAN,NAN,NAN,NAN
2017,7,7,7,30,NAN,NAN,NAN,NAN,NAN
2017,7,7,8,0,NAN,NAN,NAN,NAN,NAN
2017,7,7,8,30,NAN,NAN,NAN,NAN,NAN
2017,7,7,9,0,NAN,NAN,NAN,NAN,NAN
2017,7,7,9,30,NAN,NAN,NAN,NAN,NAN
2017,7,7,10,0,NAN,NAN,NAN,NAN,NAN
2017,7,7,10,30,NAN,NAN,NAN,NAN,NAN
2017,7,7,11,0,NAN,NAN,NAN,NAN,NAN
2017,7,7,11,30,NAN,NAN,NAN,NAN,NAN
2017,7,7,12,0,NAN,NAN,NAN,NAN,NAN
2017,7,7,12,30,NAN,NAN,NAN,NAN,NAN
2017,7,7,13,0,NAN,NAN,NAN,NAN,NAN
2017,7,7,13,30,NAN,NAN,NAN,NAN,NAN
2017,7,7,14,0,NAN,NAN,NAN,NAN,NAN
2017,7,7,14,30,NAN,NAN,NAN,NAN,NAN
2017,7,7,15,0,NAN,NAN,NAN,NAN,NAN
2017,7,7,15,30,NAN,NAN,NAN,NAN,NAN
2017,7,7,16,0,NAN,NAN,NAN,NAN,NAN
2017,7,7,16,30,NAN,NAN,NAN,NAN,NAN
2017,7,7,17,0,NAN,NAN,NAN,NAN,NAN
2017,7,7,17,30,NAN,NAN,NAN,NAN,NAN
2017,7,7,18,0,NAN,NAN,NAN,NAN,NAN
2017,7,7,18,30,NAN,NAN,NAN,NAN,NAN
2017,7,7,19,0,NAN,NAN,NAN,NAN,NAN
2017,7,7,19,30,NAN,NAN,NAN,NAN,NAN
2017,7,7,20,0,NAN,NAN,NAN,NAN,NAN
2017,7,7,20,30,NAN,NAN,NAN,NAN,NAN
2017,7,7,21,0,NAN,NAN,NAN,NAN,NAN
2017,7,7,21,30,NAN,NAN,NAN,NAN,NAN
2017,7,7,22,0,NAN,NAN,NAN,NAN,NAN
2017,7,7,22,30,NAN,NAN,NAN,NAN,NAN
2017,7,7,23,0,NAN,NAN,NAN,NAN,NAN
2017,7,7,23,30,NAN,NAN,NAN,NAN,NAN
2017,7,7,24,0,NAN,NAN,NAN,NAN,NAN
2017,7,8,0,30,NAN,NAN,NAN,NAN,NAN
2017,7,8,1,0,NAN,NAN,NAN,NAN,NAN
2017,7,8,1,30,NAN,NAN,NAN,NAN,NAN
2017,7,8,2,0,NAN,NAN,NAN,NAN,NAN
2017,7,8,2,30,NAN,NAN,NAN,NAN,NAN
2017,7,8,3,0,NAN,NAN,NAN,NAN,NAN
2017,7,8,3,30,NAN,NAN,NAN,NAN,NAN
2017,7,8,4,0,NAN,NAN,NAN,NAN,NAN
2017,7,8,4,30,NAN,NAN,NAN,NAN,NAN
2017,7,8,5,0,NAN,NAN,NAN,NAN,NAN
2017,7,8,5,30,NAN,NAN,NAN,NAN,NAN
2017,7,8,6,0,NAN,NAN,NAN,NAN,NAN
2017,7,8,6,30,NAN,NAN,NAN,NAN,NAN
2017,7,8,7,0,NAN,NAN,NAN,NAN,NAN
2017,7,8,7,30,NAN,NAN,NAN,NAN,NAN
2017,7,8,8,0,NAN,NAN,NAN,NAN,NAN
2017,7,8,8,30,NAN,NAN,NAN,NAN,NAN
2017,7,8,9,0,NAN,NAN,NAN,NAN,NAN
2017,7,8,9,30,NAN,NAN,NAN,NAN,NAN
2017,7,8,10,0,NAN,NAN,NAN,NAN,NAN
2017,7,8,10,30,NAN,NAN,NAN,NAN,NAN
2017,7,8,11,0,NAN,NAN,NAN,NAN,NAN
2017,7,8,11,30,NAN,NAN,NAN,NAN,NAN
2017,7,8,12,0,NAN,NAN,NAN,NAN,NAN
2017,7,8,12,30,NAN,NAN,NAN,NAN,NAN
2017,7,8,13,0,NAN,NAN,NAN,NAN,NAN
2017,7,8,13,30,NAN,NAN,NAN,NAN,NAN
2017,7,8,14,0,NAN,NAN,NAN,NAN,NAN
2017,7,8,14,30,NAN,NAN,NAN,NAN,NAN
2017,7,8,15,0,NAN,NAN,NAN,NAN,NAN
2017,7,8,15,30,NAN,NAN,NAN,NAN,NAN
2017,7,8,16,0,NAN,NAN,NAN,NAN,NAN
2017,7,8,16,30,NAN,NAN,NAN,NAN,NAN
2017,7,8,17,0,NAN,NAN,NAN,NAN,NAN
2017,7,8,17,30,NAN,NAN,NAN,NAN,NAN
2017,7,8,18,0,NAN,NAN,NAN,NAN,NAN
2017,7,8,18,30,NAN,NAN,NAN,NAN,NAN
2017,7,8,19,0,NAN,NAN,NAN,NAN,NAN
2017,7,8,19,30,NAN,NAN,NAN,NAN,NAN
2017,7,8,20,0,NAN,NAN,NAN,NAN,NAN
2017,7,8,20,30,NAN,NAN,NAN,NAN,NAN
2017,7,8,21,0,NAN,NAN,NAN,NAN,NAN
2017,7,8,21,30,NAN,NAN,NAN,NAN,NAN
2017,7,8,22,0,NAN,NAN,NAN,NAN,NAN
2017,7,8,22,30,NAN,NAN,NAN,NAN,NAN
2017,7,8,23,0,NAN,NAN,NAN,NAN,NAN
2017,7,8,23,30,NAN,NAN,NAN,NAN,NAN
2017,7,8,24,0,NAN,NAN,NAN,NAN,NAN
2017,7,9,0,30,NAN,NAN,NAN,NAN,NAN
2017,7,9,1,0,NAN,NAN,NAN,NAN,NAN
2017,7,9,1,30,NAN,NAN,NAN,NAN,NAN
2017,7,9,2,0,NAN,NAN,NAN,NAN,NAN
2017,7,9,2,30,NAN,NAN,NAN,NAN,NAN
2017,7,9,3,0,NAN,NAN,NAN,NAN,NAN
2017,7,9,3,30,NAN,NAN,NAN,NAN,NAN
2017,7,9,4,0,NAN,NAN,NAN,NAN,NAN
2017,7,9,4,30,NAN,NAN,NAN,NAN,NAN
2017,7,9,5,0,NAN,NAN,NAN,NAN,NAN
2017,7,9,5,30,NAN,NAN,NAN,NAN,NAN
2017,7,9,6,0,NAN,NAN,NAN,NAN,NAN
2017,7,9,6,30,NAN,NAN,NAN,NAN,NAN
2017,7,9,7,0,NAN,NAN,NAN,NAN,NAN
2017,7,9,7,30,NAN,NAN,NAN,NAN,NAN
2017,7,9,8,0,NAN,NAN,NAN,NAN,NAN
2017,7,9,8,30,NAN,NAN,NAN,NAN,NAN
2017,7,9,9,0,NAN,NAN,NAN,NAN,NAN
2017,7,9,9,30,NAN,NAN,NAN,NAN,NAN
2017,7,9,10,0,NAN,NAN,NAN,NAN,NAN
2017,7,9,10,30,NAN,NAN,NAN,NAN,NAN
2017,7,9,11,0,NAN,NAN,NAN,NAN,NAN
2017,7,9,11,30,NAN,NAN,NAN,NAN,NAN
2017,7,9,12,0,NAN,NAN,NAN,NAN,NAN
2017,7,9,12,30,NAN,NAN,NAN,NAN,NAN
2017,7,9,13,0,NAN,NAN,NAN,NAN,NAN
2017,7,9,13,30,NAN,NAN,NAN,NAN,NAN
2017,7,9,14,0,NAN,NAN,NAN,NAN,NAN
2017,7,9,14,30,NAN,NAN,NAN,NAN,NAN
2017,7,9,15,0,NAN,NAN,NAN,NAN,NAN
2017,7,9,15,30,NAN,NAN,NAN,NAN,NAN
2017,7,9,16,0,NAN,NAN,NAN,NAN,NAN
2017,7,9,16,30,NAN,NAN,NAN,NAN,NAN
2017,7,9,17,0,NAN,NAN,NAN,NAN,NAN
2017,7,9,17,30,NAN,NAN,NAN,NAN,NAN
2017,7,9,18,0,NAN,NAN,NAN,NAN,NAN
2017,7,9,18,30,NAN,NAN,NAN,NAN,NAN
2017,7,9,19,0,NAN,NAN,NAN,NAN,NAN
2017,7,9,19,30,NAN,NAN,NAN,NAN,NAN
2017,7,9,20,0,NAN,NAN,NAN,NAN,NAN
2017,7,9,20,30,NAN,NAN,NAN,NAN,NAN
2017,7,9,21,0,NAN,NAN,NAN,NAN,NAN
2017,7,9,21,30,NAN,NAN,NAN,NAN,NAN
2017,7,9,22,0,NAN,NAN,NAN,NAN,NAN
2017,7,9,22,30,NAN,NAN,NAN,NAN,NAN
2017,7,9,23,0,NAN,NAN,NAN,NAN,NAN
2017,7,9,23,30,NAN,NAN,NAN,NAN,NAN
2017,7,9,24,0,NAN,NAN,NAN,NAN,NAN
2017,7,10,0,30,NAN,NAN,NAN,NAN,NAN
2017,7,10,1,0,NAN,NAN,NAN,NAN,NAN
2017,7,10,1,30,NAN,NAN,NAN,NAN,NAN
2017,7,10,2,0,NAN,NAN,NAN,NAN,NAN
2017,7,10,2,30,NAN,NAN,NAN,NAN,NAN
2017,7,10,3,0,NAN,NAN,NAN,NAN,NAN
2017,7,10,3,30,NAN,NAN,NAN,NAN,NAN
2017,7,10,4,0,NAN,NAN,NAN,NAN,NAN
2017,7,10,4,30,NAN,NAN,NAN,NAN,NAN
2017,7,10,5,0,NAN,NAN,NAN,NAN,NAN
2017,7,10,5,30,NAN,NAN,NAN,NAN,NAN
2017,7,10,6,0,NAN,NAN,NAN,NAN,NAN
2017,7,10,6,30,NAN,NAN,NAN,NAN,NAN
2017,7,10,7,0,NAN,NAN,NAN,NAN,NAN
2017,7,10,7,30,NAN,NAN,NAN,NAN,NAN
2017,7,10,8,0,NAN,NAN,NAN,NAN,NAN
2017,7,10,8,30,NAN,NAN,NAN,NAN,NAN
2017,7,10,9,0,NAN,NAN,NAN,NAN,NAN
2017,7,10,9,30,NAN,NAN,NAN,NAN,NAN
2017,7,10,10,0,NAN,NAN,NAN,NAN,NAN
2017,7,10,10,30,NAN,NAN,NAN,NAN,NAN
2017,7,10,11,0,NAN,NAN,NAN,NAN,NAN
2017,7,10,11,30,NAN,NAN,NAN,NAN,NAN
2017,7,10,12,0,NAN,NAN,NAN,NAN,NAN
2017,7,10,12,30,NAN,NAN,NAN,NAN,NAN
2017,7,10,13,0,NAN,NAN,NAN,NAN,NAN
2017,7,10,13,30,NAN,NAN,NAN,NAN,NAN
2017,7,10,14,0,NAN,NAN,NAN,NAN,NAN
2017,7,10,14,30,NAN,NAN,NAN,NAN,NAN
2017,7,10,15,0,NAN,NAN,NAN,NAN,NAN
2017,7,10,15,30,NAN,NAN,NAN,NAN,NAN
2017,7,10,16,0,NAN,NAN,NAN,NAN,NAN
2017,7,10,16,30,NAN,NAN,NAN,NAN,NAN
2017,7,10,17,0,NAN,NAN,NAN,NAN,NAN
2017,7,10,17,30,NAN,NAN,NAN,NAN,NAN
2017,7,10,18,0,NAN,NAN,NAN,NAN,NAN
2017,7,10,18,30,NAN,NAN,NAN,NAN,NAN
2017,7,10,19,0,NAN,NAN,NAN,NAN,NAN
2017,7,10,19,30,NAN,NAN,NAN,NAN,NAN
2017,7,10,20,0,NAN,NAN,NAN,NAN,NAN
2017,7,10,20,30,NAN,NAN,NAN,NAN,NAN
2017,7,10,21,0,NAN,NAN,NAN,NAN,NAN
2017,7,10,21,30,NAN,NAN,NAN,NAN,NAN
2017,7,10,22,0,NAN,NAN,NAN,NAN,NAN
2017,7,10,22,30,NAN,NAN,NAN,NAN,NAN
2017,7,10,23,0,NAN,NAN,NAN,NAN,NAN
2017,7,10,23,30,NAN,NAN,NAN,NAN,NAN
2017,7,10,24,0,NAN,NAN,NAN,NAN,NAN
2017,7,11,0,30,NAN,NAN,NAN,NAN,NAN
2017,7,11,1,0,NAN,NAN,NAN,NAN,NAN
2017,7,11,1,30,NAN,NAN,NAN,NAN,NAN
2017,7,11,2,0,NAN,NAN,NAN,NAN,NAN
2017,7,11,2,30,NAN,NAN,NAN,NAN,NAN
2017,7,11,3,0,NAN,NAN,NAN,NAN,NAN
2017,7,11,3,30,NAN,NAN,NAN,NAN,NAN
2017,7,11,4,0,NAN,NAN,NAN,NAN,NAN
2017,7,11,4,30,NAN,NAN,NAN,NAN,NAN
2017,7,11,5,0,NAN,NAN,NAN,NAN,NAN
2017,7,11,5,30,NAN,NAN,NAN,NAN,NAN
2017,7,11,6,0,NAN,NAN,NAN,NAN,NAN
2017,7,11,6,30,NAN,NAN,NAN,NAN,NAN
2017,7,11,7,0,NAN,NAN,NAN,NAN,NAN
2017,7,11,7,30,NAN,NAN,NAN,NAN,NAN
2017,7,11,8,0,NAN,NAN,NAN,NAN,NAN
2017,7,11,8,30,NAN,NAN,NAN,NAN,NAN
2017,7,11,9,0,NAN,NAN,NAN,NAN,NAN
2017,7,11,9,30,NAN,NAN,NAN,NAN,NAN
2017,7,11,10,0,NAN,NAN,NAN,NAN,NAN
2017,7,11,10,30,NAN,NAN,NAN,NAN,NAN
2017,7,11,11,0,NAN,NAN,NAN,NAN,NAN
2017,7,11,11,30,NAN,NAN,NAN,NAN,NAN
2017,7,11,12,0,NAN,NAN,NAN,NAN,NAN
2017,7,11,12,30,NAN,NAN,NAN,NAN,NAN
2017,7,11,13,0,NAN,NAN,NAN,NAN,NAN
2017,7,11,13,30,NAN,NAN,NAN,NAN,NAN
2017,7,11,14,0,NAN,NAN,NAN,NAN,NAN
2017,7,11,14,30,NAN,NAN,NAN,NAN,NAN
2017,7,11,15,0,NAN,NAN,NAN,NAN,NAN
2017,7,11,15,30,NAN,NAN,NAN,NAN,NAN
2017,7,11,16,0,NAN,NAN,NAN,NAN,NAN
2017,7,11,16,30,NAN,NAN,NAN,NAN,NAN
2017,7,11,17,0,NAN,NAN,NAN,NAN,NAN
2017,7,11,17,30,NAN,NAN,NAN,NAN,NAN
2017,7,11,18,0,NAN,NAN,NAN,NAN,NAN
2017,7,11,18,30,NAN,NAN,NAN,NAN,NAN
2017,7,11,19,0,NAN,NAN,NAN,NAN,NAN
2017,7,11,19,30,NAN,NAN,NAN,NAN,NAN
2017,7,11,20,0,NAN,NAN,NAN,NAN,NAN
2017,7,11,20,30,NAN,NAN,NAN,NAN,NAN
2017,7,11,21,0,NAN,NAN,NAN,NAN,NAN
2017,7,11,21,30,NAN,NAN,NAN,NAN,NAN
2017,7,11,22,0,NAN,NAN,NAN,NAN,NAN
2017,7,11,22,30,NAN,NAN,NAN,NAN,NAN
2017,7,11,23,0,NAN,NAN,NAN,NAN,NAN
2017,7,11,23,30,NAN,NAN,NAN,NAN,NAN
2017,7,11,24,0,NAN,NAN,NAN,NAN,NAN
2017,7,12,0,30,NAN,NAN,NAN,NAN,NAN
2017,7,12,1,0,NAN,NAN,NAN,NAN,NAN
2017,7,12,1,30,NAN,NAN,NAN,NAN,NAN
2017,7,12,2,0,NAN,NAN,NAN,NAN,NAN
2017,7,12,2,30,NAN,NAN,NAN,NAN,NAN
2017,7,12,3,0,NAN,NAN,NAN,NAN,NAN
2017,7,12,3,30,NAN,NAN,NAN,NAN,NAN
2017,7,12,4,0,NAN,NAN,NAN,NAN,NAN
2017,7,12,4,30,NAN,NAN,NAN,NAN,NAN
2017,7,12,5,0,NAN,NAN,NAN,NAN,NAN
2017,7,12,5,30,NAN,NAN,NAN,NAN,NAN
2017,7,12,6,0,NAN,NAN,NAN,NAN,NAN
2017,7,12,6,30,NAN,NAN,NAN,NAN,NAN
2017,7,12,7,0,NAN,NAN,NAN,NAN,NAN
2017,7,12,7,30,NAN,NAN,NAN,NAN,NAN
2017,7,12,8,0,NAN,NAN,NAN,NAN,NAN
2017,7,12,8,30,NAN,NAN,NAN,NAN,NAN
2017,7,12,9,0,NAN,NAN,NAN,NAN,NAN
2017,7,12,9,30,NAN,NAN,NAN,NAN,NAN
2017,7,12,10,0,NAN,NAN,NAN,NAN,NAN
2017,7,12,10,30,NAN,NAN,NAN,NAN,NAN
2017,7,12,11,0,NAN,NAN,NAN,NAN,NAN
2017,7,12,11,30,NAN,NAN,NAN,NAN,NAN
2017,7,12,12,0,NAN,NAN,NAN,NAN,NAN
2017,7,12,12,30,NAN,NAN,NAN,NAN,NAN
2017,7,12,13,0,NAN,NAN,NAN,NAN,NAN
2017,7,12,13,30,NAN,NAN,NAN,NAN,NAN
2017,7,12,14,0,NAN,NAN,NAN,NAN,NAN
2017,7,12,14,30,NAN,NAN,NAN,NAN,NAN
2017,7,12,15,0,NAN,NAN,NAN,NAN,NAN
2017,7,12,15,30,NAN,NAN,NAN,NAN,NAN
2017,7,12,16,0,NAN,NAN,NAN,NAN,NAN
2017,7,12,16,30,NAN,NAN,NAN,NAN,NAN
2017,7,12,17,0,NAN,NAN,NAN,NAN,NAN
2017,7,12,17,30,NAN,NAN,NAN,NAN,NAN
2017,7,12,18,0,NAN,NAN,NAN,NAN,NAN
2017,7,12,18,30,NAN,NAN,NAN,NAN,NAN
2017,7,12,19,0,NAN,NAN,NAN,NAN,NAN
2017,7,12,19,30,NAN,NAN,NAN,NAN,NAN
2017,7,12,20,0,NAN,NAN,NAN,NAN,NAN
2017,7,12,20,30,NAN,NAN,NAN,NAN,NAN
2017,7,12,21,0,NAN,NAN,NAN,NAN,NAN
2017,7,12,21,30,NAN,NAN,NAN,NAN,NAN
2017,7,12,22,0,NAN,NAN,NAN,NAN,NAN
2017,7,12,22,30,NAN,NAN,NAN,NAN,NAN
2017,7,12,23,0,NAN,NAN,NAN,NAN,NAN
2017,7,12,23,30,NAN,NAN,NAN,NAN,NAN
2017,7,12,24,0,NAN,NAN,NAN,NAN,NAN
2017,7,13,0,30,NAN,NAN,NAN,NAN,NAN
2017,7,13,1,0,NAN,NAN,NAN,NAN,NAN
2017,7,13,1,30,NAN,NAN,NAN,NAN,NAN
2017,7,13,2,0,NAN,NAN,NAN,NAN,NAN
2017,7,13,2,30,NAN,NAN,NAN,NAN,NAN
2017,7,13,3,0,NAN,NAN,NAN,NAN,NAN
2017,7,13,3,30,NAN,NAN,NAN,NAN,NAN
2017,7,13,4,0,NAN,NAN,NAN,NAN,NAN
2017,7,13,4,30,NAN,NAN,NAN,NAN,NAN
2017,7,13,5,0,NAN,NAN,NAN,NAN,NAN
2017,7,13,5,30,NAN,NAN,NAN,NAN,NAN
2017,7,13,6,0,NAN,NAN,NAN,NAN,NAN
2017,7,13,6,30,NAN,NAN,NAN,NAN,NAN
2017,7,13,7,0,NAN,NAN,NAN,NAN,NAN
2017,7,13,7,30,NAN,NAN,NAN,NAN,NAN
2017,7,13,8,0,NAN,NAN,NAN,NAN,NAN
2017,7,13,8,30,NAN,NAN,NAN,NAN,NAN
2017,7,13,9,0,NAN,NAN,NAN,NAN,NAN
2017,7,13,9,30,NAN,NAN,NAN,NAN,NAN
2017,7,13,10,0,NAN,NAN,NAN,NAN,NAN
2017,7,13,10,30,NAN,NAN,NAN,NAN,NAN
2017,7,13,11,0,NAN,NAN,NAN,NAN,NAN
2017,7,13,11,30,NAN,NAN,NAN,NAN,NAN
2017,7,13,12,0,NAN,NAN,NAN,NAN,NAN
2017,7,13,12,30,NAN,NAN,NAN,NAN,NAN
2017,7,13,13,0,NAN,NAN,NAN,NAN,NAN
2017,7,13,13,30,NAN,NAN,NAN,NAN,NAN
2017,7,13,14,0,NAN,NAN,NAN,NAN,NAN
2017,7,13,14,30,NAN,NAN,NAN,NAN,NAN
2017,7,13,15,0,NAN,NAN,NAN,NAN,NAN
2017,7,13,15,30,NAN,NAN,NAN,NAN,NAN
2017,7,13,16,0,NAN,NAN,NAN,NAN,NAN
2017,7,13,16,30,NAN,NAN,NAN,NAN,NAN
2017,7,13,17,0,NAN,NAN,NAN,NAN,NAN
2017,7,13,17,30,NAN,NAN,NAN,NAN,NAN
2017,7,13,18,0,NAN,NAN,NAN,NAN,NAN
2017,7,13,18,30,NAN,NAN,NAN,NAN,NAN
2017,7,13,19,0,NAN,NAN,NAN,NAN,NAN
2017,7,13,19,30,NAN,NAN,NAN,NAN,NAN
2017,7,13,20,0,NAN,NAN,NAN,NAN,NAN
2017,7,13,20,30,NAN,NAN,NAN,NAN,NAN
2017,7,13,21,0,NAN,NAN,NAN,NAN,NAN
2017,7,13,21,30,NAN,NAN,NAN,NAN,NAN
2017,7,13,22,0,NAN,NAN,NAN,NAN,NAN
2017,7,13,22,30,NAN,NAN,NAN,NAN,NAN
2017,7,13,23,0,NAN,NAN,NAN,NAN,NAN
2017,7,13,23,30,NAN,NAN,NAN,NAN,NAN
2017,7,13,24,0,NAN,NAN,NAN,NAN,NAN
2017,7,14,0,30,NAN,NAN,NAN,NAN,NAN
2017,7,14,1,0,NAN,NAN,NAN,NAN,NAN
2017,7,14,1,30,NAN,NAN,NAN,NAN,NAN
2017,7,14,2,0,NAN,NAN,NAN,NAN,NAN
2017,7,14,2,30,NAN,NAN,NAN,NAN,NAN
2017,7,14,3,0,NAN,NAN,NAN,NAN,NAN
2017,7,14,3,30,NAN,NAN,NAN,NAN,NAN
2017,7,14,4,0,NAN,NAN,NAN,NAN,NAN
2017,7,14,4,30,NAN,NAN,NAN,NAN,NAN
2017,7,14,5,0,NAN,NAN,NAN,NAN,NAN
2017,7,14,5,30,NAN,NAN,NAN,NAN,NAN
2017,7,14,6,0,NAN,NAN,NAN,NAN,NAN
2017,7,14,6,30,NAN,NAN,NAN,NAN,NAN
2017,7,14,7,0,NAN,NAN,NAN,NAN,NAN
2017,7,14,7,30,NAN,NAN,NAN,NAN,NAN
2017,7,14,8,0,NAN,NAN,NAN,NAN,NAN
2017,7,14,8,30,NAN,NAN,NAN,NAN,NAN
2017,7,14,9,0,NAN,NAN,NAN,NAN,NAN
2017,7,14,9,30,NAN,NAN,NAN,NAN,NAN
2017,7,14,10,0,NAN,NAN,NAN,NAN,NAN
2017,7,14,10,30,NAN,NAN,NAN,NAN,NAN
2017,7,14,11,0,NAN,NAN,NAN,NAN,NAN
2017,7,14,11,30,NAN,NAN,NAN,NAN,NAN
2017,7,14,12,0,NAN,NAN,NAN,NAN,NAN
2017,7,14,12,30,NAN,NAN,NAN,NAN,NAN
2017,7,14,13,0,NAN,NAN,NAN,NAN,NAN
2017,7,14,13,30,NAN,NAN,NAN,NAN,NAN
2017,7,14,14,0,NAN,NAN,NAN,NAN,NAN
2017,7,14,14,30,NAN,NAN,NAN,NAN,NAN
2017,7,14,15,0,NAN,NAN,NAN,NAN,NAN
2017,7,14,15,30,NAN,NAN,NAN,NAN,NAN
2017,7,14,16,0,NAN,NAN,NAN,NAN,NAN
2017,7,14,16,30,NAN,NAN,NAN,NAN,NAN
2017,7,14,17,0,NAN,NAN,NAN,NAN,NAN
2017,7,14,17,30,NAN,NAN,NAN,NAN,NAN
2017,7,14,18,0,NAN,NAN,NAN,NAN,NAN
2017,7,14,18,30,NAN,NAN,NAN,NAN,NAN
2017,7,14,19,0,NAN,NAN,NAN,NAN,NAN
2017,7,14,19,30,NAN,NAN,NAN,NAN,NAN
2017,7,14,20,0,NAN,NAN,NAN,NAN,NAN
2017,7,14,20,30,NAN,NAN,NAN,NAN,NAN
2017,7,14,21,0,NAN,NAN,NAN,NAN,NAN
2017,7,14,21,30,NAN,NAN,NAN,NAN,NAN
2017,7,14,22,0,NAN,NAN,NAN,NAN,NAN
2017,7,14,22,30,NAN,NAN,NAN,NAN,NAN
2017,7,14,23,0,NAN,NAN,NAN,NAN,NAN
2017,7,14,23,30,NAN,NAN,NAN,NAN,NAN
2017,7,14,24,0,NAN,NAN,NAN,NAN,NAN
2017,7,15,0,30,NAN,NAN,NAN,NAN,NAN
2017,7,15,1,0,NAN,NAN,NAN,NAN,NAN
2017,7,15,1,30,NAN,NAN,NAN,NAN,NAN
2017,7,15,2,0,NAN,NAN,NAN,NAN,NAN
2017,7,15,2,30,NAN,NAN,NAN,NAN,NAN
2017,7,15,3,0,NAN,NAN,NAN,NAN,NAN
2017,7,15,3,30,NAN,NAN,NAN,NAN,NAN
2017,7,15,4,0,NAN,NAN,NAN,NAN,NAN
2017,7,15,4,30,NAN,NAN,NAN,NAN,NAN
2017,7,15,5,0,NAN,NAN,NAN,NAN,NAN
2017,7,15,5,30,NAN,NAN,NAN,NAN,NAN
2017,7,15,6,0,NAN,NAN,NAN,NAN,NAN
2017,7,15,6,30,NAN,NAN,NAN,NAN,NAN
2017,7,15,7,0,NAN,NAN,NAN,NAN,NAN
2017,7,15,7,30,NAN,NAN,NAN,NAN,NAN
2017,7,15,8,0,NAN,NAN,NAN,NAN,NAN
2017,7,15,8,30,NAN,NAN,NAN,NAN,NAN
2017,7,15,9,0,NAN,NAN,NAN,NAN,NAN
2017,7,15,9,30,NAN,NAN,NAN,NAN,NAN
2017,7,15,10,0,NAN,NAN,NAN,NAN,NAN
2017,7,15,10,30,NAN,NAN,NAN,NAN,NAN
2017,7,15,11,0,NAN,NAN,NAN,NAN,NAN
2017,7,15,11,30,NAN,NAN,NAN,NAN,NAN
2017,7,15,12,0,NAN,NAN,NAN,NAN,NAN
2017,7,15,12,30,NAN,NAN,NAN,NAN,NAN
2017,7,15,13,0,NAN,NAN,NAN,NAN,NAN
2017,7,15,13,30,NAN,NAN,NAN,NAN,NAN
2017,7,15,14,0,NAN,NAN,NAN,NAN,NAN
2017,7,15,14,30,NAN,NAN,NAN,NAN,NAN
2017,7,15,15,0,NAN,NAN,NAN,NAN,NAN
2017,7,15,15,30,NAN,NAN,NAN,NAN,NAN
2017,7,15,16,0,NAN,NAN,NAN,NAN,NAN
2017,7,15,16,30,NAN,NAN,NAN,NAN,NAN
2017,7,15,17,0,NAN,NAN,NAN,NAN,NAN
2017,7,15,17,30,NAN,NAN,NAN,NAN,NAN
2017,7,15,18,0,NAN,NAN,NAN,NAN,NAN
2017,7,15,18,30,NAN,NAN,NAN,NAN,NAN
2017,7,15,19,0,NAN,NAN,NAN,NAN,NAN
2017,7,15,19,30,NAN,NAN,NAN,NAN,NAN
2017,7,15,20,0,NAN,NAN,NAN,NAN,NAN
2017,7,15,20,30,NAN,NAN,NAN,NAN,NAN
2017,7,15,21,0,NAN,NAN,NAN,NAN,NAN
2017,7,15,21,30,NAN,NAN,NAN,NAN,NAN
2017,7,15,22,0,NAN,NAN,NAN,NAN,NAN
2017,7,15,22,30,NAN,NAN,NAN,NAN,NAN
2017,7,15,23,0,NAN,NAN,NAN,NAN,NAN
2017,7,15,23,30,NAN,NAN,NAN,NAN,NAN
2017,7,15,24,0,NAN,NAN,NAN,NAN,NAN
2017,7,16,0,30,NAN,NAN,NAN,NAN,NAN
2017,7,16,1,0,NAN,NAN,NAN,NAN,NAN
2017,7,16,1,30,NAN,NAN,NAN,NAN,NAN
2017,7,16,2,0,NAN,NAN,NAN,NAN,NAN
2017,7,16,2,30,NAN,NAN,NAN,NAN,NAN
2017,7,16,3,0,NAN,NAN,NAN,NAN,NAN
2017,7,16,3,30,NAN,NAN,NAN,NAN,NAN
2017,7,16,4,0,NAN,NAN,NAN,NAN,NAN
2017,7,16,4,30,NAN,NAN,NAN,NAN,NAN
2017,7,16,5,0,NAN,NAN,NAN,NAN,NAN
2017,7,16,5,30,NAN,NAN,NAN,NAN,NAN
2017,7,16,6,0,NAN,NAN,NAN,NAN,NAN
2017,7,16,6,30,NAN,NAN,NAN,NAN,NAN
2017,7,16,7,0,NAN,NAN,NAN,NAN,NAN
2017,7,16,7,30,NAN,NAN,NAN,NAN,NAN
2017,7,16,8,0,NAN,NAN,NAN,NAN,NAN
2017,7,16,8,30,NAN,NAN,NAN,NAN,NAN
2017,7,16,9,0,NAN,NAN,NAN,NAN,NAN
2017,7,16,9,30,NAN,NAN,NAN,NAN,NAN
2017,7,16,10,0,NAN,NAN,NAN,NAN,NAN
2017,7,16,10,30,NAN,NAN,NAN,NAN,NAN
2017,7,16,11,0,NAN,NAN,NAN,NAN,NAN
2017,7,16,11,30,NAN,NAN,NAN,NAN,NAN
2017,7,16,12,0,NAN,NAN,NAN,NAN,NAN
2017,7,16,12,30,NAN,NAN,NAN,NAN,NAN
2017,7,16,13,0,NAN,NAN,NAN,NAN,NAN
2017,7,16,13,30,NAN,NAN,NAN,NAN,NAN
2017,7,16,14,0,NAN,NAN,NAN,NAN,NAN
2017,7,16,14,30,NAN,NAN,NAN,NAN,NAN
2017,7,16,15,0,NAN,NAN,NAN,NAN,NAN
2017,7,16,15,30,NAN,NAN,NAN,NAN,NAN
2017,7,16,16,0,NAN,NAN,NAN,NAN,NAN
2017,7,16,16,30,NAN,NAN,NAN,NAN,NAN
2017,7,16,17,0,NAN,NAN,NAN,NAN,NAN
2017,7,16,17,30,NAN,NAN,NAN,NAN,NAN
2017,7,16,18,0,NAN,NAN,NAN,NAN,NAN
2017,7,16,18,30,NAN,NAN,NAN,NAN,NAN
2017,7,16,19,0,NAN,NAN,NAN,NAN,NAN
2017,7,16,19,30,NAN,NAN,NAN,NAN,NAN
2017,7,16,20,0,NAN,NAN,NAN,NAN,NAN
2017,7,16,20,30,NAN,NAN,NAN,NAN,NAN
2017,7,16,21,0,NAN,NAN,NAN,NAN,NAN
2017,7,16,21,30,NAN,NAN,NAN,NAN,NAN
2017,7,16,22,0,NAN,NAN,NAN,NAN,NAN
2017,7,16,22,30,NAN,NAN,NAN,NAN,NAN
2017,7,16,23,0,NAN,NAN,NAN,NAN,NAN
2017,7,16,23,30,NAN,NAN,NAN,NAN,NAN
2017,7,16,24,0,NAN,NAN,NAN,NAN,NAN
2017,7,17,0,30,NAN,NAN,NAN,NAN,NAN
2017,7,17,1,0,NAN,NAN,NAN,NAN,NAN
2017,7,17,1,30,NAN,NAN,NAN,NAN,NAN
2017,7,17,2,0,NAN,NAN,NAN,NAN,NAN
2017,7,17,2,30,NAN,NAN,NAN,NAN,NAN
2017,7,17,3,0,NAN,NAN,NAN,NAN,NAN
2017,7,17,3,30,NAN,NAN,NAN,NAN,NAN
2017,7,17,4,0,NAN,NAN,NAN,NAN,NAN
2017,7,17,4,30,NAN,NAN,NAN,NAN,NAN
2017,7,17,5,0,NAN,NAN,NAN,NAN,NAN
2017,7,17,5,30,NAN,NAN,NAN,NAN,NAN
2017,7,17,6,0,NAN,NAN,NAN,NAN,NAN
2017,7,17,6,30,NAN,NAN,NAN,NAN,NAN
2017,7,17,7,0,NAN,NAN,NAN,NAN,NAN
2017,7,17,7,30,NAN,NAN,NAN,NAN,NAN
2017,7,17,8,0,NAN,NAN,NAN,NAN,NAN
2017,7,17,8,30,NAN,NAN,NAN,NAN,NAN
2017,7,17,9,0,NAN,NAN,NAN,NAN,NAN
2017,7,17,9,30,NAN,NAN,NAN,NAN,NAN
2017,7,17,10,0,NAN,NAN,NAN,NAN,NAN
2017,7,17,10,30,NAN,NAN,NAN,NAN,NAN
2017,7,17,11,0,NAN,NAN,NAN,NAN,NAN
2017,7,17,11,30,NAN,NAN,NAN,NAN,NAN
2017,7,17,12,0,NAN,NAN,NAN,NAN,NAN
2017,7,17,12,30,NAN,NAN,NAN,NAN,NAN
2017,7,17,13,0,NAN,NAN,NAN,NAN,NAN
2017,7,17,13,30,NAN,NAN,NAN,NAN,NAN
2017,7,17,14,0,NAN,NAN,NAN,NAN,NAN
2017,7,17,14,30,NAN,NAN,NAN,NAN,NAN
2017,7,17,15,0,NAN,NAN,NAN,NAN,NAN
2017,7,17,15,30,NAN,NAN,NAN,NAN,NAN
2017,7,17,16,0,NAN,NAN,NAN,NAN,NAN
2017,7,17,16,30,NAN,NAN,NAN,NAN,NAN
2017,7,17,17,0,NAN,NAN,NAN,NAN,NAN
2017,7,17,17,30,NAN,NAN,NAN,NAN,NAN
2017,7,17,18,0,NAN,NAN,NAN,NAN,NAN
2017,7,17,18,30,NAN,NAN,NAN,NAN,NAN
2017,7,17,19,0,NAN,NAN,NAN,NAN,NAN
2017,7,17,19,30,NAN,NAN,NAN,NAN,NAN
2017,7,17,20,0,NAN,NAN,NAN,NAN,NAN
2017,7,17,20,30,NAN,NAN,NAN,NAN,NAN
2017,7,17,21,0,NAN,NAN,NAN,NAN,NAN
2017,7,17,21,30,NAN,NAN,NAN,NAN,NAN
2017,7,17,22,0,NAN,NAN,NAN,NAN,NAN
2017,7,17,22,30,NAN,NAN,NAN,NAN,NAN
2017,7,17,23,0,NAN,NAN,NAN,NAN,NAN
2017,7,17,23,30,NAN,NAN,NAN,NAN,NAN
2017,7,17,24,0,NAN,NAN,NAN,NAN,NAN
2017,7,18,0,30,NAN,NAN,NAN,NAN,NAN
2017,7,18,1,0,NAN,NAN,NAN,NAN,NAN
2017,7,18,1,30,NAN,NAN,NAN,NAN,NAN
2017,7,18,2,0,NAN,NAN,NAN,NAN,NAN
2017,7,18,2,30,NAN,NAN,NAN,NAN,NAN
2017,7,18,3,0,NAN,NAN,NAN,NAN,NAN
2017,7,18,3,30,NAN,NAN,NAN,NAN,NAN
2017,7,18,4,0,NAN,NAN,NAN,NAN,NAN
2017,7,18,4,30,NAN,NAN,NAN,NAN,NAN
2017,7,18,5,0,NAN,NAN,NAN,NAN,NAN
2017,7,18,5,30,NAN,NAN,NAN,NAN,NAN
2017,7,18,6,0,NAN,NAN,NAN,NAN,NAN
2017,7,18,6,30,NAN,NAN,NAN,NAN,NAN
2017,7,18,7,0,NAN,NAN,NAN,NAN,NAN
2017,7,18,7,30,NAN,NAN,NAN,NAN,NAN
2017,7,18,8,0,NAN,NAN,NAN,NAN,NAN
2017,7,18,8,30,NAN,NAN,NAN,NAN,NAN
2017,7,18,9,0,NAN,NAN,NAN,NAN,NAN
2017,7,18,9,30,NAN,NAN,NAN,NAN,NAN
2017,7,18,10,0,NAN,NAN,NAN,NAN,NAN
2017,7,18,10,30,NAN,NAN,NAN,NAN,NAN
2017,7,18,11,0,NAN,NAN,NAN,NAN,NAN
2017,7,18,11,30,NAN,NAN,NAN,NAN,NAN
2017,7,18,12,0,NAN,NAN,NAN,NAN,NAN
2017,7,18,12,30,NAN,NAN,NAN,NAN,NAN
2017,7,18,13,0,NAN,NAN,NAN,NAN,NAN
2017,7,18,13,30,NAN,NAN,NAN,NAN,NAN
2017,7,18,14,0,NAN,NAN,NAN,NAN,NAN
2017,7,18,14,30,NAN,NAN,NAN,NAN,NAN
2017,7,18,15,0,NAN,NAN,NAN,NAN,NAN
2017,7,18,15,30,NAN,NAN,NAN,NAN,NAN
2017,7,18,16,0,NAN,NAN,NAN,NAN,NAN
2017,7,18,16,30,NAN,NAN,NAN,NAN,NAN
2017,7,18,17,0,NAN,NAN,NAN,NAN,NAN
2017,7,18,17,30,NAN,NAN,NAN,NAN,NAN
2017,7,18,18,0,NAN,NAN,NAN,NAN,NAN
2017,7,18,18,30,NAN,NAN,NAN,NAN,NAN
2017,7,18,19,0,NAN,NAN,NAN,NAN,NAN
2017,7,18,19,30,NAN,NAN,NAN,NAN,NAN
2017,7,18,20,0,NAN,NAN,NAN,NAN,NAN
2017,7,18,20,30,NAN,NAN,NAN,NAN,NAN
2017,7,18,21,0,NAN,NAN,NAN,NAN,NAN
2017,7,18,21,30,NAN,NAN,NAN,NAN,NAN
2017,7,18,22,0,NAN,NAN,NAN,NAN,NAN
2017,7,18,22,30,NAN,NAN,NAN,NAN,NAN
2017,7,18,23,0,NAN,NAN,NAN,NAN,NAN
2017,7,18,23,30,NAN,NAN,NAN,NAN,NAN
2017,7,18,24,0,NAN,NAN,NAN,NAN,NAN
2017,7,19,0,30,NAN,NAN,NAN,NAN,NAN
2017,7,19,1,0,NAN,NAN,NAN,NAN,NAN
2017,7,19,1,30,NAN,NAN,NAN,NAN,NAN
2017,7,19,2,0,NAN,NAN,NAN,NAN,NAN
2017,7,19,2,30,NAN,NAN,NAN,NAN,NAN
2017,7,19,3,0,NAN,NAN,NAN,NAN,NAN
2017,7,19,3,30,NAN,NAN,NAN,NAN,NAN
2017,7,19,4,0,NAN,NAN,NAN,NAN,NAN
2017,7,19,4,30,NAN,NAN,NAN,NAN,NAN
2017,7,19,5,0,NAN,NAN,NAN,NAN,NAN
2017,7,19,5,30,NAN,NAN,NAN,NAN,NAN
2017,7,19,6,0,NAN,NAN,NAN,NAN,NAN
2017,7,19,6,30,NAN,NAN,NAN,NAN,NAN
2017,7,19,7,0,NAN,NAN,NAN,NAN,NAN
2017,7,19,7,30,NAN,NAN,NAN,NAN,NAN
2017,7,19,8,0,NAN,NAN,NAN,NAN,NAN
2017,7,19,8,30,NAN,NAN,NAN,NAN,NAN
2017,7,19,9,0,NAN,NAN,NAN,NAN,NAN
2017,7,19,9,30,NAN,NAN,NAN,NAN,NAN
2017,7,19,10,0,NAN,NAN,NAN,NAN,NAN
2017,7,19,10,30,NAN,NAN,NAN,NAN,NAN
2017,7,19,11,0,NAN,NAN,NAN,NAN,NAN
2017,7,19,11,30,NAN,NAN,NAN,NAN,NAN
2017,7,19,12,0,NAN,NAN,NAN,NAN,NAN
2017,7,19,12,30,NAN,NAN,NAN,NAN,NAN
2017,7,19,13,0,NAN,NAN,NAN,NAN,NAN
2017,7,19,13,30,NAN,NAN,NAN,NAN,NAN
2017,7,19,14,0,NAN,NAN,NAN,NAN,NAN
2017,7,19,14,30,NAN,NAN,NAN,NAN,NAN
2017,7,19,15,0,NAN,NAN,NAN,NAN,NAN
2017,7,19,15,30,NAN,NAN,NAN,NAN,NAN
2017,7,19,16,0,NAN,NAN,NAN,NAN,NAN
2017,7,19,16,30,NAN,NAN,NAN,NAN,NAN
2017,7,19,17,0,NAN,NAN,NAN,NAN,NAN
2017,7,19,17,30,NAN,NAN,NAN,NAN,NAN
2017,7,19,18,0,NAN,NAN,NAN,NAN,NAN
2017,7,19,18,30,NAN,NAN,NAN,NAN,NAN
2017,7,19,19,0,NAN,NAN,NAN,NAN,NAN
2017,7,19,19,30,NAN,NAN,NAN,NAN,NAN
2017,7,19,20,0,NAN,NAN,NAN,NAN,NAN
2017,7,19,20,30,NAN,NAN,NAN,NAN,NAN
2017,7,19,21,0,NAN,NAN,NAN,NAN,NAN
2017,7,19,21,30,NAN,NAN,NAN,NAN,NAN
2017,7,19,22,0,NAN,NAN,NAN,NAN,NAN
2017,7,19,22,30,NAN,NAN,NAN,NAN,NAN
2017,7,19,23,0,NAN,NAN,NAN,NAN,NAN
2017,7,19,23,30,NAN,NAN,NAN,NAN,NAN
2017,7,19,24,0,NAN,NAN,NAN,NAN,NAN
2017,7,20,0,30,NAN,NAN,NAN,NAN,NAN
2017,7,20,1,0,NAN,NAN,NAN,NAN,NAN
2017,7,20,1,30,NAN,NAN,NAN,NAN,NAN
2017,7,20,2,0,NAN,NAN,NAN,NAN,NAN
2017,7,20,2,30,NAN,NAN,NAN,NAN,NAN
2017,7,20,3,0,NAN,NAN,NAN,NAN,NAN
2017,7,20,3,30,NAN,NAN,NAN,NAN,NAN
2017,7,20,4,0,NAN,NAN,NAN,NAN,NAN
2017,7,20,4,30,NAN,NAN,NAN,NAN,NAN
2017,7,20,5,0,NAN,NAN,NAN,NAN,NAN
2017,7,20,5,30,NAN,NAN,NAN,NAN,NAN
2017,7,20,6,0,NAN,NAN,NAN,NAN,NAN
2017,7,20,6,30,NAN,NAN,NAN,NAN,NAN
2017,7,20,7,0,NAN,NAN,NAN,NAN,NAN
2017,7,20,7,30,NAN,NAN,NAN,NAN,NAN
2017,7,20,8,0,NAN,NAN,NAN,NAN,NAN
2017,7,20,8,30,NAN,NAN,NAN,NAN,NAN
2017,7,20,9,0,NAN,NAN,NAN,NAN,NAN
2017,7,20,9,30,NAN,NAN,NAN,NAN,NAN
2017,7,20,10,0,NAN,NAN,NAN,NAN,NAN
2017,7,20,10,30,NAN,NAN,NAN,NAN,NAN
2017,7,20,11,0,NAN,NAN,NAN,NAN,NAN
2017,7,20,11,30,NAN,NAN,NAN,NAN,NAN
2017,7,20,12,0,NAN,NAN,NAN,NAN,NAN
2017,7,20,12,30,NAN,NAN,NAN,NAN,NAN
2017,7,20,13,0,NAN,NAN,NAN,NAN,NAN
2017,7,20,13,30,NAN,NAN,NAN,NAN,NAN
2017,7,20,14,0,NAN,NAN,NAN,NAN,NAN
2017,7,20,14,30,NAN,NAN,NAN,NAN,NAN
2017,7,20,15,0,NAN,NAN,NAN,NAN,NAN
2017,7,20,15,30,NAN,NAN,NAN,NAN,NAN
2017,7,20,16,0,NAN,NAN,NAN,NAN,NAN
2017,7,20,16,30,NAN,NAN,NAN,NAN,NAN
2017,7,20,17,0,NAN,NAN,NAN,NAN,NAN
2017,7,20,17,30,NAN,NAN,NAN,NAN,NAN
2017,7,20,18,0,NAN,NAN,NAN,NAN,NAN
2017,7,20,18,30,NAN,NAN,NAN,NAN,NAN
2017,7,20,19,0,NAN,NAN,NAN,NAN,NAN
2017,7,20,19,30,NAN,NAN,NAN,NAN,NAN
2017,7,20,20,0,NAN,NAN,NAN,NAN,NAN
2017,7,20,20,30,NAN,NAN,NAN,NAN,NAN
2017,7,20,21,0,NAN,NAN,NAN,NAN,NAN
2017,7,20,21,30,NAN,NAN,NAN,NAN,NAN
2017,7,20,22,0,NAN,NAN,NAN,NAN,NAN
2017,7,20,22,30,NAN,NAN,NAN,NAN,NAN
2017,7,20,23,0,NAN,NAN,NAN,NAN,NAN
2017,7,20,23,30,NAN,NAN,NAN,NAN,NAN
2017,7,20,24,0,NAN,NAN,NAN,NAN,NAN
2017,7,21,0,30,NAN,NAN,NAN,NAN,NAN
2017,7,21,1,0,NAN,NAN,NAN,NAN,NAN
2017,7,21,1,30,NAN,NAN,NAN,NAN,NAN
2017,7,21,2,0,NAN,NAN,NAN,NAN,NAN
2017,7,21,2,30,NAN,NAN,NAN,NAN,NAN
2017,7,21,3,0,NAN,NAN,NAN,NAN,NAN
2017,7,21,3,30,NAN,NAN,NAN,NAN,NAN
2017,7,21,4,0,NAN,NAN,NAN,NAN,NAN
2017,7,21,4,30,NAN,NAN,NAN,NAN,NAN
2017,7,21,5,0,NAN,NAN,NAN,NAN,NAN
2017,7,21,5,30,NAN,NAN,NAN,NAN,NAN
2017,7,21,6,0,NAN,NAN,NAN,NAN,NAN
2017,7,21,6,30,NAN,NAN,NAN,NAN,NAN
2017,7,21,7,0,NAN,NAN,NAN,NAN,NAN
2017,7,21,7,30,NAN,NAN,NAN,NAN,NAN
2017,7,21,8,0,NAN,NAN,NAN,NAN,NAN
2017,7,21,8,30,NAN,NAN,NAN,NAN,NAN
2017,7,21,9,0,NAN,NAN,NAN,NAN,NAN
2017,7,21,9,30,NAN,NAN,NAN,NAN,NAN
2017,7,21,10,0,NAN,NAN,NAN,NAN,NAN
2017,7,21,10,30,NAN,NAN,NAN,NAN,NAN
2017,7,21,11,0,NAN,NAN,NAN,NAN,NAN
2017,7,21,11,30,NAN,NAN,NAN,NAN,NAN
2017,7,21,12,0,NAN,NAN,NAN,NAN,NAN
2017,7,21,12,30,NAN,NAN,NAN,NAN,NAN
2017,7,21,13,0,NAN,NAN,NAN,NAN,NAN
2017,7,21,13,30,NAN,NAN,NAN,NAN,NAN
2017,7,21,14,0,NAN,NAN,NAN,NAN,NAN
2017,7,21,14,30,NAN,NAN,NAN,NAN,NAN
2017,7,21,15,0,NAN,NAN,NAN,NAN,NAN
2017,7,21,15,30,NAN,NAN,NAN,NAN,NAN
2017,7,21,16,0,NAN,NAN,NAN,NAN,NAN
2017,7,21,16,30,NAN,NAN,NAN,NAN,NAN
2017,7,21,17,0,NAN,NAN,NAN,NAN,NAN
2017,7,21,17,30,NAN,NAN,NAN,NAN,NAN
2017,7,21,18,0,NAN,NAN,NAN,NAN,NAN
2017,7,21,18,30,NAN,NAN,NAN,NAN,NAN
2017,7,21,19,0,NAN,NAN,NAN,NAN,NAN
2017,7,21,19,30,NAN,NAN,NAN,NAN,NAN
2017,7,21,20,0,NAN,NAN,NAN,NAN,NAN
2017,7,21,20,30,NAN,NAN,NAN,NAN,NAN
2017,7,21,21,0,NAN,NAN,NAN,NAN,NAN
2017,7,21,21,30,NAN,NAN,NAN,NAN,NAN
2017,7,21,22,0,NAN,NAN,NAN,NAN,NAN
2017,7,21,22,30,NAN,NAN,NAN,NAN,NAN
2017,7,21,23,0,NAN,NAN,NAN,NAN,NAN
2017,7,21,23,30,NAN,NAN,NAN,NAN,NAN
2017,7,21,24,0,NAN,NAN,NAN,NAN,NAN
2017,7,22,0,30,NAN,NAN,NAN,NAN,NAN
2017,7,22,1,0,NAN,NAN,NAN,NAN,NAN
2017,7,22,1,30,NAN,NAN,NAN,NAN,NAN
2017,7,22,2,0,NAN,NAN,NAN,NAN,NAN
2017,7,22,2,30,NAN,NAN,NAN,NAN,NAN
2017,7,22,3,0,NAN,NAN,NAN,NAN,NAN
2017,7,22,3,30,NAN,NAN,NAN,NAN,NAN
2017,7,22,4,0,NAN,NAN,NAN,NAN,NAN
2017,7,22,4,30,NAN,NAN,NAN,NAN,NAN
2017,7,22,5,0,NAN,NAN,NAN,NAN,NAN
2017,7,22,5,30,NAN,NAN,NAN,NAN,NAN
2017,7,22,6,0,NAN,NAN,NAN,NAN,NAN
2017,7,22,6,30,NAN,NAN,NAN,NAN,NAN
2017,7,22,7,0,NAN,NAN,NAN,NAN,NAN
2017,7,22,7,30,NAN,NAN,NAN,NAN,NAN
2017,7,22,8,0,NAN,NAN,NAN,NAN,NAN
2017,7,22,8,30,NAN,NAN,NAN,NAN,NAN
2017,7,22,9,0,NAN,NAN,NAN,NAN,NAN
2017,7,22,9,30,NAN,NAN,NAN,NAN,NAN
2017,7,22,10,0,NAN,NAN,NAN,NAN,NAN
2017,7,22,10,30,NAN,NAN,NAN,NAN,NAN
2017,7,22,11,0,NAN,NAN,NAN,NAN,NAN
2017,7,22,11,30,NAN,NAN,NAN,NAN,NAN
2017,7,22,12,0,NAN,NAN,NAN,NAN,NAN
2017,7,22,12,30,NAN,NAN,NAN,NAN,NAN
2017,7,22,13,0,NAN,NAN,NAN,NAN,NAN
2017,7,22,13,30,NAN,NAN,NAN,NAN,NAN
2017,7,22,14,0,NAN,NAN,NAN,NAN,NAN
2017,7,22,14,30,NAN,NAN,NAN,NAN,NAN
2017,7,22,15,0,NAN,NAN,NAN,NAN,NAN
2017,7,22,15,30,NAN,NAN,NAN,NAN,NAN
2017,7,22,16,0,NAN,NAN,NAN,NAN,NAN
2017,7,22,16,30,NAN,NAN,NAN,NAN,NAN
2017,7,22,17,0,NAN,NAN,NAN,NAN,NAN
2017,7,22,17,30,NAN,NAN,NAN,NAN,NAN
2017,7,22,18,0,NAN,NAN,NAN,NAN,NAN
2017,7,22,18,30,NAN,NAN,NAN,NAN,NAN
2017,7,22,19,0,NAN,NAN,NAN,NAN,NAN
2017,7,22,19,30,NAN,NAN,NAN,NAN,NAN
2017,7,22,20,0,NAN,NAN,NAN,NAN,NAN
2017,7,22,20,30,NAN,NAN,NAN,NAN,NAN
2017,7,22,21,0,NAN,NAN,NAN,NAN,NAN
2017,7,22,21,30,NAN,NAN,NAN,NAN,NAN
2017,7,22,22,0,NAN,NAN,NAN,NAN,NAN
2017,7,22,22,30,NAN,NAN,NAN,NAN,NAN
2017,7,22,23,0,NAN,NAN,NAN,NAN,NAN
2017,7,22,23,30,NAN,NAN,NAN,NAN,NAN
2017,7,22,24,0,NAN,NAN,NAN,NAN,NAN
2017,7,23,0,30,NAN,NAN,NAN,NAN,NAN
2017,7,23,1,0,NAN,NAN,NAN,NAN,NAN
2017,7,23,1,30,NAN,NAN,NAN,NAN,NAN
2017,7,23,2,0,NAN,NAN,NAN,NAN,NAN
2017,7,23,2,30,NAN,NAN,NAN,NAN,NAN
2017,7,23,3,0,NAN,NAN,NAN,NAN,NAN
2017,7,23,3,30,NAN,NAN,NAN,NAN,NAN
2017,7,23,4,0,NAN,NAN,NAN,NAN,NAN
2017,7,23,4,30,NAN,NAN,NAN,NAN,NAN
2017,7,23,5,0,NAN,NAN,NAN,NAN,NAN
2017,7,23,5,30,NAN,NAN,NAN,NAN,NAN
2017,7,23,6,0,NAN,NAN,NAN,NAN,NAN
2017,7,23,6,30,NAN,NAN,NAN,NAN,NAN
2017,7,23,7,0,NAN,NAN,NAN,NAN,NAN
2017,7,23,7,30,NAN,NAN,NAN,NAN,NAN
2017,7,23,8,0,NAN,NAN,NAN,NAN,NAN
2017,7,23,8,30,NAN,NAN,NAN,NAN,NAN
2017,7,23,9,0,NAN,NAN,NAN,NAN,NAN
2017,7,23,9,30,NAN,NAN,NAN,NAN,NAN
2017,7,23,10,0,NAN,NAN,NAN,NAN,NAN
2017,7,23,10,30,NAN,NAN,NAN,NAN,NAN
2017,7,23,11,0,NAN,NAN,NAN,NAN,NAN
2017,7,23,11,30,NAN,NAN,NAN,NAN,NAN
2017,7,23,12,0,NAN,NAN,NAN,NAN,NAN
2017,7,23,12,30,NAN,NAN,NAN,NAN,NAN
2017,7,23,13,0,NAN,NAN,NAN,NAN,NAN
2017,7,23,13,30,NAN,NAN,NAN,NAN,NAN
2017,7,23,14,0,NAN,NAN,NAN,NAN,NAN
2017,7,23,14,30,NAN,NAN,NAN,NAN,NAN
2017,7,23,15,0,NAN,NAN,NAN,NAN,NAN
2017,7,23,15,30,NAN,NAN,NAN,NAN,NAN
2017,7,23,16,0,NAN,NAN,NAN,NAN,NAN
2017,7,23,16,30,NAN,NAN,NAN,NAN,NAN
2017,7,23,17,0,NAN,NAN,NAN,NAN,NAN
2017,7,23,17,30,NAN,NAN,NAN,NAN,NAN
2017,7,23,18,0,NAN,NAN,NAN,NAN,NAN
2017,7,23,18,30,NAN,NAN,NAN,NAN,NAN
2017,7,23,19,0,NAN,NAN,NAN,NAN,NAN
2017,7,23,19,30,NAN,NAN,NAN,NAN,NAN
2017,7,23,20,0,NAN,NAN,NAN,NAN,NAN
2017,7,23,20,30,NAN,NAN,NAN,NAN,NAN
2017,7,23,21,0,NAN,NAN,NAN,NAN,NAN
2017,7,23,21,30,NAN,NAN,NAN,NAN,NAN
2017,7,23,22,0,NAN,NAN,NAN,NAN,NAN
2017,7,23,22,30,NAN,NAN,NAN,NAN,NAN
2017,7,23,23,0,NAN,NAN,NAN,NAN,NAN
2017,7,23,23,30,NAN,NAN,NAN,NAN,NAN
2017,7,23,24,0,NAN,NAN,NAN,NAN,NAN
2017,7,24,0,30,NAN,NAN,NAN,NAN,NAN
2017,7,24,1,0,NAN,NAN,NAN,NAN,NAN
2017,7,24,1,30,NAN,NAN,NAN,NAN,NAN
2017,7,24,2,0,NAN,NAN,NAN,NAN,NAN
2017,7,24,2,30,NAN,NAN,NAN,NAN,NAN
2017,7,24,3,0,NAN,NAN,NAN,NAN,NAN
2017,7,24,3,30,NAN,NAN,NAN,NAN,NAN
2017,7,24,4,0,NAN,NAN,NAN,NAN,NAN
2017,7,24,4,30,NAN,NAN,NAN,NAN,NAN
2017,7,24,5,0,NAN,NAN,NAN,NAN,NAN
2017,7,24,5,30,NAN,NAN,NAN,NAN,NAN
2017,7,24,6,0,NAN,NAN,NAN,NAN,NAN
2017,7,24,6,30,NAN,NAN,NAN,NAN,NAN
2017,7,24,7,0,NAN,NAN,NAN,NAN,NAN
2017,7,24,7,30,NAN,NAN,NAN,NAN,NAN
2017,7,24,8,0,NAN,NAN,NAN,NAN,NAN
2017,7,24,8,30,NAN,NAN,NAN,NAN,NAN
2017,7,24,9,0,NAN,NAN,NAN,NAN,NAN
2017,7,24,9,30,NAN,NAN,NAN,NAN,NAN
2017,7,24,10,0,NAN,NAN,NAN,NAN,NAN
2017,7,24,10,30,NAN,NAN,NAN,NAN,NAN
2017,7,24,11,0,NAN,NAN,NAN,NAN,NAN
2017,7,24,11,30,NAN,NAN,NAN,NAN,NAN
2017,7,24,12,0,NAN,NAN,NAN,NAN,NAN
2017,7,24,12,30,NAN,NAN,NAN,NAN,NAN
2017,7,24,13,0,NAN,NAN,NAN,NAN,NAN
2017,7,24,13,30,NAN,NAN,NAN,NAN,NAN
2017,7,24,14,0,NAN,NAN,NAN,NAN,NAN
2017,7,24,14,30,NAN,NAN,NAN,NAN,NAN
2017,7,24,15,0,NAN,NAN,NAN,NAN,NAN
2017,7,24,15,30,NAN,NAN,NAN,NAN,NAN
2017,7,24,16,0,NAN,NAN,NAN,NAN,NAN
2017,7,24,16,30,NAN,NAN,NAN,NAN,NAN
2017,7,24,17,0,NAN,NAN,NAN,NAN,NAN
2017,7,24,17,30,NAN,NAN,NAN,NAN,NAN
2017,7,24,18,0,NAN,NAN,NAN,NAN,NAN
2017,7,24,18,30,NAN,NAN,NAN,NAN,NAN
2017,7,24,19,0,NAN,NAN,NAN,NAN,NAN
2017,7,24,19,30,NAN,NAN,NAN,NAN,NAN
2017,7,24,20,0,NAN,NAN,NAN,NAN,NAN
2017,7,24,20,30,NAN,NAN,NAN,NAN,NAN
2017,7,24,21,0,NAN,NAN,NAN,NAN,NAN
2017,7,24,21,30,NAN,NAN,NAN,NAN,NAN
2017,7,24,22,0,NAN,NAN,NAN,NAN,NAN
2017,7,24,22,30,NAN,NAN,NAN,NAN,NAN
2017,7,24,23,0,NAN,NAN,NAN,NAN,NAN
2017,7,24,23,30,NAN,NAN,NAN,NAN,NAN
2017,7,24,24,0,NAN,NAN,NAN,NAN,NAN
2017,7,25,0,30,NAN,NAN,NAN,NAN,NAN
2017,7,25,1,0,NAN,NAN,NAN,NAN,NAN
2017,7,25,1,30,NAN,NAN,NAN,NAN,NAN
2017,7,25,2,0,NAN,NAN,NAN,NAN,NAN
2017,7,25,2,30,NAN,NAN,NAN,NAN,NAN
2017,7,25,3,0,NAN,NAN,NAN,NAN,NAN
2017,7,25,3,30,NAN,NAN,NAN,NAN,NAN
2017,7,25,4,0,NAN,NAN,NAN,NAN,NAN
2017,7,25,4,30,NAN,NAN,NAN,NAN,NAN
2017,7,25,5,0,NAN,NAN,NAN,NAN,NAN
2017,7,25,5,30,NAN,NAN,NAN,NAN,NAN
2017,7,25,6,0,NAN,NAN,NAN,NAN,NAN
2017,7,25,6,30,NAN,NAN,NAN,NAN,NAN
2017,7,25,7,0,NAN,NAN,NAN,NAN,NAN
2017,7,25,7,30,NAN,NAN,NAN,NAN,NAN
2017,7,25,8,0,NAN,NAN,NAN,NAN,NAN
2017,7,25,8,30,NAN,NAN,NAN,NAN,NAN
2017,7,25,9,0,NAN,NAN,NAN,NAN,NAN
2017,7,25,9,30,NAN,NAN,NAN,NAN,NAN
2017,7,25,10,0,NAN,NAN,NAN,NAN,NAN
2017,7,25,10,30,NAN,NAN,NAN,NAN,NAN
2017,7,25,11,0,NAN,NAN,NAN,NAN,NAN
2017,7,25,11,30,NAN,NAN,NAN,NAN,NAN
2017,7,25,12,0,NAN,NAN,NAN,NAN,NAN
2017,7,25,12,30,NAN,NAN,NAN,NAN,NAN
2017,7,25,13,0,NAN,NAN,NAN,NAN,NAN
2017,7,25,13,30,NAN,NAN,NAN,NAN,NAN
2017,7,25,14,0,NAN,NAN,NAN,NAN,NAN
2017,7,25,14,30,NAN,NAN,NAN,NAN,NAN
2017,7,25,15,0,NAN,NAN,NAN,NAN,NAN
2017,7,25,15,30,NAN,NAN,NAN,NAN,NAN
2017,7,25,16,0,NAN,NAN,NAN,NAN,NAN
2017,7,25,16,30,NAN,NAN,NAN,NAN,NAN
2017,7,25,17,0,NAN,NAN,NAN,NAN,NAN
2017,7,25,17,30,NAN,NAN,NAN,NAN,NAN
2017,7,25,18,0,NAN,NAN,NAN,NAN,NAN
2017,7,25,18,30,NAN,NAN,NAN,NAN,NAN
2017,7,25,19,0,NAN,NAN,NAN,NAN,NAN
2017,7,25,19,30,NAN,NAN,NAN,NAN,NAN
2017,7,25,20,0,NAN,NAN,NAN,NAN,NAN
2017,7,25,20,30,NAN,NAN,NAN,NAN,NAN
2017,7,25,21,0,NAN,NAN,NAN,NAN,NAN
2017,7,25,21,30,NAN,NAN,NAN,NAN,NAN
2017,7,25,22,0,NAN,NAN,NAN,NAN,NAN
2017,7,25,22,30,NAN,NAN,NAN,NAN,NAN
2017,7,25,23,0,NAN,NAN,NAN,NAN,NAN
2017,7,25,23,30,NAN,NAN,NAN,NAN,NAN
2017,7,25,24,0,NAN,NAN,NAN,NAN,NAN
2017,7,26,0,30,NAN,NAN,NAN,NAN,NAN
2017,7,26,1,0,NAN,NAN,NAN,NAN,NAN
2017,7,26,1,30,NAN,NAN,NAN,NAN,NAN
2017,7,26,2,0,NAN,NAN,NAN,NAN,NAN
2017,7,26,2,30,NAN,NAN,NAN,NAN,NAN
2017,7,26,3,0,NAN,NAN,NAN,NAN,NAN
2017,7,26,3,30,NAN,NAN,NAN,NAN,NAN
2017,7,26,4,0,NAN,NAN,NAN,NAN,NAN
2017,7,26,4,30,NAN,NAN,NAN,NAN,NAN
2017,7,26,5,0,NAN,NAN,NAN,NAN,NAN
2017,7,26,5,30,NAN,NAN,NAN,NAN,NAN
2017,7,26,6,0,NAN,NAN,NAN,NAN,NAN
2017,7,26,6,30,NAN,NAN,NAN,NAN,NAN
2017,7,26,7,0,NAN,NAN,NAN,NAN,NAN
2017,7,26,7,30,NAN,NAN,NAN,NAN,NAN
2017,7,26,8,0,NAN,NAN,NAN,NAN,NAN
2017,7,26,8,30,NAN,NAN,NAN,NAN,NAN
2017,7,26,9,0,NAN,NAN,NAN,NAN,NAN
2017,7,26,9,30,NAN,NAN,NAN,NAN,NAN
2017,7,26,10,0,NAN,NAN,NAN,NAN,NAN
2017,7,26,10,30,NAN,NAN,NAN,NAN,NAN
2017,7,26,11,0,NAN,NAN,NAN,NAN,NAN
2017,7,26,11,30,NAN,NAN,NAN,NAN,NAN
2017,7,26,12,0,NAN,NAN,NAN,NAN,NAN
2017,7,26,12,30,NAN,NAN,NAN,NAN,NAN
2017,7,26,13,0,NAN,NAN,NAN,NAN,NAN
2017,7,26,13,30,NAN,NAN,NAN,NAN,NAN
2017,7,26,14,0,NAN,NAN,NAN,NAN,NAN
2017,7,26,14,30,NAN,NAN,NAN,NAN,NAN
2017,7,26,15,0,NAN,NAN,NAN,NAN,NAN
2017,7,26,15,30,NAN,NAN,NAN,NAN,NAN
2017,7,26,16,0,NAN,NAN,NAN,NAN,NAN
2017,7,26,16,30,NAN,NAN,NAN,NAN,NAN
2017,7,26,17,0,NAN,NAN,NAN,NAN,NAN
2017,7,26,17,30,NAN,NAN,NAN,NAN,NAN
2017,7,26,18,0,NAN,NAN,NAN,NAN,NAN
2017,7,26,18,30,NAN,NAN,NAN,NAN,NAN
2017,7,26,19,0,NAN,NAN,NAN,NAN,NAN
2017,7,26,19,30,NAN,NAN,NAN,NAN,NAN
2017,7,26,20,0,NAN,NAN,NAN,NAN,NAN
2017,7,26,20,30,NAN,NAN,NAN,NAN,NAN
2017,7,26,21,0,NAN,NAN,NAN,NAN,NAN
2017,7,26,21,30,NAN,NAN,NAN,NAN,NAN
2017,7,26,22,0,NAN,NAN,NAN,NAN,NAN
2017,7,26,22,30,NAN,NAN,NAN,NAN,NAN
2017,7,26,23,0,NAN,NAN,NAN,NAN,NAN
2017,7,26,23,30,NAN,NAN,NAN,NAN,NAN
2017,7,26,24,0,NAN,NAN,NAN,NAN,NAN
2017,7,27,0,30,NAN,NAN,NAN,NAN,NAN
2017,7,27,1,0,NAN,NAN,NAN,NAN,NAN
2017,7,27,1,30,NAN,NAN,NAN,NAN,NAN
2017,7,27,2,0,NAN,NAN,NAN,NAN,NAN
2017,7,27,2,30,NAN,NAN,NAN,NAN,NAN
2017,7,27,3,0,NAN,NAN,NAN,NAN,NAN
2017,7,27,3,30,NAN,NAN,NAN,NAN,NAN
2017,7,27,4,0,NAN,NAN,NAN,NAN,NAN
2017,7,27,4,30,NAN,NAN,NAN,NAN,NAN
2017,7,27,5,0,NAN,NAN,NAN,NAN,NAN
2017,7,27,5,30,NAN,NAN,NAN,NAN,NAN
2017,7,27,6,0,NAN,NAN,NAN,NAN,NAN
2017,7,27,6,30,NAN,NAN,NAN,NAN,NAN
2017,7,27,7,0,NAN,NAN,NAN,NAN,NAN
2017,7,27,7,30,NAN,NAN,NAN,NAN,NAN
2017,7,27,8,0,NAN,NAN,NAN,NAN,NAN
2017,7,27,8,30,NAN,NAN,NAN,NAN,NAN
2017,7,27,9,0,NAN,NAN,NAN,NAN,NAN
2017,7,27,9,30,NAN,NAN,NAN,NAN,NAN
2017,7,27,10,0,NAN,NAN,NAN,NAN,NAN
2017,7,27,10,30,NAN,NAN,NAN,NAN,NAN
2017,7,27,11,0,NAN,NAN,NAN,NAN,NAN
2017,7,27,11,30,NAN,NAN,NAN,NAN,NAN
2017,7,27,12,0,NAN,NAN,NAN,NAN,NAN
2017,7,27,12,30,NAN,NAN,NAN,NAN,NAN
2017,7,27,13,0,NAN,NAN,NAN,NAN,NAN
2017,7,27,13,30,NAN,NAN,NAN,NAN,NAN
2017,7,27,14,0,NAN,NAN,NAN,NAN,NAN
2017,7,27,14,30,NAN,NAN,NAN,NAN,NAN
2017,7,27,15,0,NAN,NAN,NAN,NAN,NAN
2017,7,27,15,30,NAN,NAN,NAN,NAN,NAN
2017,7,27,16,0,NAN,NAN,NAN,NAN,NAN
2017,7,27,16,30,NAN,NAN,NAN,NAN,NAN
2017,7,27,17,0,NAN,NAN,NAN,NAN,NAN
2017,7,27,17,30,NAN,NAN,NAN,NAN,NAN
2017,7,27,18,0,NAN,NAN,NAN,NAN,NAN
2017,7,27,18,30,NAN,NAN,NAN,NAN,NAN
2017,7,27,19,0,NAN,NAN,NAN,NAN,NAN
2017,7,27,19,30,NAN,NAN,NAN,NAN,NAN
2017,7,27,20,0,NAN,NAN,NAN,NAN,NAN
2017,7,27,20,30,NAN,NAN,NAN,NAN,NAN
2017,7,27,21,0,NAN,NAN,NAN,NAN,NAN
2017,7,27,21,30,NAN,NAN,NAN,NAN,NAN
2017,7,27,22,0,NAN,NAN,NAN,NAN,NAN
2017,7,27,22,30,NAN,NAN,NAN,NAN,NAN
2017,7,27,23,0,NAN,NAN,NAN,NAN,NAN
2017,7,27,23,30,NAN,NAN,NAN,NAN,NAN
2017,7,27,24,0,NAN,NAN,NAN,NAN,NAN
2017,7,28,0,30,NAN,NAN,NAN,NAN,NAN
2017,7,28,1,0,NAN,NAN,NAN,NAN,NAN
2017,7,28,1,30,NAN,NAN,NAN,NAN,NAN
2017,7,28,2,0,NAN,NAN,NAN,NAN,NAN
2017,7,28,2,30,NAN,NAN,NAN,NAN,NAN
2017,7,28,3,0,NAN,NAN,NAN,NAN,NAN
2017,7,28,3,30,NAN,NAN,NAN,NAN,NAN
2017,7,28,4,0,NAN,NAN,NAN,NAN,NAN
2017,7,28,4,30,NAN,NAN,NAN,NAN,NAN
2017,7,28,5,0,NAN,NAN,NAN,NAN,NAN
2017,7,28,5,30,NAN,NAN,NAN,NAN,NAN
2017,7,28,6,0,NAN,NAN,NAN,NAN,NAN
2017,7,28,6,30,NAN,NAN,NAN,NAN,NAN
2017,7,28,7,0,NAN,NAN,NAN,NAN,NAN
2017,7,28,7,30,NAN,NAN,NAN,NAN,NAN
2017,7,28,8,0,NAN,NAN,NAN,NAN,NAN
2017,7,28,8,30,NAN,NAN,NAN,NAN,NAN
2017,7,28,9,0,NAN,NAN,NAN,NAN,NAN
2017,7,28,9,30,NAN,NAN,NAN,NAN,NAN
2017,7,28,10,0,NAN,NAN,NAN,NAN,NAN
2017,7,28,10,30,NAN,NAN,NAN,NAN,NAN
2017,7,28,11,0,NAN,NAN,NAN,NAN,NAN
2017,7,28,11,30,NAN,NAN,NAN,NAN,NAN
2017,7,28,12,0,NAN,NAN,NAN,NAN,NAN
2017,7,28,12,30,NAN,NAN,NAN,NAN,NAN
2017,7,28,13,0,NAN,NAN,NAN,NAN,NAN
2017,7,28,13,30,NAN,NAN,NAN,NAN,NAN
2017,7,28,14,0,NAN,NAN,NAN,NAN,NAN
2017,7,28,14,30,NAN,NAN,NAN,NAN,NAN
2017,7,28,15,0,NAN,NAN,NAN,NAN,NAN
2017,7,28,15,30,NAN,NAN,NAN,NAN,NAN
2017,7,28,16,0,NAN,NAN,NAN,NAN,NAN
2017,7,28,16,30,NAN,NAN,NAN,NAN,NAN
2017,7,28,17,0,NAN,NAN,NAN,NAN,NAN
2017,7,28,17,30,NAN,NAN,NAN,NAN,NAN
2017,7,28,18,0,NAN,NAN,NAN,NAN,NAN
2017,7,28,18,30,NAN,NAN,NAN,NAN,NAN
2017,7,28,19,0,NAN,NAN,NAN,NAN,NAN
2017,7,28,19,30,NAN,NAN,NAN,NAN,NAN
2017,7,28,20,0,NAN,NAN,NAN,NAN,NAN
2017,7,28,20,30,NAN,NAN,NAN,NAN,NAN
2017,7,28,21,0,NAN,NAN,NAN,NAN,NAN
2017,7,28,21,30,NAN,NAN,NAN,NAN,NAN
2017,7,28,22,0,NAN,NAN,NAN,NAN,NAN
2017,7,28,22,30,NAN,NAN,NAN,NAN,NAN
2017,7,28,23,0,NAN,NAN,NAN,NAN,NAN
2017,7,28,23,30,NAN,NAN,NAN,NAN,NAN
2017,7,28,24,0,NAN,NAN,NAN,NAN,NAN
2017,7,29,0,30,NAN,NAN,NAN,NAN,NAN
2017,7,29,1,0,NAN,NAN,NAN,NAN,NAN
2017,7,29,1,30,NAN,NAN,NAN,NAN,NAN
2017,7,29,2,0,NAN,NAN,NAN,NAN,NAN
2017,7,29,2,30,NAN,NAN,NAN,NAN,NAN
2017,7,29,3,0,NAN,NAN,NAN,NAN,NAN
2017,7,29,3,30,NAN,NAN,NAN,NAN,NAN
2017,7,29,4,0,NAN,NAN,NAN,NAN,NAN
2017,7,29,4,30,NAN,NAN,NAN,NAN,NAN
2017,7,29,5,0,NAN,NAN,NAN,NAN,NAN
2017,7,29,5,30,NAN,NAN,NAN,NAN,NAN
2017,7,29,6,0,NAN,NAN,NAN,NAN,NAN
2017,7,29,6,30,NAN,NAN,NAN,NAN,NAN
2017,7,29,7,0,NAN,NAN,NAN,NAN,NAN
2017,7,29,7,30,NAN,NAN,NAN,NAN,NAN
2017,7,29,8,0,NAN,NAN,NAN,NAN,NAN
2017,7,29,8,30,NAN,NAN,NAN,NAN,NAN
2017,7,29,9,0,NAN,NAN,NAN,NAN,NAN
2017,7,29,9,30,NAN,NAN,NAN,NAN,NAN
2017,7,29,10,0,NAN,NAN,NAN,NAN,NAN
2017,7,29,10,30,NAN,NAN,NAN,NAN,NAN
2017,7,29,11,0,NAN,NAN,NAN,NAN,NAN
2017,7,29,11,30,NAN,NAN,NAN,NAN,NAN
2017,7,29,12,0,NAN,NAN,NAN,NAN,NAN
2017,7,29,12,30,NAN,NAN,NAN,NAN,NAN
2017,7,29,13,0,NAN,NAN,NAN,NAN,NAN
2017,7,29,13,30,NAN,NAN,NAN,NAN,NAN
2017,7,29,14,0,NAN,NAN,NAN,NAN,NAN
2017,7,29,14,30,NAN,NAN,NAN,NAN,NAN
2017,7,29,15,0,NAN,NAN,NAN,NAN,NAN
2017,7,29,15,30,NAN,NAN,NAN,NAN,NAN
2017,7,29,16,0,NAN,NAN,NAN,NAN,NAN
2017,7,29,16,30,NAN,NAN,NAN,NAN,NAN
2017,7,29,17,0,NAN,NAN,NAN,NAN,NAN
2017,7,29,17,30,NAN,NAN,NAN,NAN,NAN
2017,7,29,18,0,NAN,NAN,NAN,NAN,NAN
2017,7,29,18,30,NAN,NAN,NAN,NAN,NAN
2017,7,29,19,0,NAN,NAN,NAN,NAN,NAN
2017,7,29,19,30,NAN,NAN,NAN,NAN,NAN
2017,7,29,20,0,NAN,NAN,NAN,NAN,NAN
2017,7,29,20,30,NAN,NAN,NAN,NAN,NAN
2017,7,29,21,0,NAN,NAN,NAN,NAN,NAN
2017,7,29,21,30,NAN,NAN,NAN,NAN,NAN
2017,7,29,22,0,NAN,NAN,NAN,NAN,NAN
2017,7,29,22,30,NAN,NAN,NAN,NAN,NAN
2017,7,29,23,0,NAN,NAN,NAN,NAN,NAN
2017,7,29,23,30,NAN,NAN,NAN,NAN,NAN
2017,7,29,24,0,NAN,NAN,NAN,NAN,NAN
2017,7,30,0,30,NAN,NAN,NAN,NAN,NAN
2017,7,30,1,0,NAN,NAN,NAN,NAN,NAN
2017,7,30,1,30,NAN,NAN,NAN,NAN,NAN
2017,7,30,2,0,NAN,NAN,NAN,NAN,NAN
2017,7,30,2,30,NAN,NAN,NAN,NAN,NAN
2017,7,30,3,0,NAN,NAN,NAN,NAN,NAN
2017,7,30,3,30,NAN,NAN,NAN,NAN,NAN
2017,7,30,4,0,NAN,NAN,NAN,NAN,NAN
2017,7,30,4,30,NAN,NAN,NAN,NAN,NAN
2017,7,30,5,0,NAN,NAN,NAN,NAN,NAN
2017,7,30,5,30,NAN,NAN,NAN,NAN,NAN
2017,7,30,6,0,NAN,NAN,NAN,NAN,NAN
2017,7,30,6,30,NAN,NAN,NAN,NAN,NAN
2017,7,30,7,0,NAN,NAN,NAN,NAN,NAN
2017,7,30,7,30,NAN,NAN,NAN,NAN,NAN
2017,7,30,8,0,NAN,NAN,NAN,NAN,NAN
2017,7,30,8,30,NAN,NAN,NAN,NAN,NAN
2017,7,30,9,0,NAN,NAN,NAN,NAN,NAN
2017,7,30,9,30,NAN,NAN,NAN,NAN,NAN
2017,7,30,10,0,NAN,NAN,NAN,NAN,NAN
2017,7,30,10,30,NAN,NAN,NAN,NAN,NAN
2017,7,30,11,0,NAN,NAN,NAN,NAN,NAN
2017,7,30,11,30,NAN,NAN,NAN,NAN,NAN
2017,7,30,12,0,NAN,NAN,NAN,NAN,NAN
2017,7,30,12,30,NAN,NAN,NAN,NAN,NAN
2017,7,30,13,0,NAN,NAN,NAN,NAN,NAN
2017,7,30,13,30,NAN,NAN,NAN,NAN,NAN
2017,7,30,14,0,NAN,NAN,NAN,NAN,NAN
2017,7,30,14,30,NAN,NAN,NAN,NAN,NAN
2017,7,30,15,0,NAN,NAN,NAN,NAN,NAN
2017,7,30,15,30,NAN,NAN,NAN,NAN,NAN
2017,7,30,16,0,NAN,NAN,NAN,NAN,NAN
2017,7,30,16,30,NAN,NAN,NAN,NAN,NAN
2017,7,30,17,0,NAN,NAN,NAN,NAN,NAN
2017,7,30,17,30,NAN,NAN,NAN,NAN,NAN
2017,7,30,18,0,NAN,NAN,NAN,NAN,NAN
2017,7,30,18,30,NAN,NAN,NAN,NAN,NAN
2017,7,30,19,0,NAN,NAN,NAN,NAN,NAN
2017,7,30,19,30,NAN,NAN,NAN,NAN,NAN
2017,7,30,20,0,NAN,NAN,NAN,NAN,NAN
2017,7,30,20,30,NAN,NAN,NAN,NAN,NAN
2017,7,30,21,0,NAN,NAN,NAN,NAN,NAN
2017,7,30,21,30,NAN,NAN,NAN,NAN,NAN
2017,7,30,22,0,NAN,NAN,NAN,NAN,NAN
2017,7,30,22,30,NAN,NAN,NAN,NAN,NAN
2017,7,30,23,0,NAN,NAN,NAN,NAN,NAN
2017,7,30,23,30,NAN,NAN,NAN,NAN,NAN
2017,7,30,24,0,NAN,NAN,NAN,NAN,NAN
2017,7,31,0,30,NAN,NAN,NAN,NAN,NAN
2017,7,31,1,0,NAN,NAN,NAN,NAN,NAN
2017,7,31,1,30,NAN,NAN,NAN,NAN,NAN
2017,7,31,2,0,NAN,NAN,NAN,NAN,NAN
2017,7,31,2,30,NAN,NAN,NAN,NAN,NAN
2017,7,31,3,0,NAN,NAN,NAN,NAN,NAN
2017,7,31,3,30,NAN,NAN,NAN,NAN,NAN
2017,7,31,4,0,NAN,NAN,NAN,NAN,NAN
2017,7,31,4,30,NAN,NAN,NAN,NAN,NAN
2017,7,31,5,0,NAN,NAN,NAN,NAN,NAN
2017,7,31,5,30,NAN,NAN,NAN,NAN,NAN
2017,7,31,6,0,NAN,NAN,NAN,NAN,NAN
2017,7,31,6,30,NAN,NAN,NAN,NAN,NAN
2017,7,31,7,0,NAN,NAN,NAN,NAN,NAN
2017,7,31,7,30,NAN,NAN,NAN,NAN,NAN
2017,7,31,8,0,NAN,NAN,NAN,NAN,NAN
2017,7,31,8,30,NAN,NAN,NAN,NAN,NAN
2017,7,31,9,0,NAN,NAN,NAN,NAN,NAN
2017,7,31,9,30,NAN,NAN,NAN,NAN,NAN
2017,7,31,10,0,NAN,NAN,NAN,NAN,NAN
2017,7,31,10,30,NAN,NAN,NAN,NAN,NAN
2017,7,31,11,0,NAN,NAN,NAN,NAN,NAN
2017,7,31,11,30,NAN,NAN,NAN,NAN,NAN
2017,7,31,12,0,NAN,NAN,NAN,NAN,NAN
2017,7,31,12,30,NAN,NAN,NAN,NAN,NAN
2017,7,31,13,0,NAN,NAN,NAN,NAN,NAN
2017,7,31,13,30,NAN,NAN,NAN,NAN,NAN
2017,7,31,14,0,NAN,NAN,NAN,NAN,NAN
2017,7,31,14,30,NAN,NAN,NAN,NAN,NAN
2017,7,31,15,0,NAN,NAN,NAN,NAN,NAN
2017,7,31,15,30,NAN,NAN,NAN,NAN,NAN
2017,7,31,16,0,NAN,NAN,NAN,NAN,NAN
2017,7,31,16,30,NAN,NAN,NAN,NAN,NAN
2017,7,31,17,0,NAN,NAN,NAN,NAN,NAN
2017,7,31,17,30,NAN,NAN,NAN,NAN,NAN
2017,7,31,18,0,NAN,NAN,NAN,NAN,NAN
2017,7,31,18,30,NAN,NAN,NAN,NAN,NAN
2017,7,31,19,0,NAN,NAN,NAN,NAN,NAN
2017,7,31,19,30,NAN,NAN,NAN,NAN,NAN
2017,7,31,20,0,NAN,NAN,NAN,NAN,NAN
2017,7,31,20,30,NAN,NAN,NAN,NAN,NAN
2017,7,31,21,0,NAN,NAN,NAN,NAN,NAN
2017,7,31,21,30,NAN,NAN,NAN,NAN,NAN
2017,7,31,22,0,NAN,NAN,NAN,NAN,NAN
2017,7,31,22,30,NAN,NAN,NAN,NAN,NAN
2017,7,31,23,0,NAN,NAN,NAN,NAN,NAN
2017,7,31,23,30,NAN,NAN,NAN,NAN,NAN
2017,7,31,24,0,NAN,NAN,NAN,NAN,NAN
2017,8,1,0,30,NAN,NAN,NAN,NAN,NAN
2017,8,1,1,0,NAN,NAN,NAN,NAN,NAN
2017,8,1,1,30,NAN,NAN,NAN,NAN,NAN
2017,8,1,2,0,NAN,NAN,NAN,NAN,NAN
2017,8,1,2,30,NAN,NAN,NAN,NAN,NAN
2017,8,1,3,0,NAN,NAN,NAN,NAN,NAN
2017,8,1,3,30,NAN,NAN,NAN,NAN,NAN
2017,8,1,4,0,NAN,NAN,NAN,NAN,NAN
2017,8,1,4,30,NAN,NAN,NAN,NAN,NAN
2017,8,1,5,0,NAN,NAN,NAN,NAN,NAN
2017,8,1,5,30,NAN,NAN,NAN,NAN,NAN
2017,8,1,6,0,NAN,NAN,NAN,NAN,NAN
2017,8,1,6,30,NAN,NAN,NAN,NAN,NAN
2017,8,1,7,0,NAN,NAN,NAN,NAN,NAN
2017,8,1,7,30,NAN,NAN,NAN,NAN,NAN
2017,8,1,8,0,NAN,NAN,NAN,NAN,NAN
2017,8,1,8,30,NAN,NAN,NAN,NAN,NAN
2017,8,1,9,0,NAN,NAN,NAN,NAN,NAN
2017,8,1,9,30,NAN,NAN,NAN,NAN,NAN
2017,8,1,10,0,NAN,NAN,NAN,NAN,NAN
2017,8,1,10,30,NAN,NAN,NAN,NAN,NAN
2017,8,1,11,0,NAN,NAN,NAN,NAN,NAN
2017,8,1,11,30,NAN,NAN,NAN,NAN,NAN
2017,8,1,12,0,NAN,NAN,NAN,NAN,NAN
2017,8,1,12,30,NAN,NAN,NAN,NAN,NAN
2017,8,1,13,0,NAN,NAN,NAN,NAN,NAN
2017,8,1,13,30,NAN,NAN,NAN,NAN,NAN
2017,8,1,14,0,NAN,NAN,NAN,NAN,NAN
2017,8,1,14,30,NAN,NAN,NAN,NAN,NAN
2017,8,1,15,0,NAN,NAN,NAN,NAN,NAN
2017,8,1,15,30,NAN,NAN,NAN,NAN,NAN
2017,8,1,16,0,NAN,NAN,NAN,NAN,NAN
2017,8,1,16,30,NAN,NAN,NAN,NAN,NAN
2017,8,1,17,0,NAN,NAN,NAN,NAN,NAN
2017,8,1,17,30,NAN,NAN,NAN,NAN,NAN
2017,8,1,18,0,NAN,NAN,NAN,NAN,NAN
2017,8,1,18,30,NAN,NAN,NAN,NAN,NAN
2017,8,1,19,0,NAN,NAN,NAN,NAN,NAN
2017,8,1,19,30,NAN,NAN,NAN,NAN,NAN
2017,8,1,20,0,NAN,NAN,NAN,NAN,NAN
2017,8,1,20,30,NAN,NAN,NAN,NAN,NAN
2017,8,1,21,0,NAN,NAN,NAN,NAN,NAN
2017,8,1,21,30,NAN,NAN,NAN,NAN,NAN
2017,8,1,22,0,NAN,NAN,NAN,NAN,NAN
2017,8,1,22,30,NAN,NAN,NAN,NAN,NAN
2017,8,1,23,0,NAN,NAN,NAN,NAN,NAN
2017,8,1,23,30,NAN,NAN,NAN,NAN,NAN
2017,8,1,24,0,NAN,NAN,NAN,NAN,NAN
2017,8,2,0,30,NAN,NAN,NAN,NAN,NAN
2017,8,2,1,0,NAN,NAN,NAN,NAN,NAN
2017,8,2,1,30,NAN,NAN,NAN,NAN,NAN
2017,8,2,2,0,NAN,NAN,NAN,NAN,NAN
2017,8,2,2,30,NAN,NAN,NAN,NAN,NAN
2017,8,2,3,0,NAN,NAN,NAN,NAN,NAN
2017,8,2,3,30,NAN,NAN,NAN,NAN,NAN
2017,8,2,4,0,NAN,NAN,NAN,NAN,NAN
2017,8,2,4,30,NAN,NAN,NAN,NAN,NAN
2017,8,2,5,0,NAN,NAN,NAN,NAN,NAN
2017,8,2,5,30,NAN,NAN,NAN,NAN,NAN
2017,8,2,6,0,NAN,NAN,NAN,NAN,NAN
2017,8,2,6,30,NAN,NAN,NAN,NAN,NAN
2017,8,2,7,0,NAN,NAN,NAN,NAN,NAN
2017,8,2,7,30,NAN,NAN,NAN,NAN,NAN
2017,8,2,8,0,NAN,NAN,NAN,NAN,NAN
2017,8,2,8,30,NAN,NAN,NAN,NAN,NAN
2017,8,2,9,0,NAN,NAN,NAN,NAN,NAN
2017,8,2,9,30,NAN,NAN,NAN,NAN,NAN
2017,8,2,10,0,NAN,NAN,NAN,NAN,NAN
2017,8,2,10,30,NAN,NAN,NAN,NAN,NAN
2017,8,2,11,0,NAN,NAN,NAN,NAN,NAN
2017,8,2,11,30,NAN,NAN,NAN,NAN,NAN
2017,8,2,12,0,NAN,NAN,NAN,NAN,NAN
2017,8,2,12,30,NAN,NAN,NAN,NAN,NAN
2017,8,2,13,0,NAN,NAN,NAN,NAN,NAN
2017,8,2,13,30,NAN,NAN,NAN,NAN,NAN
2017,8,2,14,0,NAN,NAN,NAN,NAN,NAN
2017,8,2,14,30,NAN,NAN,NAN,NAN,NAN
2017,8,2,15,0,NAN,NAN,NAN,NAN,NAN
2017,8,2,15,30,NAN,NAN,NAN,NAN,NAN
2017,8,2,16,0,NAN,NAN,NAN,NAN,NAN
2017,8,2,16,30,NAN,NAN,NAN,NAN,NAN
2017,8,2,17,0,NAN,NAN,NAN,NAN,NAN
2017,8,2,17,30,NAN,NAN,NAN,NAN,NAN
2017,8,2,18,0,NAN,NAN,NAN,NAN,NAN
2017,8,2,18,30,NAN,NAN,NAN,NAN,NAN
2017,8,2,19,0,NAN,NAN,NAN,NAN,NAN
2017,8,2,19,30,NAN,NAN,NAN,NAN,NAN
2017,8,2,20,0,NAN,NAN,NAN,NAN,NAN
2017,8,2,20,30,NAN,NAN,NAN,NAN,NAN
2017,8,2,21,0,NAN,NAN,NAN,NAN,NAN
2017,8,2,21,30,NAN,NAN,NAN,NAN,NAN
2017,8,2,22,0,NAN,NAN,NAN,NAN,NAN
2017,8,2,22,30,NAN,NAN,NAN,NAN,NAN
2017,8,2,23,0,NAN,NAN,NAN,NAN,NAN
2017,8,2,23,30,NAN,NAN,NAN,NAN,NAN
2017,8,2,24,0,NAN,NAN,NAN,NAN,NAN
2017,8,3,0,30,NAN,NAN,NAN,NAN,NAN
2017,8,3,1,0,NAN,NAN,NAN,NAN,NAN
2017,8,3,1,30,NAN,NAN,NAN,NAN,NAN
2017,8,3,2,0,NAN,NAN,NAN,NAN,NAN
2017,8,3,2,30,NAN,NAN,NAN,NAN,NAN
2017,8,3,3,0,NAN,NAN,NAN,NAN,NAN
2017,8,3,3,30,NAN,NAN,NAN,NAN,NAN
2017,8,3,4,0,NAN,NAN,NAN,NAN,NAN
2017,8,3,4,30,NAN,NAN,NAN,NAN,NAN
2017,8,3,5,0,NAN,NAN,NAN,NAN,NAN
2017,8,3,5,30,NAN,NAN,NAN,NAN,NAN
2017,8,3,6,0,NAN,NAN,NAN,NAN,NAN
2017,8,3,6,30,NAN,NAN,NAN,NAN,NAN
2017,8,3,7,0,NAN,NAN,NAN,NAN,NAN
2017,8,3,7,30,NAN,NAN,NAN,NAN,NAN
2017,8,3,8,0,NAN,NAN,NAN,NAN,NAN
2017,8,3,8,30,NAN,NAN,NAN,NAN,NAN
2017,8,3,9,0,NAN,NAN,NAN,NAN,NAN
2017,8,3,9,30,NAN,NAN,NAN,NAN,NAN
2017,8,3,10,0,NAN,NAN,NAN,NAN,NAN
2017,8,3,10,30,NAN,NAN,NAN,NAN,NAN
2017,8,3,11,0,NAN,NAN,NAN,NAN,NAN
2017,8,3,11,30,NAN,NAN,NAN,NAN,NAN
2017,8,3,12,0,NAN,NAN,NAN,NAN,NAN
2017,8,3,12,30,NAN,NAN,NAN,NAN,NAN
2017,8,3,13,0,NAN,NAN,NAN,NAN,NAN
2017,8,3,13,30,NAN,NAN,NAN,NAN,NAN
2017,8,3,14,0,NAN,NAN,NAN,NAN,NAN
2017,8,3,14,30,NAN,NAN,NAN,NAN,NAN
2017,8,3,15,0,NAN,NAN,NAN,NAN,NAN
2017,8,3,15,30,NAN,NAN,NAN,NAN,NAN
2017,8,3,16,0,NAN,NAN,NAN,NAN,NAN
2017,8,3,16,30,NAN,NAN,NAN,NAN,NAN
2017,8,3,17,0,NAN,NAN,NAN,NAN,NAN
2017,8,3,17,30,NAN,NAN,NAN,NAN,NAN
2017,8,3,18,0,NAN,NAN,NAN,NAN,NAN
2017,8,3,18,30,NAN,NAN,NAN,NAN,NAN
2017,8,3,19,0,NAN,NAN,NAN,NAN,NAN
2017,8,3,19,30,NAN,NAN,NAN,NAN,NAN
2017,8,3,20,0,NAN,NAN,NAN,NAN,NAN
2017,8,3,20,30,NAN,NAN,NAN,NAN,NAN
2017,8,3,21,0,NAN,NAN,NAN,NAN,NAN
2017,8,3,21,30,NAN,NAN,NAN,NAN,NAN
2017,8,3,22,0,NAN,NAN,NAN,NAN,NAN
2017,8,3,22,30,NAN,NAN,NAN,NAN,NAN
2017,8,3,23,0,NAN,NAN,NAN,NAN,NAN
2017,8,3,23,30,NAN,NAN,NAN,NAN,NAN
2017,8,3,24,0,NAN,NAN,NAN,NAN,NAN
2017,8,4,0,30,NAN,NAN,NAN,NAN,NAN
2017,8,4,1,0,NAN,NAN,NAN,NAN,NAN
2017,8,4,1,30,NAN,NAN,NAN,NAN,NAN
2017,8,4,2,0,NAN,NAN,NAN,NAN,NAN
2017,8,4,2,30,NAN,NAN,NAN,NAN,NAN
2017,8,4,3,0,NAN,NAN,NAN,NAN,NAN
2017,8,4,3,30,NAN,NAN,NAN,NAN,NAN
2017,8,4,4,0,NAN,NAN,NAN,NAN,NAN
2017,8,4,4,30,NAN,NAN,NAN,NAN,NAN
2017,8,4,5,0,NAN,NAN,NAN,NAN,NAN
2017,8,4,5,30,NAN,NAN,NAN,NAN,NAN
2017,8,4,6,0,NAN,NAN,NAN,NAN,NAN
2017,8,4,6,30,NAN,NAN,NAN,NAN,NAN
2017,8,4,7,0,NAN,NAN,NAN,NAN,NAN
2017,8,4,7,30,NAN,NAN,NAN,NAN,NAN
2017,8,4,8,0,NAN,NAN,NAN,NAN,NAN
2017,8,4,8,30,NAN,NAN,NAN,NAN,NAN
2017,8,4,9,0,NAN,NAN,NAN,NAN,NAN
2017,8,4,9,30,NAN,NAN,NAN,NAN,NAN
2017,8,4,10,0,NAN,NAN,NAN,NAN,NAN
2017,8,4,10,30,NAN,NAN,NAN,NAN,NAN
2017,8,4,11,0,NAN,NAN,NAN,NAN,NAN
2017,8,4,11,30,NAN,NAN,NAN,NAN,NAN
2017,8,4,12,0,NAN,NAN,NAN,NAN,NAN
2017,8,4,12,30,NAN,NAN,NAN,NAN,NAN
2017,8,4,13,0,NAN,NAN,NAN,NAN,NAN
2017,8,4,13,30,NAN,NAN,NAN,NAN,NAN
2017,8,4,14,0,NAN,NAN,NAN,NAN,NAN
2017,8,4,14,30,NAN,NAN,NAN,NAN,NAN
2017,8,4,15,0,NAN,NAN,NAN,NAN,NAN
2017,8,4,15,30,NAN,NAN,NAN,NAN,NAN
2017,8,4,16,0,NAN,NAN,NAN,NAN,NAN
2017,8,4,16,30,NAN,NAN,NAN,NAN,NAN
2017,8,4,17,0,NAN,NAN,NAN,NAN,NAN
2017,8,4,17,30,NAN,NAN,NAN,NAN,NAN
2017,8,4,18,0,NAN,NAN,NAN,NAN,NAN
2017,8,4,18,30,NAN,NAN,NAN,NAN,NAN
2017,8,4,19,0,NAN,NAN,NAN,NAN,NAN
2017,8,4,19,30,NAN,NAN,NAN,NAN,NAN
2017,8,4,20,0,NAN,NAN,NAN,NAN,NAN
2017,8,4,20,30,NAN,NAN,NAN,NAN,NAN
2017,8,4,21,0,NAN,NAN,NAN,NAN,NAN
2017,8,4,21,30,NAN,NAN,NAN,NAN,NAN
2017,8,4,22,0,NAN,NAN,NAN,NAN,NAN
2017,8,4,22,30,NAN,NAN,NAN,NAN,NAN
2017,8,4,23,0,NAN,NAN,NAN,NAN,NAN
2017,8,4,23,30,NAN,NAN,NAN,NAN,NAN
2017,8,4,24,0,NAN,NAN,NAN,NAN,NAN
2017,8,5,0,30,NAN,NAN,NAN,NAN,NAN
2017,8,5,1,0,NAN,NAN,NAN,NAN,NAN
2017,8,5,1,30,NAN,NAN,NAN,NAN,NAN
2017,8,5,2,0,NAN,NAN,NAN,NAN,NAN
2017,8,5,2,30,NAN,NAN,NAN,NAN,NAN
2017,8,5,3,0,NAN,NAN,NAN,NAN,NAN
2017,8,5,3,30,NAN,NAN,NAN,NAN,NAN
2017,8,5,4,0,NAN,NAN,NAN,NAN,NAN
2017,8,5,4,30,NAN,NAN,NAN,NAN,NAN
2017,8,5,5,0,NAN,NAN,NAN,NAN,NAN
2017,8,5,5,30,NAN,NAN,NAN,NAN,NAN
2017,8,5,6,0,NAN,NAN,NAN,NAN,NAN
2017,8,5,6,30,NAN,NAN,NAN,NAN,NAN
2017,8,5,7,0,NAN,NAN,NAN,NAN,NAN
2017,8,5,7,30,NAN,NAN,NAN,NAN,NAN
2017,8,5,8,0,NAN,NAN,NAN,NAN,NAN
2017,8,5,8,30,NAN,NAN,NAN,NAN,NAN
2017,8,5,9,0,NAN,NAN,NAN,NAN,NAN
2017,8,5,9,30,NAN,NAN,NAN,NAN,NAN
2017,8,5,10,0,NAN,NAN,NAN,NAN,NAN
2017,8,5,10,30,NAN,NAN,NAN,NAN,NAN
2017,8,5,11,0,NAN,NAN,NAN,NAN,NAN
2017,8,5,11,30,NAN,NAN,NAN,NAN,NAN
2017,8,5,12,0,NAN,NAN,NAN,NAN,NAN
2017,8,5,12,30,NAN,NAN,NAN,NAN,NAN
2017,8,5,13,0,NAN,NAN,NAN,NAN,NAN
2017,8,5,13,30,NAN,NAN,NAN,NAN,NAN
2017,8,5,14,0,NAN,NAN,NAN,NAN,NAN
2017,8,5,14,30,NAN,NAN,NAN,NAN,NAN
2017,8,5,15,0,NAN,NAN,NAN,NAN,NAN
2017,8,5,15,30,NAN,NAN,NAN,NAN,NAN
2017,8,5,16,0,NAN,NAN,NAN,NAN,NAN
2017,8,5,16,30,NAN,NAN,NAN,NAN,NAN
2017,8,5,17,0,NAN,NAN,NAN,NAN,NAN
2017,8,5,17,30,NAN,NAN,NAN,NAN,NAN
2017,8,5,18,0,NAN,NAN,NAN,NAN,NAN
2017,8,5,18,30,NAN,NAN,NAN,NAN,NAN
2017,8,5,19,0,NAN,NAN,NAN,NAN,NAN
2017,8,5,19,30,NAN,NAN,NAN,NAN,NAN
2017,8,5,20,0,NAN,NAN,NAN,NAN,NAN
2017,8,5,20,30,NAN,NAN,NAN,NAN,NAN
2017,8,5,21,0,NAN,NAN,NAN,NAN,NAN
2017,8,5,21,30,NAN,NAN,NAN,NAN,NAN
2017,8,5,22,0,NAN,NAN,NAN,NAN,NAN
2017,8,5,22,30,NAN,NAN,NAN,NAN,NAN
2017,8,5,23,0,NAN,NAN,NAN,NAN,NAN
2017,8,5,23,30,NAN,NAN,NAN,NAN,NAN
2017,8,5,24,0,NAN,NAN,NAN,NAN,NAN
2017,8,6,0,30,NAN,NAN,NAN,NAN,NAN
2017,8,6,1,0,NAN,NAN,NAN,NAN,NAN
2017,8,6,1,30,NAN,NAN,NAN,NAN,NAN
2017,8,6,2,0,NAN,NAN,NAN,NAN,NAN
2017,8,6,2,30,NAN,NAN,NAN,NAN,NAN
2017,8,6,3,0,NAN,NAN,NAN,NAN,NAN
2017,8,6,3,30,NAN,NAN,NAN,NAN,NAN
2017,8,6,4,0,NAN,NAN,NAN,NAN,NAN
2017,8,6,4,30,NAN,NAN,NAN,NAN,NAN
2017,8,6,5,0,NAN,NAN,NAN,NAN,NAN
2017,8,6,5,30,NAN,NAN,NAN,NAN,NAN
2017,8,6,6,0,NAN,NAN,NAN,NAN,NAN
2017,8,6,6,30,NAN,NAN,NAN,NAN,NAN
2017,8,6,7,0,NAN,NAN,NAN,NAN,NAN
2017,8,6,7,30,NAN,NAN,NAN,NAN,NAN
2017,8,6,8,0,NAN,NAN,NAN,NAN,NAN
2017,8,6,8,30,NAN,NAN,NAN,NAN,NAN
2017,8,6,9,0,NAN,NAN,NAN,NAN,NAN
2017,8,6,9,30,NAN,NAN,NAN,NAN,NAN
2017,8,6,10,0,NAN,NAN,NAN,NAN,NAN
2017,8,6,10,30,NAN,NAN,NAN,NAN,NAN
2017,8,6,11,0,NAN,NAN,NAN,NAN,NAN
2017,8,6,11,30,NAN,NAN,NAN,NAN,NAN
2017,8,6,12,0,NAN,NAN,NAN,NAN,NAN
2017,8,6,12,30,NAN,NAN,NAN,NAN,NAN
2017,8,6,13,0,NAN,NAN,NAN,NAN,NAN
2017,8,6,13,30,NAN,NAN,NAN,NAN,NAN
2017,8,6,14,0,NAN,NAN,NAN,NAN,NAN
2017,8,6,14,30,NAN,NAN,NAN,NAN,NAN
2017,8,6,15,0,NAN,NAN,NAN,NAN,NAN
2017,8,6,15,30,NAN,NAN,NAN,NAN,NAN
2017,8,6,16,0,NAN,NAN,NAN,NAN,NAN
2017,8,6,16,30,NAN,NAN,NAN,NAN,NAN
2017,8,6,17,0,NAN,NAN,NAN,NAN,NAN
2017,8,6,17,30,NAN,NAN,NAN,NAN,NAN
2017,8,6,18,0,NAN,NAN,NAN,NAN,NAN
2017,8,6,18,30,NAN,NAN,NAN,NAN,NAN
2017,8,6,19,0,NAN,NAN,NAN,NAN,NAN
2017,8,6,19,30,NAN,NAN,NAN,NAN,NAN
2017,8,6,20,0,NAN,NAN,NAN,NAN,NAN
2017,8,6,20,30,NAN,NAN,NAN,NAN,NAN
2017,8,6,21,0,NAN,NAN,NAN,NAN,NAN
2017,8,6,21,30,NAN,NAN,NAN,NAN,NAN
2017,8,6,22,0,NAN,NAN,NAN,NAN,NAN
2017,8,6,22,30,NAN,NAN,NAN,NAN,NAN
2017,8,6,23,0,NAN,NAN,NAN,NAN,NAN
2017,8,6,23,30,NAN,NAN,NAN,NAN,NAN
2017,8,6,24,0,NAN,NAN,NAN,NAN,NAN
2017,8,7,0,30,NAN,NAN,NAN,NAN,NAN
2017,8,7,1,0,NAN,NAN,NAN,NAN,NAN
2017,8,7,1,30,NAN,NAN,NAN,NAN,NAN
2017,8,7,2,0,NAN,NAN,NAN,NAN,NAN
2017,8,7,2,30,NAN,NAN,NAN,NAN,NAN
2017,8,7,3,0,NAN,NAN,NAN,NAN,NAN
2017,8,7,3,30,NAN,NAN,NAN,NAN,NAN
2017,8,7,4,0,NAN,NAN,NAN,NAN,NAN
2017,8,7,4,30,NAN,NAN,NAN,NAN,NAN
2017,8,7,5,0,NAN,NAN,NAN,NAN,NAN
2017,8,7,5,30,NAN,NAN,NAN,NAN,NAN
2017,8,7,6,0,NAN,NAN,NAN,NAN,NAN
2017,8,7,6,30,NAN,NAN,NAN,NAN,NAN
2017,8,7,7,0,NAN,NAN,NAN,NAN,NAN
2017,8,7,7,30,NAN,NAN,NAN,NAN,NAN
2017,8,7,8,0,NAN,NAN,NAN,NAN,NAN
2017,8,7,8,30,NAN,NAN,NAN,NAN,NAN
2017,8,7,9,0,NAN,NAN,NAN,NAN,NAN
2017,8,7,9,30,NAN,NAN,NAN,NAN,NAN
2017,8,7,10,0,NAN,NAN,NAN,NAN,NAN
2017,8,7,10,30,NAN,NAN,NAN,NAN,NAN
2017,8,7,11,0,NAN,NAN,NAN,NAN,NAN
2017,8,7,11,30,NAN,NAN,NAN,NAN,NAN
2017,8,7,12,0,NAN,NAN,NAN,NAN,NAN
2017,8,7,12,30,NAN,NAN,NAN,NAN,NAN
2017,8,7,13,0,NAN,NAN,NAN,NAN,NAN
2017,8,7,13,30,NAN,NAN,NAN,NAN,NAN
2017,8,7,14,0,NAN,NAN,NAN,NAN,NAN
2017,8,7,14,30,NAN,NAN,NAN,NAN,NAN
2017,8,7,15,0,NAN,NAN,NAN,NAN,NAN
2017,8,7,15,30,NAN,NAN,NAN,NAN,NAN
2017,8,7,16,0,NAN,NAN,NAN,NAN,NAN
2017,8,7,16,30,NAN,NAN,NAN,NAN,NAN
2017,8,7,17,0,NAN,NAN,NAN,NAN,NAN
2017,8,7,17,30,NAN,NAN,NAN,NAN,NAN
2017,8,7,18,0,NAN,NAN,NAN,NAN,NAN
2017,8,7,18,30,NAN,NAN,NAN,NAN,NAN
2017,8,7,19,0,NAN,NAN,NAN,NAN,NAN
2017,8,7,19,30,NAN,NAN,NAN,NAN,NAN
2017,8,7,20,0,NAN,NAN,NAN,NAN,NAN
2017,8,7,20,30,NAN,NAN,NAN,NAN,NAN
2017,8,7,21,0,NAN,NAN,NAN,NAN,NAN
2017,8,7,21,30,NAN,NAN,NAN,NAN,NAN
2017,8,7,22,0,NAN,NAN,NAN,NAN,NAN
2017,8,7,22,30,NAN,NAN,NAN,NAN,NAN
2017,8,7,23,0,NAN,NAN,NAN,NAN,NAN
2017,8,7,23,30,NAN,NAN,NAN,NAN,NAN
2017,8,7,24,0,NAN,NAN,NAN,NAN,NAN
2017,8,8,0,30,NAN,NAN,NAN,NAN,NAN
2017,8,8,1,0,NAN,NAN,NAN,NAN,NAN
2017,8,8,1,30,NAN,NAN,NAN,NAN,NAN
2017,8,8,2,0,NAN,NAN,NAN,NAN,NAN
2017,8,8,2,30,NAN,NAN,NAN,NAN,NAN
2017,8,8,3,0,NAN,NAN,NAN,NAN,NAN
2017,8,8,3,30,NAN,NAN,NAN,NAN,NAN
2017,8,8,4,0,NAN,NAN,NAN,NAN,NAN
2017,8,8,4,30,NAN,NAN,NAN,NAN,NAN
2017,8,8,5,0,NAN,NAN,NAN,NAN,NAN
2017,8,8,5,30,NAN,NAN,NAN,NAN,NAN
2017,8,8,6,0,NAN,NAN,NAN,NAN,NAN
2017,8,8,6,30,NAN,NAN,NAN,NAN,NAN
2017,8,8,7,0,NAN,NAN,NAN,NAN,NAN
2017,8,8,7,30,NAN,NAN,NAN,NAN,NAN
2017,8,8,8,0,NAN,NAN,NAN,NAN,NAN
2017,8,8,8,30,NAN,NAN,NAN,NAN,NAN
2017,8,8,9,0,NAN,NAN,NAN,NAN,NAN
2017,8,8,9,30,NAN,NAN,NAN,NAN,NAN
2017,8,8,10,0,NAN,NAN,NAN,NAN,NAN
2017,8,8,10,30,NAN,NAN,NAN,NAN,NAN
2017,8,8,11,0,NAN,NAN,NAN,NAN,NAN
2017,8,8,11,30,NAN,NAN,NAN,NAN,NAN
2017,8,8,12,0,NAN,NAN,NAN,NAN,NAN
2017,8,8,12,30,NAN,NAN,NAN,NAN,NAN
2017,8,8,13,0,NAN,NAN,NAN,NAN,NAN
2017,8,8,13,30,NAN,NAN,NAN,NAN,NAN
2017,8,8,14,0,NAN,NAN,NAN,NAN,NAN
2017,8,8,14,30,NAN,NAN,NAN,NAN,NAN
2017,8,8,15,0,NAN,NAN,NAN,NAN,NAN
2017,8,8,15,30,NAN,NAN,NAN,NAN,NAN
2017,8,8,16,0,NAN,NAN,NAN,NAN,NAN
2017,8,8,16,30,NAN,NAN,NAN,NAN,NAN
2017,8,8,17,0,NAN,NAN,NAN,NAN,NAN
2017,8,8,17,30,NAN,NAN,NAN,NAN,NAN
2017,8,8,18,0,NAN,NAN,NAN,NAN,NAN
2017,8,8,18,30,NAN,NAN,NAN,NAN,NAN
2017,8,8,19,0,NAN,NAN,NAN,NAN,NAN
2017,8,8,19,30,NAN,NAN,NAN,NAN,NAN
2017,8,8,20,0,NAN,NAN,NAN,NAN,NAN
2017,8,8,20,30,NAN,NAN,NAN,NAN,NAN
2017,8,8,21,0,NAN,NAN,NAN,NAN,NAN
2017,8,8,21,30,NAN,NAN,NAN,NAN,NAN
2017,8,8,22,0,NAN,NAN,NAN,NAN,NAN
2017,8,8,22,30,NAN,NAN,NAN,NAN,NAN
2017,8,8,23,0,NAN,NAN,NAN,NAN,NAN
2017,8,8,23,30,NAN,NAN,NAN,NAN,NAN
2017,8,8,24,0,NAN,NAN,NAN,NAN,NAN
2017,8,9,0,30,NAN,NAN,NAN,NAN,NAN
2017,8,9,1,0,NAN,NAN,NAN,NAN,NAN
2017,8,9,1,30,NAN,NAN,NAN,NAN,NAN
2017,8,9,2,0,NAN,NAN,NAN,NAN,NAN
2017,8,9,2,30,NAN,NAN,NAN,NAN,NAN
2017,8,9,3,0,NAN,NAN,NAN,NAN,NAN
2017,8,9,3,30,NAN,NAN,NAN,NAN,NAN
2017,8,9,4,0,NAN,NAN,NAN,NAN,NAN
2017,8,9,4,30,NAN,NAN,NAN,NAN,NAN
2017,8,9,5,0,NAN,NAN,NAN,NAN,NAN
2017,8,9,5,30,NAN,NAN,NAN,NAN,NAN
2017,8,9,6,0,NAN,NAN,NAN,NAN,NAN
2017,8,9,6,30,NAN,NAN,NAN,NAN,NAN
2017,8,9,7,0,NAN,NAN,NAN,NAN,NAN
2017,8,9,7,30,NAN,NAN,NAN,NAN,NAN
2017,8,9,8,0,NAN,NAN,NAN,NAN,NAN
2017,8,9,8,30,NAN,NAN,NAN,NAN,NAN
2017,8,9,9,0,NAN,NAN,NAN,NAN,NAN
2017,8,9,9,30,NAN,NAN,NAN,NAN,NAN
2017,8,9,10,0,NAN,NAN,NAN,NAN,NAN
2017,8,9,10,30,NAN,NAN,NAN,NAN,NAN
2017,8,9,11,0,NAN,NAN,NAN,NAN,NAN
2017,8,9,11,30,NAN,NAN,NAN,NAN,NAN
2017,8,9,12,0,NAN,NAN,NAN,NAN,NAN
2017,8,9,12,30,NAN,NAN,NAN,NAN,NAN
2017,8,9,13,0,NAN,NAN,NAN,NAN,NAN
2017,8,9,13,30,NAN,NAN,NAN,NAN,NAN
2017,8,9,14,0,NAN,NAN,NAN,NAN,NAN
2017,8,9,14,30,NAN,NAN,NAN,NAN,NAN
2017,8,9,15,0,NAN,NAN,NAN,NAN,NAN
2017,8,9,15,30,NAN,NAN,NAN,NAN,NAN
2017,8,9,16,0,NAN,NAN,NAN,NAN,NAN
2017,8,9,16,30,NAN,NAN,NAN,NAN,NAN
2017,8,9,17,0,NAN,NAN,NAN,NAN,NAN
2017,8,9,17,30,NAN,NAN,NAN,NAN,NAN
2017,8,9,18,0,NAN,NAN,NAN,NAN,NAN
2017,8,9,18,30,NAN,NAN,NAN,NAN,NAN
2017,8,9,19,0,NAN,NAN,NAN,NAN,NAN
2017,8,9,19,30,NAN,NAN,NAN,NAN,NAN
2017,8,9,20,0,NAN,NAN,NAN,NAN,NAN
2017,8,9,20,30,NAN,NAN,NAN,NAN,NAN
2017,8,9,21,0,NAN,NAN,NAN,NAN,NAN
2017,8,9,21,30,NAN,NAN,NAN,NAN,NAN
2017,8,9,22,0,NAN,NAN,NAN,NAN,NAN
2017,8,9,22,30,NAN,NAN,NAN,NAN,NAN
2017,8,9,23,0,NAN,NAN,NAN,NAN,NAN
2017,8,9,23,30,NAN,NAN,NAN,NAN,NAN
2017,8,9,24,0,NAN,NAN,NAN,NAN,NAN
2017,8,10,0,30,NAN,NAN,NAN,NAN,NAN
2017,8,10,1,0,NAN,NAN,NAN,NAN,NAN
2017,8,10,1,30,NAN,NAN,NAN,NAN,NAN
2017,8,10,2,0,NAN,NAN,NAN,NAN,NAN
2017,8,10,2,30,NAN,NAN,NAN,NAN,NAN
2017,8,10,3,0,NAN,NAN,NAN,NAN,NAN
2017,8,10,3,30,NAN,NAN,NAN,NAN,NAN
2017,8,10,4,0,NAN,NAN,NAN,NAN,NAN
2017,8,10,4,30,NAN,NAN,NAN,NAN,NAN
2017,8,10,5,0,NAN,NAN,NAN,NAN,NAN
2017,8,10,5,30,NAN,NAN,NAN,NAN,NAN
2017,8,10,6,0,NAN,NAN,NAN,NAN,NAN
2017,8,10,6,30,NAN,NAN,NAN,NAN,NAN
2017,8,10,7,0,NAN,NAN,NAN,NAN,NAN
2017,8,10,7,30,NAN,NAN,NAN,NAN,NAN
2017,8,10,8,0,NAN,NAN,NAN,NAN,NAN
2017,8,10,8,30,NAN,NAN,NAN,NAN,NAN
2017,8,10,9,0,NAN,NAN,NAN,NAN,NAN
2017,8,10,9,30,NAN,NAN,NAN,NAN,NAN
2017,8,10,10,0,NAN,NAN,NAN,NAN,NAN
2017,8,10,10,30,NAN,NAN,NAN,NAN,NAN
2017,8,10,11,0,NAN,NAN,NAN,NAN,NAN
2017,8,10,11,30,NAN,NAN,NAN,NAN,NAN
2017,8,10,12,0,NAN,NAN,NAN,NAN,NAN
2017,8,10,12,30,NAN,NAN,NAN,NAN,NAN
2017,8,10,13,0,NAN,NAN,NAN,NAN,NAN
2017,8,10,13,30,NAN,NAN,NAN,NAN,NAN
2017,8,10,14,0,NAN,NAN,NAN,NAN,NAN
2017,8,10,14,30,NAN,NAN,NAN,NAN,NAN
2017,8,10,15,0,NAN,NAN,NAN,NAN,NAN
2017,8,10,15,30,NAN,NAN,NAN,NAN,NAN
2017,8,10,16,0,NAN,NAN,NAN,NAN,NAN
2017,8,10,16,30,NAN,NAN,NAN,NAN,NAN
2017,8,10,17,0,NAN,NAN,NAN,NAN,NAN
2017,8,10,17,30,NAN,NAN,NAN,NAN,NAN
2017,8,10,18,0,NAN,NAN,NAN,NAN,NAN
2017,8,10,18,30,NAN,NAN,NAN,NAN,NAN
2017,8,10,19,0,NAN,NAN,NAN,NAN,NAN
2017,8,10,19,30,NAN,NAN,NAN,NAN,NAN
2017,8,10,20,0,NAN,NAN,NAN,NAN,NAN
2017,8,10,20,30,NAN,NAN,NAN,NAN,NAN
2017,8,10,21,0,NAN,NAN,NAN,NAN,NAN
2017,8,10,21,30,NAN,NAN,NAN,NAN,NAN
2017,8,10,22,0,NAN,NAN,NAN,NAN,NAN
2017,8,10,22,30,NAN,NAN,NAN,NAN,NAN
2017,8,10,23,0,NAN,NAN,NAN,NAN,NAN
2017,8,10,23,30,NAN,NAN,NAN,NAN,NAN
2017,8,10,24,0,NAN,NAN,NAN,NAN,NAN
2017,8,11,0,30,NAN,NAN,NAN,NAN,NAN
2017,8,11,1,0,NAN,NAN,NAN,NAN,NAN
2017,8,11,1,30,NAN,NAN,NAN,NAN,NAN
2017,8,11,2,0,NAN,NAN,NAN,NAN,NAN
2017,8,11,2,30,NAN,NAN,NAN,NAN,NAN
2017,8,11,3,0,NAN,NAN,NAN,NAN,NAN
2017,8,11,3,30,NAN,NAN,NAN,NAN,NAN
2017,8,11,4,0,NAN,NAN,NAN,NAN,NAN
2017,8,11,4,30,NAN,NAN,NAN,NAN,NAN
2017,8,11,5,0,NAN,NAN,NAN,NAN,NAN
2017,8,11,5,30,NAN,NAN,NAN,NAN,NAN
2017,8,11,6,0,NAN,NAN,NAN,NAN,NAN
2017,8,11,6,30,NAN,NAN,NAN,NAN,NAN
2017,8,11,7,0,NAN,NAN,NAN,NAN,NAN
2017,8,11,7,30,NAN,NAN,NAN,NAN,NAN
2017,8,11,8,0,NAN,NAN,NAN,NAN,NAN
2017,8,11,8,30,NAN,NAN,NAN,NAN,NAN
2017,8,11,9,0,NAN,NAN,NAN,NAN,NAN
2017,8,11,9,30,NAN,NAN,NAN,NAN,NAN
2017,8,11,10,0,NAN,NAN,NAN,NAN,NAN
2017,8,11,10,30,NAN,NAN,NAN,NAN,NAN
2017,8,11,11,0,NAN,NAN,NAN,NAN,NAN
2017,8,11,11,30,NAN,NAN,NAN,NAN,NAN
2017,8,11,12,0,NAN,NAN,NAN,NAN,NAN
2017,8,11,12,30,NAN,NAN,NAN,NAN,NAN
2017,8,11,13,0,NAN,NAN,NAN,NAN,NAN
2017,8,11,13,30,NAN,NAN,NAN,NAN,NAN
2017,8,11,14,0,NAN,NAN,NAN,NAN,NAN
2017,8,11,14,30,NAN,NAN,NAN,NAN,NAN
2017,8,11,15,0,NAN,NAN,NAN,NAN,NAN
2017,8,11,15,30,NAN,NAN,NAN,NAN,NAN
2017,8,11,16,0,NAN,NAN,NAN,NAN,NAN
2017,8,11,16,30,NAN,NAN,NAN,NAN,NAN
2017,8,11,17,0,NAN,NAN,NAN,NAN,NAN
2017,8,11,17,30,NAN,NAN,NAN,NAN,NAN
2017,8,11,18,0,NAN,NAN,NAN,NAN,NAN
2017,8,11,18,30,NAN,NAN,NAN,NAN,NAN
2017,8,11,19,0,NAN,NAN,NAN,NAN,NAN
2017,8,11,19,30,NAN,NAN,NAN,NAN,NAN
2017,8,11,20,0,NAN,NAN,NAN,NAN,NAN
2017,8,11,20,30,NAN,NAN,NAN,NAN,NAN
2017,8,11,21,0,NAN,NAN,NAN,NAN,NAN
2017,8,11,21,30,NAN,NAN,NAN,NAN,NAN
2017,8,11,22,0,NAN,NAN,NAN,NAN,NAN
2017,8,11,22,30,NAN,NAN,NAN,NAN,NAN
2017,8,11,23,0,NAN,NAN,NAN,NAN,NAN
2017,8,11,23,30,NAN,NAN,NAN,NAN,NAN
2017,8,11,24,0,NAN,NAN,NAN,NAN,NAN
2017,8,12,0,30,NAN,NAN,NAN,NAN,NAN
2017,8,12,1,0,NAN,NAN,NAN,NAN,NAN
2017,8,12,1,30,NAN,NAN,NAN,NAN,NAN
2017,8,12,2,0,NAN,NAN,NAN,NAN,NAN
2017,8,12,2,30,NAN,NAN,NAN,NAN,NAN
2017,8,12,3,0,NAN,NAN,NAN,NAN,NAN
2017,8,12,3,30,NAN,NAN,NAN,NAN,NAN
2017,8,12,4,0,NAN,NAN,NAN,NAN,NAN
2017,8,12,4,30,NAN,NAN,NAN,NAN,NAN
2017,8,12,5,0,NAN,NAN,NAN,NAN,NAN
2017,8,12,5,30,NAN,NAN,NAN,NAN,NAN
2017,8,12,6,0,NAN,NAN,NAN,NAN,NAN
2017,8,12,6,30,NAN,NAN,NAN,NAN,NAN
2017,8,12,7,0,NAN,NAN,NAN,NAN,NAN
2017,8,12,7,30,NAN,NAN,NAN,NAN,NAN
2017,8,12,8,0,NAN,NAN,NAN,NAN,NAN
2017,8,12,8,30,NAN,NAN,NAN,NAN,NAN
2017,8,12,9,0,NAN,NAN,NAN,NAN,NAN
2017,8,12,9,30,NAN,NAN,NAN,NAN,NAN
2017,8,12,10,0,NAN,NAN,NAN,NAN,NAN
2017,8,12,10,30,NAN,NAN,NAN,NAN,NAN
2017,8,12,11,0,NAN,NAN,NAN,NAN,NAN
2017,8,12,11,30,NAN,NAN,NAN,NAN,NAN
2017,8,12,12,0,NAN,NAN,NAN,NAN,NAN
2017,8,12,12,30,NAN,NAN,NAN,NAN,NAN
2017,8,12,13,0,NAN,NAN,NAN,NAN,NAN
2017,8,12,13,30,NAN,NAN,NAN,NAN,NAN
2017,8,12,14,0,NAN,NAN,NAN,NAN,NAN
2017,8,12,14,30,NAN,NAN,NAN,NAN,NAN
2017,8,12,15,0,NAN,NAN,NAN,NAN,NAN
2017,8,12,15,30,NAN,NAN,NAN,NAN,NAN
2017,8,12,16,0,NAN,NAN,NAN,NAN,NAN
2017,8,12,16,30,NAN,NAN,NAN,NAN,NAN
2017,8,12,17,0,NAN,NAN,NAN,NAN,NAN
2017,8,12,17,30,NAN,NAN,NAN,NAN,NAN
2017,8,12,18,0,NAN,NAN,NAN,NAN,NAN
2017,8,12,18,30,NAN,NAN,NAN,NAN,NAN
2017,8,12,19,0,NAN,NAN,NAN,NAN,NAN
2017,8,12,19,30,NAN,NAN,NAN,NAN,NAN
2017,8,12,20,0,NAN,NAN,NAN,NAN,NAN
2017,8,12,20,30,NAN,NAN,NAN,NAN,NAN
2017,8,12,21,0,NAN,NAN,NAN,NAN,NAN
2017,8,12,21,30,NAN,NAN,NAN,NAN,NAN
2017,8,12,22,0,NAN,NAN,NAN,NAN,NAN
2017,8,12,22,30,NAN,NAN,NAN,NAN,NAN
2017,8,12,23,0,NAN,NAN,NAN,NAN,NAN
2017,8,12,23,30,NAN,NAN,NAN,NAN,NAN
2017,8,12,24,0,NAN,NAN,NAN,NAN,NAN
2017,8,13,0,30,NAN,NAN,NAN,NAN,NAN
2017,8,13,1,0,NAN,NAN,NAN,NAN,NAN
2017,8,13,1,30,NAN,NAN,NAN,NAN,NAN
2017,8,13,2,0,NAN,NAN,NAN,NAN,NAN
2017,8,13,2,30,NAN,NAN,NAN,NAN,NAN
2017,8,13,3,0,NAN,NAN,NAN,NAN,NAN
2017,8,13,3,30,NAN,NAN,NAN,NAN,NAN
2017,8,13,4,0,NAN,NAN,NAN,NAN,NAN
2017,8,13,4,30,NAN,NAN,NAN,NAN,NAN
2017,8,13,5,0,NAN,NAN,NAN,NAN,NAN
2017,8,13,5,30,NAN,NAN,NAN,NAN,NAN
2017,8,13,6,0,NAN,NAN,NAN,NAN,NAN
2017,8,13,6,30,NAN,NAN,NAN,NAN,NAN
2017,8,13,7,0,NAN,NAN,NAN,NAN,NAN
2017,8,13,7,30,NAN,NAN,NAN,NAN,NAN
2017,8,13,8,0,NAN,NAN,NAN,NAN,NAN
2017,8,13,8,30,NAN,NAN,NAN,NAN,NAN
2017,8,13,9,0,NAN,NAN,NAN,NAN,NAN
2017,8,13,9,30,NAN,NAN,NAN,NAN,NAN
2017,8,13,10,0,NAN,NAN,NAN,NAN,NAN
2017,8,13,10,30,NAN,NAN,NAN,NAN,NAN
2017,8,13,11,0,NAN,NAN,NAN,NAN,NAN
2017,8,13,11,30,NAN,NAN,NAN,NAN,NAN
2017,8,13,12,0,NAN,NAN,NAN,NAN,NAN
2017,8,13,12,30,NAN,NAN,NAN,NAN,NAN
2017,8,13,13,0,NAN,NAN,NAN,NAN,NAN
2017,8,13,13,30,NAN,NAN,NAN,NAN,NAN
2017,8,13,14,0,NAN,NAN,NAN,NAN,NAN
2017,8,13,14,30,NAN,NAN,NAN,NAN,NAN
2017,8,13,15,0,NAN,NAN,NAN,NAN,NAN
2017,8,13,15,30,NAN,NAN,NAN,NAN,NAN
2017,8,13,16,0,NAN,NAN,NAN,NAN,NAN
2017,8,13,16,30,NAN,NAN,NAN,NAN,NAN
2017,8,13,17,0,NAN,NAN,NAN,NAN,NAN
2017,8,13,17,30,NAN,NAN,NAN,NAN,NAN
2017,8,13,18,0,NAN,NAN,NAN,NAN,NAN
2017,8,13,18,30,NAN,NAN,NAN,NAN,NAN
2017,8,13,19,0,NAN,NAN,NAN,NAN,NAN
2017,8,13,19,30,NAN,NAN,NAN,NAN,NAN
2017,8,13,20,0,NAN,NAN,NAN,NAN,NAN
2017,8,13,20,30,NAN,NAN,NAN,NAN,NAN
2017,8,13,21,0,NAN,NAN,NAN,NAN,NAN
2017,8,13,21,30,NAN,NAN,NAN,NAN,NAN
2017,8,13,22,0,NAN,NAN,NAN,NAN,NAN
2017,8,13,22,30,NAN,NAN,NAN,NAN,NAN
2017,8,13,23,0,NAN,NAN,NAN,NAN,NAN
2017,8,13,23,30,NAN,NAN,NAN,NAN,NAN
2017,8,13,24,0,NAN,NAN,NAN,NAN,NAN
2017,8,14,0,30,NAN,NAN,NAN,NAN,NAN
2017,8,14,1,0,NAN,NAN,NAN,NAN,NAN
2017,8,14,1,30,NAN,NAN,NAN,NAN,NAN
2017,8,14,2,0,NAN,NAN,NAN,NAN,NAN
2017,8,14,2,30,NAN,NAN,NAN,NAN,NAN
2017,8,14,3,0,NAN,NAN,NAN,NAN,NAN
2017,8,14,3,30,NAN,NAN,NAN,NAN,NAN
2017,8,14,4,0,NAN,NAN,NAN,NAN,NAN
2017,8,14,4,30,NAN,NAN,NAN,NAN,NAN
2017,8,14,5,0,NAN,NAN,NAN,NAN,NAN
2017,8,14,5,30,NAN,NAN,NAN,NAN,NAN
2017,8,14,6,0,NAN,NAN,NAN,NAN,NAN
2017,8,14,6,30,NAN,NAN,NAN,NAN,NAN
2017,8,14,7,0,NAN,NAN,NAN,NAN,NAN
2017,8,14,7,30,NAN,NAN,NAN,NAN,NAN
2017,8,14,8,0,NAN,NAN,NAN,NAN,NAN
2017,8,14,8,30,NAN,NAN,NAN,NAN,NAN
2017,8,14,9,0,NAN,NAN,NAN,NAN,NAN
2017,8,14,9,30,NAN,NAN,NAN,NAN,NAN
2017,8,14,10,0,NAN,NAN,NAN,NAN,NAN
2017,8,14,10,30,NAN,NAN,NAN,NAN,NAN
2017,8,14,11,0,NAN,NAN,NAN,NAN,NAN
2017,8,14,11,30,NAN,NAN,NAN,NAN,NAN
2017,8,14,12,0,NAN,NAN,NAN,NAN,NAN
2017,8,14,12,30,NAN,NAN,NAN,NAN,NAN
2017,8,14,13,0,NAN,NAN,NAN,NAN,NAN
2017,8,14,13,30,NAN,NAN,NAN,NAN,NAN
2017,8,14,14,0,NAN,NAN,NAN,NAN,NAN
2017,8,14,14,30,NAN,NAN,NAN,NAN,NAN
2017,8,14,15,0,NAN,NAN,NAN,NAN,NAN
2017,8,14,15,30,NAN,NAN,NAN,NAN,NAN
2017,8,14,16,0,NAN,NAN,NAN,NAN,NAN
2017,8,14,16,30,NAN,NAN,NAN,NAN,NAN
2017,8,14,17,0,NAN,NAN,NAN,NAN,NAN
2017,8,14,17,30,NAN,NAN,NAN,NAN,NAN
2017,8,14,18,0,NAN,NAN,NAN,NAN,NAN
2017,8,14,18,30,NAN,NAN,NAN,NAN,NAN
2017,8,14,19,0,NAN,NAN,NAN,NAN,NAN
2017,8,14,19,30,NAN,NAN,NAN,NAN,NAN
2017,8,14,20,0,NAN,NAN,NAN,NAN,NAN
2017,8,14,20,30,NAN,NAN,NAN,NAN,NAN
2017,8,14,21,0,NAN,NAN,NAN,NAN,NAN
2017,8,14,21,30,NAN,NAN,NAN,NAN,NAN
2017,8,14,22,0,NAN,NAN,NAN,NAN,NAN
2017,8,14,22,30,NAN,NAN,NAN,NAN,NAN
2017,8,14,23,0,NAN,NAN,NAN,NAN,NAN
2017,8,14,23,30,NAN,NAN,NAN,NAN,NAN
2017,8,14,24,0,NAN,NAN,NAN,NAN,NAN
2017,8,15,0,30,NAN,NAN,NAN,NAN,NAN
2017,8,15,1,0,NAN,NAN,NAN,NAN,NAN
2017,8,15,1,30,NAN,NAN,NAN,NAN,NAN
2017,8,15,2,0,NAN,NAN,NAN,NAN,NAN
2017,8,15,2,30,NAN,NAN,NAN,NAN,NAN
2017,8,15,3,0,NAN,NAN,NAN,NAN,NAN
2017,8,15,3,30,NAN,NAN,NAN,NAN,NAN
2017,8,15,4,0,NAN,NAN,NAN,NAN,NAN
2017,8,15,4,30,NAN,NAN,NAN,NAN,NAN
2017,8,15,5,0,NAN,NAN,NAN,NAN,NAN
2017,8,15,5,30,NAN,NAN,NAN,NAN,NAN
2017,8,15,6,0,NAN,NAN,NAN,NAN,NAN
2017,8,15,6,30,NAN,NAN,NAN,NAN,NAN
2017,8,15,7,0,NAN,NAN,NAN,NAN,NAN
2017,8,15,7,30,NAN,NAN,NAN,NAN,NAN
2017,8,15,8,0,NAN,NAN,NAN,NAN,NAN
2017,8,15,8,30,NAN,NAN,NAN,NAN,NAN
2017,8,15,9,0,NAN,NAN,NAN,NAN,NAN
2017,8,15,9,30,NAN,NAN,NAN,NAN,NAN
2017,8,15,10,0,NAN,NAN,NAN,NAN,NAN
2017,8,15,10,30,NAN,NAN,NAN,NAN,NAN
2017,8,15,11,0,NAN,NAN,NAN,NAN,NAN
2017,8,15,11,30,NAN,NAN,NAN,NAN,NAN
2017,8,15,12,0,NAN,NAN,NAN,NAN,NAN
2017,8,15,12,30,NAN,NAN,NAN,NAN,NAN
2017,8,15,13,0,NAN,NAN,NAN,NAN,NAN
2017,8,15,13,30,NAN,NAN,NAN,NAN,NAN
2017,8,15,14,0,NAN,NAN,NAN,NAN,NAN
2017,8,15,14,30,NAN,NAN,NAN,NAN,NAN
2017,8,15,15,0,NAN,NAN,NAN,NAN,NAN
2017,8,15,15,30,NAN,NAN,NAN,NAN,NAN
2017,8,15,16,0,NAN,NAN,NAN,NAN,NAN
2017,8,15,16,30,NAN,NAN,NAN,NAN,NAN
2017,8,15,17,0,NAN,NAN,NAN,NAN,NAN
2017,8,15,17,30,NAN,NAN,NAN,NAN,NAN
2017,8,15,18,0,NAN,NAN,NAN,NAN,NAN
2017,8,15,18,30,NAN,NAN,NAN,NAN,NAN
2017,8,15,19,0,NAN,NAN,NAN,NAN,NAN
2017,8,15,19,30,NAN,NAN,NAN,NAN,NAN
2017,8,15,20,0,NAN,NAN,NAN,NAN,NAN
2017,8,15,20,30,NAN,NAN,NAN,NAN,NAN
2017,8,15,21,0,NAN,NAN,NAN,NAN,NAN
2017,8,15,21,30,NAN,NAN,NAN,NAN,NAN
2017,8,15,22,0,NAN,NAN,NAN,NAN,NAN
2017,8,15,22,30,NAN,NAN,NAN,NAN,NAN
2017,8,15,23,0,NAN,NAN,NAN,NAN,NAN
2017,8,15,23,30,NAN,NAN,NAN,NAN,NAN
2017,8,15,24,0,NAN,NAN,NAN,NAN,NAN
2017,8,16,0,30,NAN,NAN,NAN,NAN,NAN
2017,8,16,1,0,NAN,NAN,NAN,NAN,NAN
2017,8,16,1,30,NAN,NAN,NAN,NAN,NAN
2017,8,16,2,0,NAN,NAN,NAN,NAN,NAN
2017,8,16,2,30,NAN,NAN,NAN,NAN,NAN
2017,8,16,3,0,NAN,NAN,NAN,NAN,NAN
2017,8,16,3,30,NAN,NAN,NAN,NAN,NAN
2017,8,16,4,0,NAN,NAN,NAN,NAN,NAN
2017,8,16,4,30,NAN,NAN,NAN,NAN,NAN
2017,8,16,5,0,NAN,NAN,NAN,NAN,NAN
2017,8,16,5,30,NAN,NAN,NAN,NAN,NAN
2017,8,16,6,0,NAN,NAN,NAN,NAN,NAN
2017,8,16,6,30,NAN,NAN,NAN,NAN,NAN
2017,8,16,7,0,NAN,NAN,NAN,NAN,NAN
2017,8,16,7,30,NAN,NAN,NAN,NAN,NAN
2017,8,16,8,0,NAN,NAN,NAN,NAN,NAN
2017,8,16,8,30,NAN,NAN,NAN,NAN,NAN
2017,8,16,9,0,NAN,NAN,NAN,NAN,NAN
2017,8,16,9,30,NAN,NAN,NAN,NAN,NAN
2017,8,16,10,0,NAN,NAN,NAN,NAN,NAN
2017,8,16,10,30,NAN,NAN,NAN,NAN,NAN
2017,8,16,11,0,NAN,NAN,NAN,NAN,NAN
2017,8,16,11,30,NAN,NAN,NAN,NAN,NAN
2017,8,16,12,0,NAN,NAN,NAN,NAN,NAN
2017,8,16,12,30,NAN,NAN,NAN,NAN,NAN
2017,8,16,13,0,NAN,NAN,NAN,NAN,NAN
2017,8,16,13,30,NAN,NAN,NAN,NAN,NAN
2017,8,16,14,0,NAN,NAN,NAN,NAN,NAN
2017,8,16,14,30,NAN,NAN,NAN,NAN,NAN
2017,8,16,15,0,NAN,NAN,NAN,NAN,NAN
2017,8,16,15,30,NAN,NAN,NAN,NAN,NAN
2017,8,16,16,0,NAN,NAN,NAN,NAN,NAN
2017,8,16,16,30,NAN,NAN,NAN,NAN,NAN
2017,8,16,17,0,NAN,NAN,NAN,NAN,NAN
2017,8,16,17,30,NAN,NAN,NAN,NAN,NAN
2017,8,16,18,0,NAN,NAN,NAN,NAN,NAN
2017,8,16,18,30,NAN,NAN,NAN,NAN,NAN
2017,8,16,19,0,NAN,NAN,NAN,NAN,NAN
2017,8,16,19,30,NAN,NAN,NAN,NAN,NAN
2017,8,16,20,0,NAN,NAN,NAN,NAN,NAN
2017,8,16,20,30,NAN,NAN,NAN,NAN,NAN
2017,8,16,21,0,NAN,NAN,NAN,NAN,NAN
2017,8,16,21,30,NAN,NAN,NAN,NAN,NAN
2017,8,16,22,0,NAN,NAN,NAN,NAN,NAN
2017,8,16,22,30,NAN,NAN,NAN,NAN,NAN
2017,8,16,23,0,NAN,NAN,NAN,NAN,NAN
2017,8,16,23,30,NAN,NAN,NAN,NAN,NAN
2017,8,16,24,0,NAN,NAN,NAN,NAN,NAN
2017,8,17,0,30,NAN,NAN,NAN,NAN,NAN
2017,8,17,1,0,NAN,NAN,NAN,NAN,NAN
2017,8,17,1,30,NAN,NAN,NAN,NAN,NAN
2017,8,17,2,0,NAN,NAN,NAN,NAN,NAN
2017,8,17,2,30,NAN,NAN,NAN,NAN,NAN
2017,8,17,3,0,NAN,NAN,NAN,NAN,NAN
2017,8,17,3,30,NAN,NAN,NAN,NAN,NAN
2017,8,17,4,0,NAN,NAN,NAN,NAN,NAN
2017,8,17,4,30,NAN,NAN,NAN,NAN,NAN
2017,8,17,5,0,NAN,NAN,NAN,NAN,NAN
2017,8,17,5,30,NAN,NAN,NAN,NAN,NAN
2017,8,17,6,0,NAN,NAN,NAN,NAN,NAN
2017,8,17,6,30,NAN,NAN,NAN,NAN,NAN
2017,8,17,7,0,NAN,NAN,NAN,NAN,NAN
2017,8,17,7,30,NAN,NAN,NAN,NAN,NAN
2017,8,17,8,0,NAN,NAN,NAN,NAN,NAN
2017,8,17,8,30,NAN,NAN,NAN,NAN,NAN
2017,8,17,9,0,NAN,NAN,NAN,NAN,NAN
2017,8,17,9,30,NAN,NAN,NAN,NAN,NAN
2017,8,17,10,0,NAN,NAN,NAN,NAN,NAN
2017,8,17,10,30,NAN,NAN,NAN,NAN,NAN
2017,8,17,11,0,NAN,NAN,NAN,NAN,NAN
2017,8,17,11,30,NAN,NAN,NAN,NAN,NAN
2017,8,17,12,0,NAN,NAN,NAN,NAN,NAN
2017,8,17,12,30,NAN,NAN,NAN,NAN,NAN
2017,8,17,13,0,NAN,NAN,NAN,NAN,NAN
2017,8,17,13,30,NAN,NAN,NAN,NAN,NAN
2017,8,17,14,0,NAN,NAN,NAN,NAN,NAN
2017,8,17,14,30,NAN,NAN,NAN,NAN,NAN
2017,8,17,15,0,NAN,NAN,NAN,NAN,NAN
2017,8,17,15,30,NAN,NAN,NAN,NAN,NAN
2017,8,17,16,0,NAN,NAN,NAN,NAN,NAN
2017,8,17,16,30,NAN,NAN,NAN,NAN,NAN
2017,8,17,17,0,NAN,NAN,NAN,NAN,NAN
2017,8,17,17,30,NAN,NAN,NAN,NAN,NAN
2017,8,17,18,0,NAN,NAN,NAN,NAN,NAN
2017,8,17,18,30,NAN,NAN,NAN,NAN,NAN
2017,8,17,19,0,NAN,NAN,NAN,NAN,NAN
2017,8,17,19,30,NAN,NAN,NAN,NAN,NAN
2017,8,17,20,0,NAN,NAN,NAN,NAN,NAN
2017,8,17,20,30,NAN,NAN,NAN,NAN,NAN
2017,8,17,21,0,NAN,NAN,NAN,NAN,NAN
2017,8,17,21,30,NAN,NAN,NAN,NAN,NAN
2017,8,17,22,0,NAN,NAN,NAN,NAN,NAN
2017,8,17,22,30,NAN,NAN,NAN,NAN,NAN
2017,8,17,23,0,NAN,NAN,NAN,NAN,NAN
2017,8,17,23,30,NAN,NAN,NAN,NAN,NAN
2017,8,17,24,0,NAN,NAN,NAN,NAN,NAN
2017,8,18,0,30,NAN,NAN,NAN,NAN,NAN
2017,8,18,1,0,NAN,NAN,NAN,NAN,NAN
2017,8,18,1,30,NAN,NAN,NAN,NAN,NAN
2017,8,18,2,0,NAN,NAN,NAN,NAN,NAN
2017,8,18,2,30,NAN,NAN,NAN,NAN,NAN
2017,8,18,3,0,NAN,NAN,NAN,NAN,NAN
2017,8,18,3,30,NAN,NAN,NAN,NAN,NAN
2017,8,18,4,0,NAN,NAN,NAN,NAN,NAN
2017,8,18,4,30,NAN,NAN,NAN,NAN,NAN
2017,8,18,5,0,NAN,NAN,NAN,NAN,NAN
2017,8,18,5,30,NAN,NAN,NAN,NAN,NAN
2017,8,18,6,0,NAN,NAN,NAN,NAN,NAN
2017,8,18,6,30,NAN,NAN,NAN,NAN,NAN
2017,8,18,7,0,NAN,NAN,NAN,NAN,NAN
2017,8,18,7,30,NAN,NAN,NAN,NAN,NAN
2017,8,18,8,0,NAN,NAN,NAN,NAN,NAN
2017,8,18,8,30,NAN,NAN,NAN,NAN,NAN
2017,8,18,9,0,NAN,NAN,NAN,NAN,NAN
2017,8,18,9,30,NAN,NAN,NAN,NAN,NAN
2017,8,18,10,0,NAN,NAN,NAN,NAN,NAN
2017,8,18,10,30,NAN,NAN,NAN,NAN,NAN
2017,8,18,11,0,NAN,NAN,NAN,NAN,NAN
2017,8,18,11,30,NAN,NAN,NAN,NAN,NAN
2017,8,18,12,0,NAN,NAN,NAN,NAN,NAN
2017,8,18,12,30,NAN,NAN,NAN,NAN,NAN
2017,8,18,13,0,NAN,NAN,NAN,NAN,NAN
2017,8,18,13,30,NAN,NAN,NAN,NAN,NAN
2017,8,18,14,0,NAN,NAN,NAN,NAN,NAN
2017,8,18,14,30,NAN,NAN,NAN,NAN,NAN
2017,8,18,15,0,NAN,NAN,NAN,NAN,NAN
2017,8,18,15,30,NAN,NAN,NAN,NAN,NAN
2017,8,18,16,0,NAN,NAN,NAN,NAN,NAN
2017,8,18,16,30,NAN,NAN,NAN,NAN,NAN
2017,8,18,17,0,NAN,NAN,NAN,NAN,NAN
2017,8,18,17,30,NAN,NAN,NAN,NAN,NAN
2017,8,18,18,0,NAN,NAN,NAN,NAN,NAN
2017,8,18,18,30,NAN,NAN,NAN,NAN,NAN
2017,8,18,19,0,NAN,NAN,NAN,NAN,NAN
2017,8,18,19,30,NAN,NAN,NAN,NAN,NAN
2017,8,18,20,0,NAN,NAN,NAN,NAN,NAN
2017,8,18,20,30,NAN,NAN,NAN,NAN,NAN
2017,8,18,21,0,NAN,NAN,NAN,NAN,NAN
2017,8,18,21,30,NAN,NAN,NAN,NAN,NAN
2017,8,18,22,0,NAN,NAN,NAN,NAN,NAN
2017,8,18,22,30,NAN,NAN,NAN,NAN,NAN
2017,8,18,23,0,NAN,NAN,NAN,NAN,NAN
2017,8,18,23,30,NAN,NAN,NAN,NAN,NAN
2017,8,18,24,0,NAN,NAN,NAN,NAN,NAN
2017,8,19,0,30,NAN,NAN,NAN,NAN,NAN
2017,8,19,1,0,NAN,NAN,NAN,NAN,NAN
2017,8,19,1,30,NAN,NAN,NAN,NAN,NAN
2017,8,19,2,0,NAN,NAN,NAN,NAN,NAN
2017,8,19,2,30,NAN,NAN,NAN,NAN,NAN
2017,8,19,3,0,NAN,NAN,NAN,NAN,NAN
2017,8,19,3,30,NAN,NAN,NAN,NAN,NAN
2017,8,19,4,0,NAN,NAN,NAN,NAN,NAN
2017,8,19,4,30,NAN,NAN,NAN,NAN,NAN
2017,8,19,5,0,NAN,NAN,NAN,NAN,NAN
2017,8,19,5,30,NAN,NAN,NAN,NAN,NAN
2017,8,19,6,0,NAN,NAN,NAN,NAN,NAN
2017,8,19,6,30,NAN,NAN,NAN,NAN,NAN
2017,8,19,7,0,NAN,NAN,NAN,NAN,NAN
2017,8,19,7,30,NAN,NAN,NAN,NAN,NAN
2017,8,19,8,0,NAN,NAN,NAN,NAN,NAN
2017,8,19,8,30,NAN,NAN,NAN,NAN,NAN
2017,8,19,9,0,NAN,NAN,NAN,NAN,NAN
2017,8,19,9,30,NAN,NAN,NAN,NAN,NAN
2017,8,19,10,0,NAN,NAN,NAN,NAN,NAN
2017,8,19,10,30,NAN,NAN,NAN,NAN,NAN
2017,8,19,11,0,NAN,NAN,NAN,NAN,NAN
2017,8,19,11,30,NAN,NAN,NAN,NAN,NAN
2017,8,19,12,0,NAN,NAN,NAN,NAN,NAN
2017,8,19,12,30,NAN,NAN,NAN,NAN,NAN
2017,8,19,13,0,NAN,NAN,NAN,NAN,NAN
2017,8,19,13,30,NAN,NAN,NAN,NAN,NAN
2017,8,19,14,0,NAN,NAN,NAN,NAN,NAN
2017,8,19,14,30,NAN,NAN,NAN,NAN,NAN
2017,8,19,15,0,NAN,NAN,NAN,NAN,NAN
2017,8,19,15,30,NAN,NAN,NAN,NAN,NAN
2017,8,19,16,0,NAN,NAN,NAN,NAN,NAN
2017,8,19,16,30,NAN,NAN,NAN,NAN,NAN
2017,8,19,17,0,NAN,NAN,NAN,NAN,NAN
2017,8,19,17,30,NAN,NAN,NAN,NAN,NAN
2017,8,19,18,0,NAN,NAN,NAN,NAN,NAN
2017,8,19,18,30,NAN,NAN,NAN,NAN,NAN
2017,8,19,19,0,NAN,NAN,NAN,NAN,NAN
2017,8,19,19,30,NAN,NAN,NAN,NAN,NAN
2017,8,19,20,0,NAN,NAN,NAN,NAN,NAN
2017,8,19,20,30,NAN,NAN,NAN,NAN,NAN
2017,8,19,21,0,NAN,NAN,NAN,NAN,NAN
2017,8,19,21,30,NAN,NAN,NAN,NAN,NAN
2017,8,19,22,0,NAN,NAN,NAN,NAN,NAN
2017,8,19,22,30,NAN,NAN,NAN,NAN,NAN
2017,8,19,23,0,NAN,NAN,NAN,NAN,NAN
2017,8,19,23,30,NAN,NAN,NAN,NAN,NAN
2017,8,19,24,0,NAN,NAN,NAN,NAN,NAN
2017,8,20,0,30,NAN,NAN,NAN,NAN,NAN
2017,8,20,1,0,NAN,NAN,NAN,NAN,NAN
2017,8,20,1,30,NAN,NAN,NAN,NAN,NAN
2017,8,20,2,0,NAN,NAN,NAN,NAN,NAN
2017,8,20,2,30,NAN,NAN,NAN,NAN,NAN
2017,8,20,3,0,NAN,NAN,NAN,NAN,NAN
2017,8,20,3,30,NAN,NAN,NAN,NAN,NAN
2017,8,20,4,0,NAN,NAN,NAN,NAN,NAN
2017,8,20,4,30,NAN,NAN,NAN,NAN,NAN
2017,8,20,5,0,NAN,NAN,NAN,NAN,NAN
2017,8,20,5,30,NAN,NAN,NAN,NAN,NAN
2017,8,20,6,0,NAN,NAN,NAN,NAN,NAN
2017,8,20,6,30,NAN,NAN,NAN,NAN,NAN
2017,8,20,7,0,NAN,NAN,NAN,NAN,NAN
2017,8,20,7,30,NAN,NAN,NAN,NAN,NAN
2017,8,20,8,0,NAN,NAN,NAN,NAN,NAN
2017,8,20,8,30,NAN,NAN,NAN,NAN,NAN
2017,8,20,9,0,NAN,NAN,NAN,NAN,NAN
2017,8,20,9,30,NAN,NAN,NAN,NAN,NAN
2017,8,20,10,0,NAN,NAN,NAN,NAN,NAN
2017,8,20,10,30,NAN,NAN,NAN,NAN,NAN
2017,8,20,11,0,NAN,NAN,NAN,NAN,NAN
2017,8,20,11,30,NAN,NAN,NAN,NAN,NAN
2017,8,20,12,0,NAN,NAN,NAN,NAN,NAN
2017,8,20,12,30,NAN,NAN,NAN,NAN,NAN
2017,8,20,13,0,NAN,NAN,NAN,NAN,NAN
2017,8,20,13,30,NAN,NAN,NAN,NAN,NAN
2017,8,20,14,0,NAN,NAN,NAN,NAN,NAN
2017,8,20,14,30,NAN,NAN,NAN,NAN,NAN
2017,8,20,15,0,NAN,NAN,NAN,NAN,NAN
2017,8,20,15,30,NAN,NAN,NAN,NAN,NAN
2017,8,20,16,0,NAN,NAN,NAN,NAN,NAN
2017,8,20,16,30,NAN,NAN,NAN,NAN,NAN
2017,8,20,17,0,NAN,NAN,NAN,NAN,NAN
2017,8,20,17,30,NAN,NAN,NAN,NAN,NAN
2017,8,20,18,0,NAN,NAN,NAN,NAN,NAN
2017,8,20,18,30,NAN,NAN,NAN,NAN,NAN
2017,8,20,19,0,NAN,NAN,NAN,NAN,NAN
2017,8,20,19,30,NAN,NAN,NAN,NAN,NAN
2017,8,20,20,0,NAN,NAN,NAN,NAN,NAN
2017,8,20,20,30,NAN,NAN,NAN,NAN,NAN
2017,8,20,21,0,NAN,NAN,NAN,NAN,NAN
2017,8,20,21,30,NAN,NAN,NAN,NAN,NAN
2017,8,20,22,0,NAN,NAN,NAN,NAN,NAN
2017,8,20,22,30,NAN,NAN,NAN,NAN,NAN
2017,8,20,23,0,NAN,NAN,NAN,NAN,NAN
2017,8,20,23,30,NAN,NAN,NAN,NAN,NAN
2017,8,20,24,0,NAN,NAN,NAN,NAN,NAN
2017,8,21,0,30,NAN,NAN,NAN,NAN,NAN
2017,8,21,1,0,NAN,NAN,NAN,NAN,NAN
2017,8,21,1,30,NAN,NAN,NAN,NAN,NAN
2017,8,21,2,0,NAN,NAN,NAN,NAN,NAN
2017,8,21,2,30,NAN,NAN,NAN,NAN,NAN
2017,8,21,3,0,NAN,NAN,NAN,NAN,NAN
2017,8,21,3,30,NAN,NAN,NAN,NAN,NAN
2017,8,21,4,0,NAN,NAN,NAN,NAN,NAN
2017,8,21,4,30,NAN,NAN,NAN,NAN,NAN
2017,8,21,5,0,NAN,NAN,NAN,NAN,NAN
2017,8,21,5,30,NAN,NAN,NAN,NAN,NAN
2017,8,21,6,0,NAN,NAN,NAN,NAN,NAN
2017,8,21,6,30,NAN,NAN,NAN,NAN,NAN
2017,8,21,7,0,NAN,NAN,NAN,NAN,NAN
2017,8,21,7,30,NAN,NAN,NAN,NAN,NAN
2017,8,21,8,0,NAN,NAN,NAN,NAN,NAN
2017,8,21,8,30,NAN,NAN,NAN,NAN,NAN
2017,8,21,9,0,NAN,NAN,NAN,NAN,NAN
2017,8,21,9,30,NAN,NAN,NAN,NAN,NAN
2017,8,21,10,0,NAN,NAN,NAN,NAN,NAN
2017,8,21,10,30,NAN,NAN,NAN,NAN,NAN
2017,8,21,11,0,NAN,NAN,NAN,NAN,NAN
2017,8,21,11,30,NAN,NAN,NAN,NAN,NAN
2017,8,21,12,0,NAN,NAN,NAN,NAN,NAN
2017,8,21,12,30,NAN,NAN,NAN,NAN,NAN
2017,8,21,13,0,NAN,NAN,NAN,NAN,NAN
2017,8,21,13,30,NAN,NAN,NAN,NAN,NAN
2017,8,21,14,0,NAN,NAN,NAN,NAN,NAN
2017,8,21,14,30,NAN,NAN,NAN,NAN,NAN
2017,8,21,15,0,NAN,NAN,NAN,NAN,NAN
2017,8,21,15,30,NAN,NAN,NAN,NAN,NAN
2017,8,21,16,0,NAN,NAN,NAN,NAN,NAN
2017,8,21,16,30,NAN,NAN,NAN,NAN,NAN
2017,8,21,17,0,NAN,NAN,NAN,NAN,NAN
2017,8,21,17,30,NAN,NAN,NAN,NAN,NAN
2017,8,21,18,0,NAN,NAN,NAN,NAN,NAN
2017,8,21,18,30,NAN,NAN,NAN,NAN,NAN
2017,8,21,19,0,NAN,NAN,NAN,NAN,NAN
2017,8,21,19,30,NAN,NAN,NAN,NAN,NAN
2017,8,21,20,0,NAN,NAN,NAN,NAN,NAN
2017,8,21,20,30,NAN,NAN,NAN,NAN,NAN
2017,8,21,21,0,NAN,NAN,NAN,NAN,NAN
2017,8,21,21,30,NAN,NAN,NAN,NAN,NAN
2017,8,21,22,0,NAN,NAN,NAN,NAN,NAN
2017,8,21,22,30,NAN,NAN,NAN,NAN,NAN
2017,8,21,23,0,NAN,NAN,NAN,NAN,NAN
2017,8,21,23,30,NAN,NAN,NAN,NAN,NAN
2017,8,21,24,0,NAN,NAN,NAN,NAN,NAN
2017,8,22,0,30,NAN,NAN,NAN,NAN,NAN
2017,8,22,1,0,NAN,NAN,NAN,NAN,NAN
2017,8,22,1,30,NAN,NAN,NAN,NAN,NAN
2017,8,22,2,0,NAN,NAN,NAN,NAN,NAN
2017,8,22,2,30,NAN,NAN,NAN,NAN,NAN
2017,8,22,3,0,NAN,NAN,NAN,NAN,NAN
2017,8,22,3,30,NAN,NAN,NAN,NAN,NAN
2017,8,22,4,0,NAN,NAN,NAN,NAN,NAN
2017,8,22,4,30,NAN,NAN,NAN,NAN,NAN
2017,8,22,5,0,NAN,NAN,NAN,NAN,NAN
2017,8,22,5,30,NAN,NAN,NAN,NAN,NAN
2017,8,22,6,0,NAN,NAN,NAN,NAN,NAN
2017,8,22,6,30,NAN,NAN,NAN,NAN,NAN
2017,8,22,7,0,NAN,NAN,NAN,NAN,NAN
2017,8,22,7,30,NAN,NAN,NAN,NAN,NAN
2017,8,22,8,0,NAN,NAN,NAN,NAN,NAN
2017,8,22,8,30,NAN,NAN,NAN,NAN,NAN
2017,8,22,9,0,NAN,NAN,NAN,NAN,NAN
2017,8,22,9,30,NAN,NAN,NAN,NAN,NAN
2017,8,22,10,0,NAN,NAN,NAN,NAN,NAN
2017,8,22,10,30,NAN,NAN,NAN,NAN,NAN
2017,8,22,11,0,NAN,NAN,NAN,NAN,NAN
2017,8,22,11,30,NAN,NAN,NAN,NAN,NAN
2017,8,22,12,0,NAN,NAN,NAN,NAN,NAN
2017,8,22,12,30,NAN,NAN,NAN,NAN,NAN
2017,8,22,13,0,NAN,NAN,NAN,NAN,NAN
2017,8,22,13,30,NAN,NAN,NAN,NAN,NAN
2017,8,22,14,0,NAN,NAN,NAN,NAN,NAN
2017,8,22,14,30,NAN,NAN,NAN,NAN,NAN
2017,8,22,15,0,NAN,NAN,NAN,NAN,NAN
2017,8,22,15,30,NAN,NAN,NAN,NAN,NAN
2017,8,22,16,0,NAN,NAN,NAN,NAN,NAN
2017,8,22,16,30,NAN,NAN,NAN,NAN,NAN
2017,8,22,17,0,NAN,NAN,NAN,NAN,NAN
2017,8,22,17,30,NAN,NAN,NAN,NAN,NAN
2017,8,22,18,0,NAN,NAN,NAN,NAN,NAN
2017,8,22,18,30,NAN,NAN,NAN,NAN,NAN
2017,8,22,19,0,NAN,NAN,NAN,NAN,NAN
2017,8,22,19,30,NAN,NAN,NAN,NAN,NAN
2017,8,22,20,0,NAN,NAN,NAN,NAN,NAN
2017,8,22,20,30,NAN,NAN,NAN,NAN,NAN
2017,8,22,21,0,NAN,NAN,NAN,NAN,NAN
2017,8,22,21,30,NAN,NAN,NAN,NAN,NAN
2017,8,22,22,0,NAN,NAN,NAN,NAN,NAN
2017,8,22,22,30,NAN,NAN,NAN,NAN,NAN
2017,8,22,23,0,NAN,NAN,NAN,NAN,NAN
2017,8,22,23,30,NAN,NAN,NAN,NAN,NAN
2017,8,22,24,0,NAN,NAN,NAN,NAN,NAN
2017,8,23,0,30,NAN,NAN,NAN,NAN,NAN
2017,8,23,1,0,NAN,NAN,NAN,NAN,NAN
2017,8,23,1,30,NAN,NAN,NAN,NAN,NAN
2017,8,23,2,0,NAN,NAN,NAN,NAN,NAN
2017,8,23,2,30,NAN,NAN,NAN,NAN,NAN
2017,8,23,3,0,NAN,NAN,NAN,NAN,NAN
2017,8,23,3,30,NAN,NAN,NAN,NAN,NAN
2017,8,23,4,0,NAN,NAN,NAN,NAN,NAN
2017,8,23,4,30,NAN,NAN,NAN,NAN,NAN
2017,8,23,5,0,NAN,NAN,NAN,NAN,NAN
2017,8,23,5,30,NAN,NAN,NAN,NAN,NAN
2017,8,23,6,0,NAN,NAN,NAN,NAN,NAN
2017,8,23,6,30,NAN,NAN,NAN,NAN,NAN
2017,8,23,7,0,NAN,NAN,NAN,NAN,NAN
2017,8,23,7,30,NAN,NAN,NAN,NAN,NAN
2017,8,23,8,0,NAN,NAN,NAN,NAN,NAN
2017,8,23,8,30,NAN,NAN,NAN,NAN,NAN
2017,8,23,9,0,NAN,NAN,NAN,NAN,NAN
2017,8,23,9,30,NAN,NAN,NAN,NAN,NAN
2017,8,23,10,0,NAN,NAN,NAN,NAN,NAN
2017,8,23,10,30,NAN,NAN,NAN,NAN,NAN
2017,8,23,11,0,NAN,NAN,NAN,NAN,NAN
2017,8,23,11,30,NAN,NAN,NAN,NAN,NAN
2017,8,23,12,0,NAN,NAN,NAN,NAN,NAN
2017,8,23,12,30,NAN,NAN,NAN,NAN,NAN
2017,8,23,13,0,NAN,NAN,NAN,NAN,NAN
2017,8,23,13,30,NAN,NAN,NAN,NAN,NAN
2017,8,23,14,0,NAN,NAN,NAN,NAN,NAN
2017,8,23,14,30,NAN,NAN,NAN,NAN,NAN
2017,8,23,15,0,NAN,NAN,NAN,NAN,NAN
2017,8,23,15,30,NAN,NAN,NAN,NAN,NAN
2017,8,23,16,0,NAN,NAN,NAN,NAN,NAN
2017,8,23,16,30,NAN,NAN,NAN,NAN,NAN
2017,8,23,17,0,NAN,NAN,NAN,NAN,NAN
2017,8,23,17,30,NAN,NAN,NAN,NAN,NAN
2017,8,23,18,0,NAN,NAN,NAN,NAN,NAN
2017,8,23,18,30,NAN,NAN,NAN,NAN,NAN
2017,8,23,19,0,NAN,NAN,NAN,NAN,NAN
2017,8,23,19,30,NAN,NAN,NAN,NAN,NAN
2017,8,23,20,0,NAN,NAN,NAN,NAN,NAN
2017,8,23,20,30,NAN,NAN,NAN,NAN,NAN
2017,8,23,21,0,NAN,NAN,NAN,NAN,NAN
2017,8,23,21,30,NAN,NAN,NAN,NAN,NAN
2017,8,23,22,0,NAN,NAN,NAN,NAN,NAN
2017,8,23,22,30,NAN,NAN,NAN,NAN,NAN
2017,8,23,23,0,NAN,NAN,NAN,NAN,NAN
2017,8,23,23,30,NAN,NAN,NAN,NAN,NAN
2017,8,23,24,0,NAN,NAN,NAN,NAN,NAN
2017,8,24,0,30,NAN,NAN,NAN,NAN,NAN
2017,8,24,1,0,NAN,NAN,NAN,NAN,NAN
2017,8,24,1,30,NAN,NAN,NAN,NAN,NAN
2017,8,24,2,0,NAN,NAN,NAN,NAN,NAN
2017,8,24,2,30,NAN,NAN,NAN,NAN,NAN
2017,8,24,3,0,NAN,NAN,NAN,NAN,NAN
2017,8,24,3,30,NAN,NAN,NAN,NAN,NAN
2017,8,24,4,0,NAN,NAN,NAN,NAN,NAN
2017,8,24,4,30,NAN,NAN,NAN,NAN,NAN
2017,8,24,5,0,NAN,NAN,NAN,NAN,NAN
2017,8,24,5,30,NAN,NAN,NAN,NAN,NAN
2017,8,24,6,0,NAN,NAN,NAN,NAN,NAN
2017,8,24,6,30,NAN,NAN,NAN,NAN,NAN
2017,8,24,7,0,NAN,NAN,NAN,NAN,NAN
2017,8,24,7,30,NAN,NAN,NAN,NAN,NAN
2017,8,24,8,0,NAN,NAN,NAN,NAN,NAN
2017,8,24,8,30,NAN,NAN,NAN,NAN,NAN
2017,8,24,9,0,NAN,NAN,NAN,NAN,NAN
2017,8,24,9,30,NAN,NAN,NAN,NAN,NAN
2017,8,24,10,0,NAN,NAN,NAN,NAN,NAN
2017,8,24,10,30,NAN,NAN,NAN,NAN,NAN
2017,8,24,11,0,NAN,NAN,NAN,NAN,NAN
2017,8,24,11,30,NAN,NAN,NAN,NAN,NAN
2017,8,24,12,0,NAN,NAN,NAN,NAN,NAN
2017,8,24,12,30,NAN,NAN,NAN,NAN,NAN
2017,8,24,13,0,NAN,NAN,NAN,NAN,NAN
2017,8,24,13,30,NAN,NAN,NAN,NAN,NAN
2017,8,24,14,0,NAN,NAN,NAN,NAN,NAN
2017,8,24,14,30,NAN,NAN,NAN,NAN,NAN
2017,8,24,15,0,NAN,NAN,NAN,NAN,NAN
2017,8,24,15,30,NAN,NAN,NAN,NAN,NAN
2017,8,24,16,0,NAN,NAN,NAN,NAN,NAN
2017,8,24,16,30,NAN,NAN,NAN,NAN,NAN
2017,8,24,17,0,NAN,NAN,NAN,NAN,NAN
2017,8,24,17,30,NAN,NAN,NAN,NAN,NAN
2017,8,24,18,0,NAN,NAN,NAN,NAN,NAN
2017,8,24,18,30,NAN,NAN,NAN,NAN,NAN
2017,8,24,19,0,NAN,NAN,NAN,NAN,NAN
2017,8,24,19,30,NAN,NAN,NAN,NAN,NAN
2017,8,24,20,0,NAN,NAN,NAN,NAN,NAN
2017,8,24,20,30,NAN,NAN,NAN,NAN,NAN
2017,8,24,21,0,NAN,NAN,NAN,NAN,NAN
2017,8,24,21,30,NAN,NAN,NAN,NAN,NAN
2017,8,24,22,0,NAN,NAN,NAN,NAN,NAN
2017,8,24,22,30,NAN,NAN,NAN,NAN,NAN
2017,8,24,23,0,NAN,NAN,NAN,NAN,NAN
2017,8,24,23,30,NAN,NAN,NAN,NAN,NAN
2017,8,24,24,0,NAN,NAN,NAN,NAN,NAN
2017,8,25,0,30,NAN,NAN,NAN,NAN,NAN
2017,8,25,1,0,NAN,NAN,NAN,NAN,NAN
2017,8,25,1,30,NAN,NAN,NAN,NAN,NAN
2017,8,25,2,0,NAN,NAN,NAN,NAN,NAN
2017,8,25,2,30,NAN,NAN,NAN,NAN,NAN
2017,8,25,3,0,NAN,NAN,NAN,NAN,NAN
2017,8,25,3,30,NAN,NAN,NAN,NAN,NAN
2017,8,25,4,0,NAN,NAN,NAN,NAN,NAN
2017,8,25,4,30,NAN,NAN,NAN,NAN,NAN
2017,8,25,5,0,NAN,NAN,NAN,NAN,NAN
2017,8,25,5,30,NAN,NAN,NAN,NAN,NAN
2017,8,25,6,0,NAN,NAN,NAN,NAN,NAN
2017,8,25,6,30,NAN,NAN,NAN,NAN,NAN
2017,8,25,7,0,NAN,NAN,NAN,NAN,NAN
2017,8,25,7,30,NAN,NAN,NAN,NAN,NAN
2017,8,25,8,0,NAN,NAN,NAN,NAN,NAN
2017,8,25,8,30,NAN,NAN,NAN,NAN,NAN
2017,8,25,9,0,NAN,NAN,NAN,NAN,NAN
2017,8,25,9,30,NAN,NAN,NAN,NAN,NAN
2017,8,25,10,0,NAN,NAN,NAN,NAN,NAN
2017,8,25,10,30,NAN,NAN,NAN,NAN,NAN
2017,8,25,11,0,NAN,NAN,NAN,NAN,NAN
2017,8,25,11,30,NAN,NAN,NAN,NAN,NAN
2017,8,25,12,0,NAN,NAN,NAN,NAN,NAN
2017,8,25,12,30,NAN,NAN,NAN,NAN,NAN
2017,8,25,13,0,NAN,NAN,NAN,NAN,NAN
2017,8,25,13,30,NAN,NAN,NAN,NAN,NAN
2017,8,25,14,0,NAN,NAN,NAN,NAN,NAN
2017,8,25,14,30,NAN,NAN,NAN,NAN,NAN
2017,8,25,15,0,NAN,NAN,NAN,NAN,NAN
2017,8,25,15,30,NAN,NAN,NAN,NAN,NAN
2017,8,25,16,0,NAN,NAN,NAN,NAN,NAN
2017,8,25,16,30,NAN,NAN,NAN,NAN,NAN
2017,8,25,17,0,NAN,NAN,NAN,NAN,NAN
2017,8,25,17,30,NAN,NAN,NAN,NAN,NAN
2017,8,25,18,0,NAN,NAN,NAN,NAN,NAN
2017,8,25,18,30,NAN,NAN,NAN,NAN,NAN
2017,8,25,19,0,NAN,NAN,NAN,NAN,NAN
2017,8,25,19,30,NAN,NAN,NAN,NAN,NAN
2017,8,25,20,0,NAN,NAN,NAN,NAN,NAN
2017,8,25,20,30,NAN,NAN,NAN,NAN,NAN
2017,8,25,21,0,NAN,NAN,NAN,NAN,NAN
2017,8,25,21,30,NAN,NAN,NAN,NAN,NAN
2017,8,25,22,0,NAN,NAN,NAN,NAN,NAN
2017,8,25,22,30,NAN,NAN,NAN,NAN,NAN
2017,8,25,23,0,NAN,NAN,NAN,NAN,NAN
2017,8,25,23,30,NAN,NAN,NAN,NAN,NAN
2017,8,25,24,0,NAN,NAN,NAN,NAN,NAN
2017,8,26,0,30,NAN,NAN,NAN,NAN,NAN
2017,8,26,1,0,NAN,NAN,NAN,NAN,NAN
2017,8,26,1,30,NAN,NAN,NAN,NAN,NAN
2017,8,26,2,0,NAN,NAN,NAN,NAN,NAN
2017,8,26,2,30,NAN,NAN,NAN,NAN,NAN
2017,8,26,3,0,NAN,NAN,NAN,NAN,NAN
2017,8,26,3,30,NAN,NAN,NAN,NAN,NAN
2017,8,26,4,0,NAN,NAN,NAN,NAN,NAN
2017,8,26,4,30,NAN,NAN,NAN,NAN,NAN
2017,8,26,5,0,NAN,NAN,NAN,NAN,NAN
2017,8,26,5,30,NAN,NAN,NAN,NAN,NAN
2017,8,26,6,0,NAN,NAN,NAN,NAN,NAN
2017,8,26,6,30,NAN,NAN,NAN,NAN,NAN
2017,8,26,7,0,NAN,NAN,NAN,NAN,NAN
2017,8,26,7,30,NAN,NAN,NAN,NAN,NAN
2017,8,26,8,0,NAN,NAN,NAN,NAN,NAN
2017,8,26,8,30,NAN,NAN,NAN,NAN,NAN
2017,8,26,9,0,NAN,NAN,NAN,NAN,NAN
2017,8,26,9,30,NAN,NAN,NAN,NAN,NAN
2017,8,26,10,0,NAN,NAN,NAN,NAN,NAN
2017,8,26,10,30,NAN,NAN,NAN,NAN,NAN
2017,8,26,11,0,NAN,NAN,NAN,NAN,NAN
2017,8,26,11,30,NAN,NAN,NAN,NAN,NAN
2017,8,26,12,0,NAN,NAN,NAN,NAN,NAN
2017,8,26,12,30,NAN,NAN,NAN,NAN,NAN
2017,8,26,13,0,NAN,NAN,NAN,NAN,NAN
2017,8,26,13,30,NAN,NAN,NAN,NAN,NAN
2017,8,26,14,0,NAN,NAN,NAN,NAN,NAN
2017,8,26,14,30,NAN,NAN,NAN,NAN,NAN
2017,8,26,15,0,NAN,NAN,NAN,NAN,NAN
2017,8,26,15,30,NAN,NAN,NAN,NAN,NAN
2017,8,26,16,0,NAN,NAN,NAN,NAN,NAN
2017,8,26,16,30,NAN,NAN,NAN,NAN,NAN
2017,8,26,17,0,NAN,NAN,NAN,NAN,NAN
2017,8,26,17,30,NAN,NAN,NAN,NAN,NAN
2017,8,26,18,0,NAN,NAN,NAN,NAN,NAN
2017,8,26,18,30,NAN,NAN,NAN,NAN,NAN
2017,8,26,19,0,NAN,NAN,NAN,NAN,NAN
2017,8,26,19,30,NAN,NAN,NAN,NAN,NAN
2017,8,26,20,0,NAN,NAN,NAN,NAN,NAN
2017,8,26,20,30,NAN,NAN,NAN,NAN,NAN
2017,8,26,21,0,NAN,NAN,NAN,NAN,NAN
2017,8,26,21,30,NAN,NAN,NAN,NAN,NAN
2017,8,26,22,0,NAN,NAN,NAN,NAN,NAN
2017,8,26,22,30,NAN,NAN,NAN,NAN,NAN
2017,8,26,23,0,NAN,NAN,NAN,NAN,NAN
2017,8,26,23,30,NAN,NAN,NAN,NAN,NAN
2017,8,26,24,0,NAN,NAN,NAN,NAN,NAN
2017,8,27,0,30,NAN,NAN,NAN,NAN,NAN
2017,8,27,1,0,NAN,NAN,NAN,NAN,NAN
2017,8,27,1,30,NAN,NAN,NAN,NAN,NAN
2017,8,27,2,0,NAN,NAN,NAN,NAN,NAN
2017,8,27,2,30,NAN,NAN,NAN,NAN,NAN
2017,8,27,3,0,NAN,NAN,NAN,NAN,NAN
2017,8,27,3,30,NAN,NAN,NAN,NAN,NAN
2017,8,27,4,0,NAN,NAN,NAN,NAN,NAN
2017,8,27,4,30,NAN,NAN,NAN,NAN,NAN
2017,8,27,5,0,NAN,NAN,NAN,NAN,NAN
2017,8,27,5,30,NAN,NAN,NAN,NAN,NAN
2017,8,27,6,0,NAN,NAN,NAN,NAN,NAN
2017,8,27,6,30,NAN,NAN,NAN,NAN,NAN
2017,8,27,7,0,NAN,NAN,NAN,NAN,NAN
2017,8,27,7,30,NAN,NAN,NAN,NAN,NAN
2017,8,27,8,0,NAN,NAN,NAN,NAN,NAN
2017,8,27,8,30,NAN,NAN,NAN,NAN,NAN
2017,8,27,9,0,NAN,NAN,NAN,NAN,NAN
2017,8,27,9,30,NAN,NAN,NAN,NAN,NAN
2017,8,27,10,0,NAN,NAN,NAN,NAN,NAN
2017,8,27,10,30,NAN,NAN,NAN,NAN,NAN
2017,8,27,11,0,NAN,NAN,NAN,NAN,NAN
2017,8,27,11,30,NAN,NAN,NAN,NAN,NAN
2017,8,27,12,0,NAN,NAN,NAN,NAN,NAN
2017,8,27,12,30,NAN,NAN,NAN,NAN,NAN
2017,8,27,13,0,NAN,NAN,NAN,NAN,NAN
2017,8,27,13,30,NAN,NAN,NAN,NAN,NAN
2017,8,27,14,0,NAN,NAN,NAN,NAN,NAN
2017,8,27,14,30,NAN,NAN,NAN,NAN,NAN
2017,8,27,15,0,NAN,NAN,NAN,NAN,NAN
2017,8,27,15,30,NAN,NAN,NAN,NAN,NAN
2017,8,27,16,0,NAN,NAN,NAN,NAN,NAN
2017,8,27,16,30,NAN,NAN,NAN,NAN,NAN
2017,8,27,17,0,NAN,NAN,NAN,NAN,NAN
2017,8,27,17,30,NAN,NAN,NAN,NAN,NAN
2017,8,27,18,0,NAN,NAN,NAN,NAN,NAN
2017,8,27,18,30,NAN,NAN,NAN,NAN,NAN
2017,8,27,19,0,NAN,NAN,NAN,NAN,NAN
2017,8,27,19,30,NAN,NAN,NAN,NAN,NAN
2017,8,27,20,0,NAN,NAN,NAN,NAN,NAN
2017,8,27,20,30,NAN,NAN,NAN,NAN,NAN
2017,8,27,21,0,NAN,NAN,NAN,NAN,NAN
2017,8,27,21,30,NAN,NAN,NAN,NAN,NAN
2017,8,27,22,0,NAN,NAN,NAN,NAN,NAN
2017,8,27,22,30,NAN,NAN,NAN,NAN,NAN
2017,8,27,23,0,NAN,NAN,NAN,NAN,NAN
2017,8,27,23,30,NAN,NAN,NAN,NAN,NAN
2017,8,27,24,0,NAN,NAN,NAN,NAN,NAN
2017,8,28,0,30,NAN,NAN,NAN,NAN,NAN
2017,8,28,1,0,NAN,NAN,NAN,NAN,NAN
2017,8,28,1,30,NAN,NAN,NAN,NAN,NAN
2017,8,28,2,0,NAN,NAN,NAN,NAN,NAN
2017,8,28,2,30,NAN,NAN,NAN,NAN,NAN
2017,8,28,3,0,NAN,NAN,NAN,NAN,NAN
2017,8,28,3,30,NAN,NAN,NAN,NAN,NAN
2017,8,28,4,0,NAN,NAN,NAN,NAN,NAN
2017,8,28,4,30,NAN,NAN,NAN,NAN,NAN
2017,8,28,5,0,NAN,NAN,NAN,NAN,NAN
2017,8,28,5,30,NAN,NAN,NAN,NAN,NAN
2017,8,28,6,0,NAN,NAN,NAN,NAN,NAN
2017,8,28,6,30,NAN,NAN,NAN,NAN,NAN
2017,8,28,7,0,NAN,NAN,NAN,NAN,NAN
2017,8,28,7,30,NAN,NAN,NAN,NAN,NAN
2017,8,28,8,0,NAN,NAN,NAN,NAN,NAN
2017,8,28,8,30,NAN,NAN,NAN,NAN,NAN
2017,8,28,9,0,NAN,NAN,NAN,NAN,NAN
2017,8,28,9,30,NAN,NAN,NAN,NAN,NAN
2017,8,28,10,0,NAN,NAN,NAN,NAN,NAN
2017,8,28,10,30,NAN,NAN,NAN,NAN,NAN
2017,8,28,11,0,NAN,NAN,NAN,NAN,NAN
2017,8,28,11,30,NAN,NAN,NAN,NAN,NAN
2017,8,28,12,0,NAN,NAN,NAN,NAN,NAN
2017,8,28,12,30,NAN,NAN,NAN,NAN,NAN
2017,8,28,13,0,NAN,NAN,NAN,NAN,NAN
2017,8,28,13,30,NAN,NAN,NAN,NAN,NAN
2017,8,28,14,0,NAN,NAN,NAN,NAN,NAN
2017,8,28,14,30,NAN,NAN,NAN,NAN,NAN
2017,8,28,15,0,NAN,NAN,NAN,NAN,NAN
2017,8,28,15,30,NAN,NAN,NAN,NAN,NAN
2017,8,28,16,0,NAN,NAN,NAN,NAN,NAN
2017,8,28,16,30,NAN,NAN,NAN,NAN,NAN
2017,8,28,17,0,NAN,NAN,NAN,NAN,NAN
2017,8,28,17,30,NAN,NAN,NAN,NAN,NAN
2017,8,28,18,0,NAN,NAN,NAN,NAN,NAN
2017,8,28,18,30,NAN,NAN,NAN,NAN,NAN
2017,8,28,19,0,NAN,NAN,NAN,NAN,NAN
2017,8,28,19,30,NAN,NAN,NAN,NAN,NAN
2017,8,28,20,0,NAN,NAN,NAN,NAN,NAN
2017,8,28,20,30,NAN,NAN,NAN,NAN,NAN
2017,8,28,21,0,NAN,NAN,NAN,NAN,NAN
2017,8,28,21,30,NAN,NAN,NAN,NAN,NAN
2017,8,28,22,0,NAN,NAN,NAN,NAN,NAN
2017,8,28,22,30,NAN,NAN,NAN,NAN,NAN
2017,8,28,23,0,NAN,NAN,NAN,NAN,NAN
2017,8,28,23,30,NAN,NAN,NAN,NAN,NAN
2017,8,28,24,0,NAN,NAN,NAN,NAN,NAN
2017,8,29,0,30,NAN,NAN,NAN,NAN,NAN
2017,8,29,1,0,NAN,NAN,NAN,NAN,NAN
2017,8,29,1,30,NAN,NAN,NAN,NAN,NAN
2017,8,29,2,0,NAN,NAN,NAN,NAN,NAN
2017,8,29,2,30,NAN,NAN,NAN,NAN,NAN
2017,8,29,3,0,NAN,NAN,NAN,NAN,NAN
2017,8,29,3,30,NAN,NAN,NAN,NAN,NAN
2017,8,29,4,0,NAN,NAN,NAN,NAN,NAN
2017,8,29,4,30,NAN,NAN,NAN,NAN,NAN
2017,8,29,5,0,NAN,NAN,NAN,NAN,NAN
2017,8,29,5,30,NAN,NAN,NAN,NAN,NAN
2017,8,29,6,0,NAN,NAN,NAN,NAN,NAN
2017,8,29,6,30,NAN,NAN,NAN,NAN,NAN
2017,8,29,7,0,NAN,NAN,NAN,NAN,NAN
2017,8,29,7,30,NAN,NAN,NAN,NAN,NAN
2017,8,29,8,0,NAN,NAN,NAN,NAN,NAN
2017,8,29,8,30,NAN,NAN,NAN,NAN,NAN
2017,8,29,9,0,NAN,NAN,NAN,NAN,NAN
2017,8,29,9,30,NAN,NAN,NAN,NAN,NAN
2017,8,29,10,0,NAN,NAN,NAN,NAN,NAN
2017,8,29,10,30,NAN,NAN,NAN,NAN,NAN
2017,8,29,11,0,NAN,NAN,NAN,NAN,NAN
2017,8,29,11,30,NAN,NAN,NAN,NAN,NAN
2017,8,29,12,0,NAN,NAN,NAN,NAN,NAN
2017,8,29,12,30,NAN,NAN,NAN,NAN,NAN
2017,8,29,13,0,NAN,NAN,NAN,NAN,NAN
2017,8,29,13,30,NAN,NAN,NAN,NAN,NAN
2017,8,29,14,0,NAN,NAN,NAN,NAN,NAN
2017,8,29,14,30,NAN,NAN,NAN,NAN,NAN
2017,8,29,15,0,NAN,NAN,NAN,NAN,NAN
2017,8,29,15,30,NAN,NAN,NAN,NAN,NAN
2017,8,29,16,0,NAN,NAN,NAN,NAN,NAN
2017,8,29,16,30,NAN,NAN,NAN,NAN,NAN
2017,8,29,17,0,NAN,NAN,NAN,NAN,NAN
2017,8,29,17,30,NAN,NAN,NAN,NAN,NAN
2017,8,29,18,0,NAN,NAN,NAN,NAN,NAN
2017,8,29,18,30,NAN,NAN,NAN,NAN,NAN
2017,8,29,19,0,NAN,NAN,NAN,NAN,NAN
2017,8,29,19,30,NAN,NAN,NAN,NAN,NAN
2017,8,29,20,0,NAN,NAN,NAN,NAN,NAN
2017,8,29,20,30,NAN,NAN,NAN,NAN,NAN
2017,8,29,21,0,NAN,NAN,NAN,NAN,NAN
2017,8,29,21,30,NAN,NAN,NAN,NAN,NAN
2017,8,29,22,0,NAN,NAN,NAN,NAN,NAN
2017,8,29,22,30,NAN,NAN,NAN,NAN,NAN
2017,8,29,23,0,NAN,NAN,NAN,NAN,NAN
2017,8,29,23,30,NAN,NAN,NAN,NAN,NAN
2017,8,29,24,0,NAN,NAN,NAN,NAN,NAN
2017,8,30,0,30,NAN,NAN,NAN,NAN,NAN
2017,8,30,1,0,NAN,NAN,NAN,NAN,NAN
2017,8,30,1,30,NAN,NAN,NAN,NAN,NAN
2017,8,30,2,0,NAN,NAN,NAN,NAN,NAN
2017,8,30,2,30,NAN,NAN,NAN,NAN,NAN
2017,8,30,3,0,NAN,NAN,NAN,NAN,NAN
2017,8,30,3,30,NAN,NAN,NAN,NAN,NAN
2017,8,30,4,0,NAN,NAN,NAN,NAN,NAN
2017,8,30,4,30,NAN,NAN,NAN,NAN,NAN
2017,8,30,5,0,NAN,NAN,NAN,NAN,NAN
2017,8,30,5,30,NAN,NAN,NAN,NAN,NAN
2017,8,30,6,0,NAN,NAN,NAN,NAN,NAN
2017,8,30,6,30,NAN,NAN,NAN,NAN,NAN
2017,8,30,7,0,NAN,NAN,NAN,NAN,NAN
2017,8,30,7,30,NAN,NAN,NAN,NAN,NAN
2017,8,30,8,0,NAN,NAN,NAN,NAN,NAN
2017,8,30,8,30,NAN,NAN,NAN,NAN,NAN
2017,8,30,9,0,NAN,NAN,NAN,NAN,NAN
2017,8,30,9,30,NAN,NAN,NAN,NAN,NAN
2017,8,30,10,0,NAN,NAN,NAN,NAN,NAN
2017,8,30,10,30,NAN,NAN,NAN,NAN,NAN
2017,8,30,11,0,NAN,NAN,NAN,NAN,NAN
2017,8,30,11,30,NAN,NAN,NAN,NAN,NAN
2017,8,30,12,0,NAN,NAN,NAN,NAN,NAN
2017,8,30,12,30,NAN,NAN,NAN,NAN,NAN
2017,8,30,13,0,NAN,NAN,NAN,NAN,NAN
2017,8,30,13,30,NAN,NAN,NAN,NAN,NAN
2017,8,30,14,0,NAN,NAN,NAN,NAN,NAN
2017,8,30,14,30,NAN,NAN,NAN,NAN,NAN
2017,8,30,15,0,NAN,NAN,NAN,NAN,NAN
2017,8,30,15,30,NAN,NAN,NAN,NAN,NAN
2017,8,30,16,0,NAN,NAN,NAN,NAN,NAN
2017,8,30,16,30,NAN,NAN,NAN,NAN,NAN
2017,8,30,17,0,NAN,NAN,NAN,NAN,NAN
2017,8,30,17,30,NAN,NAN,NAN,NAN,NAN
2017,8,30,18,0,NAN,NAN,NAN,NAN,NAN
2017,8,30,18,30,NAN,NAN,NAN,NAN,NAN
2017,8,30,19,0,NAN,NAN,NAN,NAN,NAN
2017,8,30,19,30,NAN,NAN,NAN,NAN,NAN
2017,8,30,20,0,NAN,NAN,NAN,NAN,NAN
2017,8,30,20,30,NAN,NAN,NAN,NAN,NAN
2017,8,30,21,0,NAN,NAN,NAN,NAN,NAN
2017,8,30,21,30,NAN,NAN,NAN,NAN,NAN
2017,8,30,22,0,NAN,NAN,NAN,NAN,NAN
2017,8,30,22,30,NAN,NAN,NAN,NAN,NAN
2017,8,30,23,0,NAN,NAN,NAN,NAN,NAN
2017,8,30,23,30,NAN,NAN,NAN,NAN,NAN
2017,8,30,24,0,NAN,NAN,NAN,NAN,NAN
2017,8,31,0,30,NAN,NAN,NAN,NAN,NAN
2017,8,31,1,0,NAN,NAN,NAN,NAN,NAN
2017,8,31,1,30,NAN,NAN,NAN,NAN,NAN
2017,8,31,2,0,NAN,NAN,NAN,NAN,NAN
2017,8,31,2,30,NAN,NAN,NAN,NAN,NAN
2017,8,31,3,0,NAN,NAN,NAN,NAN,NAN
2017,8,31,3,30,NAN,NAN,NAN,NAN,NAN
2017,8,31,4,0,NAN,NAN,NAN,NAN,NAN
2017,8,31,4,30,NAN,NAN,NAN,NAN,NAN
2017,8,31,5,0,NAN,NAN,NAN,NAN,NAN
2017,8,31,5,30,NAN,NAN,NAN,NAN,NAN
2017,8,31,6,0,NAN,NAN,NAN,NAN,NAN
2017,8,31,6,30,NAN,NAN,NAN,NAN,NAN
2017,8,31,7,0,NAN,NAN,NAN,NAN,NAN
2017,8,31,7,30,NAN,NAN,NAN,NAN,NAN
2017,8,31,8,0,NAN,NAN,NAN,NAN,NAN
2017,8,31,8,30,NAN,NAN,NAN,NAN,NAN
2017,8,31,9,0,NAN,NAN,NAN,NAN,NAN
2017,8,31,9,30,NAN,NAN,NAN,NAN,NAN
2017,8,31,10,0,NAN,NAN,NAN,NAN,NAN
2017,8,31,10,30,NAN,NAN,NAN,NAN,NAN
2017,8,31,11,0,NAN,NAN,NAN,NAN,NAN
2017,8,31,11,30,NAN,NAN,NAN,NAN,NAN
2017,8,31,12,0,NAN,NAN,NAN,NAN,NAN
2017,8,31,12,30,NAN,NAN,NAN,NAN,NAN
2017,8,31,13,0,NAN,NAN,NAN,NAN,NAN
2017,8,31,13,30,NAN,NAN,NAN,NAN,NAN
2017,8,31,14,0,NAN,NAN,NAN,NAN,NAN
2017,8,31,14,30,NAN,NAN,NAN,NAN,NAN
2017,8,31,15,0,NAN,NAN,NAN,NAN,NAN
2017,8,31,15,30,NAN,NAN,NAN,NAN,NAN
2017,8,31,16,0,NAN,NAN,NAN,NAN,NAN
2017,8,31,16,30,NAN,NAN,NAN,NAN,NAN
2017,8,31,17,0,NAN,NAN,NAN,NAN,NAN
2017,8,31,17,30,NAN,NAN,NAN,NAN,NAN
2017,8,31,18,0,NAN,NAN,NAN,NAN,NAN
2017,8,31,18,30,NAN,NAN,NAN,NAN,NAN
2017,8,31,19,0,NAN,NAN,NAN,NAN,NAN
2017,8,31,19,30,NAN,NAN,NAN,NAN,NAN
2017,8,31,20,0,NAN,NAN,NAN,NAN,NAN
2017,8,31,20,30,NAN,NAN,NAN,NAN,NAN
2017,8,31,21,0,NAN,NAN,NAN,NAN,NAN
2017,8,31,21,30,NAN,NAN,NAN,NAN,NAN
2017,8,31,22,0,NAN,NAN,NAN,NAN,NAN
2017,8,31,22,30,NAN,NAN,NAN,NAN,NAN
2017,8,31,23,0,NAN,NAN,NAN,NAN,NAN
2017,8,31,23,30,NAN,NAN,NAN,NAN,NAN
2017,8,31,24,0,NAN,NAN,NAN,NAN,NAN
2017,9,1,0,30,NAN,NAN,NAN,NAN,NAN
2017,9,1,1,0,NAN,NAN,NAN,NAN,NAN
2017,9,1,1,30,NAN,NAN,NAN,NAN,NAN
2017,9,1,2,0,NAN,NAN,NAN,NAN,NAN
2017,9,1,2,30,NAN,NAN,NAN,NAN,NAN
2017,9,1,3,0,NAN,NAN,NAN,NAN,NAN
2017,9,1,3,30,NAN,NAN,NAN,NAN,NAN
2017,9,1,4,0,NAN,NAN,NAN,NAN,NAN
2017,9,1,4,30,NAN,NAN,NAN,NAN,NAN
2017,9,1,5,0,NAN,NAN,NAN,NAN,NAN
2017,9,1,5,30,NAN,NAN,NAN,NAN,NAN
2017,9,1,6,0,NAN,NAN,NAN,NAN,NAN
2017,9,1,6,30,NAN,NAN,NAN,NAN,NAN
2017,9,1,7,0,NAN,NAN,NAN,NAN,NAN
2017,9,1,7,30,NAN,NAN,NAN,NAN,NAN
2017,9,1,8,0,NAN,NAN,NAN,NAN,NAN
2017,9,1,8,30,NAN,NAN,NAN,NAN,NAN
2017,9,1,9,0,NAN,NAN,NAN,NAN,NAN
2017,9,1,9,30,NAN,NAN,NAN,NAN,NAN
2017,9,1,10,0,NAN,NAN,NAN,NAN,NAN
2017,9,1,10,30,NAN,NAN,NAN,NAN,NAN
2017,9,1,11,0,NAN,NAN,NAN,NAN,NAN
2017,9,1,11,30,NAN,NAN,NAN,NAN,NAN
2017,9,1,12,0,NAN,NAN,NAN,NAN,NAN
2017,9,1,12,30,NAN,NAN,NAN,NAN,NAN
2017,9,1,13,0,NAN,NAN,NAN,NAN,NAN
2017,9,1,13,30,NAN,NAN,NAN,NAN,NAN
2017,9,1,14,0,NAN,NAN,NAN,NAN,NAN
2017,9,1,14,30,NAN,NAN,NAN,NAN,NAN
2017,9,1,15,0,NAN,NAN,NAN,NAN,NAN
2017,9,1,15,30,NAN,NAN,NAN,NAN,NAN
2017,9,1,16,0,NAN,NAN,NAN,NAN,NAN
2017,9,1,16,30,NAN,NAN,NAN,NAN,NAN
2017,9,1,17,0,NAN,NAN,NAN,NAN,NAN
2017,9,1,17,30,NAN,NAN,NAN,NAN,NAN
2017,9,1,18,0,NAN,NAN,NAN,NAN,NAN
2017,9,1,18,30,NAN,NAN,NAN,NAN,NAN
2017,9,1,19,0,NAN,NAN,NAN,NAN,NAN
2017,9,1,19,30,NAN,NAN,NAN,NAN,NAN
2017,9,1,20,0,NAN,NAN,NAN,NAN,NAN
2017,9,1,20,30,NAN,NAN,NAN,NAN,NAN
2017,9,1,21,0,NAN,NAN,NAN,NAN,NAN
2017,9,1,21,30,NAN,NAN,NAN,NAN,NAN
2017,9,1,22,0,NAN,NAN,NAN,NAN,NAN
2017,9,1,22,30,NAN,NAN,NAN,NAN,NAN
2017,9,1,23,0,NAN,NAN,NAN,NAN,NAN
2017,9,1,23,30,NAN,NAN,NAN,NAN,NAN
2017,9,1,24,0,NAN,NAN,NAN,NAN,NAN
2017,9,2,0,30,NAN,NAN,NAN,NAN,NAN
2017,9,2,1,0,NAN,NAN,NAN,NAN,NAN
2017,9,2,1,30,NAN,NAN,NAN,NAN,NAN
2017,9,2,2,0,NAN,NAN,NAN,NAN,NAN
2017,9,2,2,30,NAN,NAN,NAN,NAN,NAN
2017,9,2,3,0,NAN,NAN,NAN,NAN,NAN
2017,9,2,3,30,NAN,NAN,NAN,NAN,NAN
2017,9,2,4,0,NAN,NAN,NAN,NAN,NAN
2017,9,2,4,30,NAN,NAN,NAN,NAN,NAN
2017,9,2,5,0,NAN,NAN,NAN,NAN,NAN
2017,9,2,5,30,NAN,NAN,NAN,NAN,NAN
2017,9,2,6,0,NAN,NAN,NAN,NAN,NAN
2017,9,2,6,30,NAN,NAN,NAN,NAN,NAN
2017,9,2,7,0,NAN,NAN,NAN,NAN,NAN
2017,9,2,7,30,NAN,NAN,NAN,NAN,NAN
2017,9,2,8,0,NAN,NAN,NAN,NAN,NAN
2017,9,2,8,30,NAN,NAN,NAN,NAN,NAN
2017,9,2,9,0,NAN,NAN,NAN,NAN,NAN
2017,9,2,9,30,NAN,NAN,NAN,NAN,NAN
2017,9,2,10,0,NAN,NAN,NAN,NAN,NAN
2017,9,2,10,30,NAN,NAN,NAN,NAN,NAN
2017,9,2,11,0,NAN,NAN,NAN,NAN,NAN
2017,9,2,11,30,NAN,NAN,NAN,NAN,NAN
2017,9,2,12,0,NAN,NAN,NAN,NAN,NAN
2017,9,2,12,30,NAN,NAN,NAN,NAN,NAN
2017,9,2,13,0,NAN,NAN,NAN,NAN,NAN
2017,9,2,13,30,NAN,NAN,NAN,NAN,NAN
2017,9,2,14,0,NAN,NAN,NAN,NAN,NAN
2017,9,2,14,30,NAN,NAN,NAN,NAN,NAN
2017,9,2,15,0,NAN,NAN,NAN,NAN,NAN
2017,9,2,15,30,NAN,NAN,NAN,NAN,NAN
2017,9,2,16,0,NAN,NAN,NAN,NAN,NAN
2017,9,2,16,30,NAN,NAN,NAN,NAN,NAN
2017,9,2,17,0,NAN,NAN,NAN,NAN,NAN
2017,9,2,17,30,NAN,NAN,NAN,NAN,NAN
2017,9,2,18,0,NAN,NAN,NAN,NAN,NAN
2017,9,2,18,30,NAN,NAN,NAN,NAN,NAN
2017,9,2,19,0,NAN,NAN,NAN,NAN,NAN
2017,9,2,19,30,NAN,NAN,NAN,NAN,NAN
2017,9,2,20,0,NAN,NAN,NAN,NAN,NAN
2017,9,2,20,30,NAN,NAN,NAN,NAN,NAN
2017,9,2,21,0,NAN,NAN,NAN,NAN,NAN
2017,9,2,21,30,NAN,NAN,NAN,NAN,NAN
2017,9,2,22,0,NAN,NAN,NAN,NAN,NAN
2017,9,2,22,30,NAN,NAN,NAN,NAN,NAN
2017,9,2,23,0,NAN,NAN,NAN,NAN,NAN
2017,9,2,23,30,NAN,NAN,NAN,NAN,NAN
2017,9,2,24,0,NAN,NAN,NAN,NAN,NAN
2017,9,3,0,30,NAN,NAN,NAN,NAN,NAN
2017,9,3,1,0,NAN,NAN,NAN,NAN,NAN
2017,9,3,1,30,NAN,NAN,NAN,NAN,NAN
2017,9,3,2,0,NAN,NAN,NAN,NAN,NAN
2017,9,3,2,30,NAN,NAN,NAN,NAN,NAN
2017,9,3,3,0,NAN,NAN,NAN,NAN,NAN
2017,9,3,3,30,NAN,NAN,NAN,NAN,NAN
2017,9,3,4,0,NAN,NAN,NAN,NAN,NAN
2017,9,3,4,30,NAN,NAN,NAN,NAN,NAN
2017,9,3,5,0,NAN,NAN,NAN,NAN,NAN
2017,9,3,5,30,NAN,NAN,NAN,NAN,NAN
2017,9,3,6,0,NAN,NAN,NAN,NAN,NAN
2017,9,3,6,30,NAN,NAN,NAN,NAN,NAN
2017,9,3,7,0,NAN,NAN,NAN,NAN,NAN
2017,9,3,7,30,NAN,NAN,NAN,NAN,NAN
2017,9,3,8,0,NAN,NAN,NAN,NAN,NAN
2017,9,3,8,30,NAN,NAN,NAN,NAN,NAN
2017,9,3,9,0,NAN,NAN,NAN,NAN,NAN
2017,9,3,9,30,NAN,NAN,NAN,NAN,NAN
2017,9,3,10,0,NAN,NAN,NAN,NAN,NAN
2017,9,3,10,30,NAN,NAN,NAN,NAN,NAN
2017,9,3,11,0,NAN,NAN,NAN,NAN,NAN
2017,9,3,11,30,NAN,NAN,NAN,NAN,NAN
2017,9,3,12,0,NAN,NAN,NAN,NAN,NAN
2017,9,3,12,30,NAN,NAN,NAN,NAN,NAN
2017,9,3,13,0,NAN,NAN,NAN,NAN,NAN
2017,9,3,13,30,NAN,NAN,NAN,NAN,NAN
2017,9,3,14,0,NAN,NAN,NAN,NAN,NAN
2017,9,3,14,30,NAN,NAN,NAN,NAN,NAN
2017,9,3,15,0,NAN,NAN,NAN,NAN,NAN
2017,9,3,15,30,NAN,NAN,NAN,NAN,NAN
2017,9,3,16,0,NAN,NAN,NAN,NAN,NAN
2017,9,3,16,30,NAN,NAN,NAN,NAN,NAN
2017,9,3,17,0,NAN,NAN,NAN,NAN,NAN
2017,9,3,17,30,NAN,NAN,NAN,NAN,NAN
2017,9,3,18,0,NAN,NAN,NAN,NAN,NAN
2017,9,3,18,30,NAN,NAN,NAN,NAN,NAN
2017,9,3,19,0,NAN,NAN,NAN,NAN,NAN
2017,9,3,19,30,NAN,NAN,NAN,NAN,NAN
2017,9,3,20,0,NAN,NAN,NAN,NAN,NAN
2017,9,3,20,30,NAN,NAN,NAN,NAN,NAN
2017,9,3,21,0,NAN,NAN,NAN,NAN,NAN
2017,9,3,21,30,NAN,NAN,NAN,NAN,NAN
2017,9,3,22,0,NAN,NAN,NAN,NAN,NAN
2017,9,3,22,30,NAN,NAN,NAN,NAN,NAN
2017,9,3,23,0,NAN,NAN,NAN,NAN,NAN
2017,9,3,23,30,NAN,NAN,NAN,NAN,NAN
2017,9,3,24,0,NAN,NAN,NAN,NAN,NAN
2017,9,4,0,30,NAN,NAN,NAN,NAN,NAN
2017,9,4,1,0,NAN,NAN,NAN,NAN,NAN
2017,9,4,1,30,NAN,NAN,NAN,NAN,NAN
2017,9,4,2,0,NAN,NAN,NAN,NAN,NAN
2017,9,4,2,30,NAN,NAN,NAN,NAN,NAN
2017,9,4,3,0,NAN,NAN,NAN,NAN,NAN
2017,9,4,3,30,NAN,NAN,NAN,NAN,NAN
2017,9,4,4,0,NAN,NAN,NAN,NAN,NAN
2017,9,4,4,30,NAN,NAN,NAN,NAN,NAN
2017,9,4,5,0,NAN,NAN,NAN,NAN,NAN
2017,9,4,5,30,NAN,NAN,NAN,NAN,NAN
2017,9,4,6,0,NAN,NAN,NAN,NAN,NAN
2017,9,4,6,30,NAN,NAN,NAN,NAN,NAN
2017,9,4,7,0,NAN,NAN,NAN,NAN,NAN
2017,9,4,7,30,NAN,NAN,NAN,NAN,NAN
2017,9,4,8,0,NAN,NAN,NAN,NAN,NAN
2017,9,4,8,30,NAN,NAN,NAN,NAN,NAN
2017,9,4,9,0,NAN,NAN,NAN,NAN,NAN
2017,9,4,9,30,NAN,NAN,NAN,NAN,NAN
2017,9,4,10,0,NAN,NAN,NAN,NAN,NAN
2017,9,4,10,30,NAN,NAN,NAN,NAN,NAN
2017,9,4,11,0,NAN,NAN,NAN,NAN,NAN
2017,9,4,11,30,NAN,NAN,NAN,NAN,NAN
2017,9,4,12,0,NAN,NAN,NAN,NAN,NAN
2017,9,4,12,30,NAN,NAN,NAN,NAN,NAN
2017,9,4,13,0,NAN,NAN,NAN,NAN,NAN
2017,9,4,13,30,NAN,NAN,NAN,NAN,NAN
2017,9,4,14,0,NAN,NAN,NAN,NAN,NAN
2017,9,4,14,30,NAN,NAN,NAN,NAN,NAN
2017,9,4,15,0,NAN,NAN,NAN,NAN,NAN
2017,9,4,15,30,NAN,NAN,NAN,NAN,NAN
2017,9,4,16,0,NAN,NAN,NAN,NAN,NAN
2017,9,4,16,30,NAN,NAN,NAN,NAN,NAN
2017,9,4,17,0,NAN,NAN,NAN,NAN,NAN
2017,9,4,17,30,NAN,NAN,NAN,NAN,NAN
2017,9,4,18,0,NAN,NAN,NAN,NAN,NAN
2017,9,4,18,30,NAN,NAN,NAN,NAN,NAN
2017,9,4,19,0,NAN,NAN,NAN,NAN,NAN
2017,9,4,19,30,NAN,NAN,NAN,NAN,NAN
2017,9,4,20,0,NAN,NAN,NAN,NAN,NAN
2017,9,4,20,30,NAN,NAN,NAN,NAN,NAN
2017,9,4,21,0,NAN,NAN,NAN,NAN,NAN
2017,9,4,21,30,NAN,NAN,NAN,NAN,NAN
2017,9,4,22,0,NAN,NAN,NAN,NAN,NAN
2017,9,4,22,30,NAN,NAN,NAN,NAN,NAN
2017,9,4,23,0,NAN,NAN,NAN,NAN,NAN
2017,9,4,23,30,NAN,NAN,NAN,NAN,NAN
2017,9,4,24,0,NAN,NAN,NAN,NAN,NAN
2017,9,5,0,30,NAN,NAN,NAN,NAN,NAN
2017,9,5,1,0,NAN,NAN,NAN,NAN,NAN
2017,9,5,1,30,NAN,NAN,NAN,NAN,NAN
2017,9,5,2,0,NAN,NAN,NAN,NAN,NAN
2017,9,5,2,30,NAN,NAN,NAN,NAN,NAN
2017,9,5,3,0,NAN,NAN,NAN,NAN,NAN
2017,9,5,3,30,NAN,NAN,NAN,NAN,NAN
2017,9,5,4,0,NAN,NAN,NAN,NAN,NAN
2017,9,5,4,30,NAN,NAN,NAN,NAN,NAN
2017,9,5,5,0,NAN,NAN,NAN,NAN,NAN
2017,9,5,5,30,NAN,NAN,NAN,NAN,NAN
2017,9,5,6,0,NAN,NAN,NAN,NAN,NAN
2017,9,5,6,30,NAN,NAN,NAN,NAN,NAN
2017,9,5,7,0,NAN,NAN,NAN,NAN,NAN
2017,9,5,7,30,NAN,NAN,NAN,NAN,NAN
2017,9,5,8,0,NAN,NAN,NAN,NAN,NAN
2017,9,5,8,30,NAN,NAN,NAN,NAN,NAN
2017,9,5,9,0,NAN,NAN,NAN,NAN,NAN
2017,9,5,9,30,NAN,NAN,NAN,NAN,NAN
2017,9,5,10,0,NAN,NAN,NAN,NAN,NAN
2017,9,5,10,30,NAN,NAN,NAN,NAN,NAN
2017,9,5,11,0,NAN,NAN,NAN,NAN,NAN
2017,9,5,11,30,NAN,NAN,NAN,NAN,NAN
2017,9,5,12,0,NAN,NAN,NAN,NAN,NAN
2017,9,5,12,30,NAN,NAN,NAN,NAN,NAN
2017,9,5,13,0,NAN,NAN,NAN,NAN,NAN
2017,9,5,13,30,NAN,NAN,NAN,NAN,NAN
2017,9,5,14,0,NAN,NAN,NAN,NAN,NAN
2017,9,5,14,30,NAN,NAN,NAN,NAN,NAN
2017,9,5,15,0,NAN,NAN,NAN,NAN,NAN
2017,9,5,15,30,NAN,NAN,NAN,NAN,NAN
2017,9,5,16,0,NAN,NAN,NAN,NAN,NAN
2017,9,5,16,30,NAN,NAN,NAN,NAN,NAN
2017,9,5,17,0,NAN,NAN,NAN,NAN,NAN
2017,9,5,17,30,NAN,NAN,NAN,NAN,NAN
2017,9,5,18,0,NAN,NAN,NAN,NAN,NAN
2017,9,5,18,30,NAN,NAN,NAN,NAN,NAN
2017,9,5,19,0,NAN,NAN,NAN,NAN,NAN
2017,9,5,19,30,NAN,NAN,NAN,NAN,NAN
2017,9,5,20,0,NAN,NAN,NAN,NAN,NAN
2017,9,5,20,30,NAN,NAN,NAN,NAN,NAN
2017,9,5,21,0,NAN,NAN,NAN,NAN,NAN
2017,9,5,21,30,NAN,NAN,NAN,NAN,NAN
2017,9,5,22,0,NAN,NAN,NAN,NAN,NAN
2017,9,5,22,30,NAN,NAN,NAN,NAN,NAN
2017,9,5,23,0,NAN,NAN,NAN,NAN,NAN
2017,9,5,23,30,NAN,NAN,NAN,NAN,NAN
2017,9,5,24,0,NAN,NAN,NAN,NAN,NAN
2017,9,6,0,30,NAN,NAN,NAN,NAN,NAN
2017,9,6,1,0,NAN,NAN,NAN,NAN,NAN
2017,9,6,1,30,NAN,NAN,NAN,NAN,NAN
2017,9,6,2,0,NAN,NAN,NAN,NAN,NAN
2017,9,6,2,30,NAN,NAN,NAN,NAN,NAN
2017,9,6,3,0,NAN,NAN,NAN,NAN,NAN
2017,9,6,3,30,NAN,NAN,NAN,NAN,NAN
2017,9,6,4,0,NAN,NAN,NAN,NAN,NAN
2017,9,6,4,30,NAN,NAN,NAN,NAN,NAN
2017,9,6,5,0,NAN,NAN,NAN,NAN,NAN
2017,9,6,5,30,NAN,NAN,NAN,NAN,NAN
2017,9,6,6,0,NAN,NAN,NAN,NAN,NAN
2017,9,6,6,30,NAN,NAN,NAN,NAN,NAN
2017,9,6,7,0,NAN,NAN,NAN,NAN,NAN
2017,9,6,7,30,NAN,NAN,NAN,NAN,NAN
2017,9,6,8,0,NAN,NAN,NAN,NAN,NAN
2017,9,6,8,30,NAN,NAN,NAN,NAN,NAN
2017,9,6,9,0,NAN,NAN,NAN,NAN,NAN
2017,9,6,9,30,NAN,NAN,NAN,NAN,NAN
2017,9,6,10,0,NAN,NAN,NAN,NAN,NAN
2017,9,6,10,30,NAN,NAN,NAN,NAN,NAN
2017,9,6,11,0,NAN,NAN,NAN,NAN,NAN
2017,9,6,11,30,NAN,NAN,NAN,NAN,NAN
2017,9,6,12,0,NAN,NAN,NAN,NAN,NAN
2017,9,6,12,30,NAN,NAN,NAN,NAN,NAN
2017,9,6,13,0,NAN,NAN,NAN,NAN,NAN
2017,9,6,13,30,NAN,NAN,NAN,NAN,NAN
2017,9,6,14,0,NAN,NAN,NAN,NAN,NAN
2017,9,6,14,30,NAN,NAN,NAN,NAN,NAN
2017,9,6,15,0,NAN,NAN,NAN,NAN,NAN
2017,9,6,15,30,NAN,NAN,NAN,NAN,NAN
2017,9,6,16,0,NAN,NAN,NAN,NAN,NAN
2017,9,6,16,30,NAN,NAN,NAN,NAN,NAN
2017,9,6,17,0,NAN,NAN,NAN,NAN,NAN
2017,9,6,17,30,NAN,NAN,NAN,NAN,NAN
2017,9,6,18,0,NAN,NAN,NAN,NAN,NAN
2017,9,6,18,30,NAN,NAN,NAN,NAN,NAN
2017,9,6,19,0,NAN,NAN,NAN,NAN,NAN
2017,9,6,19,30,NAN,NAN,NAN,NAN,NAN
2017,9,6,20,0,NAN,NAN,NAN,NAN,NAN
2017,9,6,20,30,NAN,NAN,NAN,NAN,NAN
2017,9,6,21,0,NAN,NAN,NAN,NAN,NAN
2017,9,6,21,30,NAN,NAN,NAN,NAN,NAN
2017,9,6,22,0,NAN,NAN,NAN,NAN,NAN
2017,9,6,22,30,NAN,NAN,NAN,NAN,NAN
2017,9,6,23,0,NAN,NAN,NAN,NAN,NAN
2017,9,6,23,30,NAN,NAN,NAN,NAN,NAN
2017,9,6,24,0,NAN,NAN,NAN,NAN,NAN
2017,9,7,0,30,NAN,NAN,NAN,NAN,NAN
2017,9,7,1,0,NAN,NAN,NAN,NAN,NAN
2017,9,7,1,30,NAN,NAN,NAN,NAN,NAN
2017,9,7,2,0,NAN,NAN,NAN,NAN,NAN
2017,9,7,2,30,NAN,NAN,NAN,NAN,NAN
2017,9,7,3,0,NAN,NAN,NAN,NAN,NAN
2017,9,7,3,30,NAN,NAN,NAN,NAN,NAN
2017,9,7,4,0,NAN,NAN,NAN,NAN,NAN
2017,9,7,4,30,NAN,NAN,NAN,NAN,NAN
2017,9,7,5,0,NAN,NAN,NAN,NAN,NAN
2017,9,7,5,30,NAN,NAN,NAN,NAN,NAN
2017,9,7,6,0,NAN,NAN,NAN,NAN,NAN
2017,9,7,6,30,NAN,NAN,NAN,NAN,NAN
2017,9,7,7,0,NAN,NAN,NAN,NAN,NAN
2017,9,7,7,30,NAN,NAN,NAN,NAN,NAN
2017,9,7,8,0,NAN,NAN,NAN,NAN,NAN
2017,9,7,8,30,NAN,NAN,NAN,NAN,NAN
2017,9,7,9,0,NAN,NAN,NAN,NAN,NAN
2017,9,7,9,30,NAN,NAN,NAN,NAN,NAN
2017,9,7,10,0,NAN,NAN,NAN,NAN,NAN
2017,9,7,10,30,NAN,NAN,NAN,NAN,NAN
2017,9,7,11,0,NAN,NAN,NAN,NAN,NAN
2017,9,7,11,30,NAN,NAN,NAN,NAN,NAN
2017,9,7,12,0,NAN,NAN,NAN,NAN,NAN
2017,9,7,12,30,NAN,NAN,NAN,NAN,NAN
2017,9,7,13,0,NAN,NAN,NAN,NAN,NAN
2017,9,7,13,30,NAN,NAN,NAN,NAN,NAN
2017,9,7,14,0,NAN,NAN,NAN,NAN,NAN
2017,9,7,14,30,NAN,NAN,NAN,NAN,NAN
2017,9,7,15,0,NAN,NAN,NAN,NAN,NAN
2017,9,7,15,30,NAN,NAN,NAN,NAN,NAN
2017,9,7,16,0,NAN,NAN,NAN,NAN,NAN
2017,9,7,16,30,NAN,NAN,NAN,NAN,NAN
2017,9,7,17,0,NAN,NAN,NAN,NAN,NAN
2017,9,7,17,30,NAN,NAN,NAN,NAN,NAN
2017,9,7,18,0,NAN,NAN,NAN,NAN,NAN
2017,9,7,18,30,NAN,NAN,NAN,NAN,NAN
2017,9,7,19,0,NAN,NAN,NAN,NAN,NAN
2017,9,7,19,30,NAN,NAN,NAN,NAN,NAN
2017,9,7,20,0,NAN,NAN,NAN,NAN,NAN
2017,9,7,20,30,NAN,NAN,NAN,NAN,NAN
2017,9,7,21,0,NAN,NAN,NAN,NAN,NAN
2017,9,7,21,30,NAN,NAN,NAN,NAN,NAN
2017,9,7,22,0,NAN,NAN,NAN,NAN,NAN
2017,9,7,22,30,NAN,NAN,NAN,NAN,NAN
2017,9,7,23,0,NAN,NAN,NAN,NAN,NAN
2017,9,7,23,30,NAN,NAN,NAN,NAN,NAN
2017,9,7,24,0,NAN,NAN,NAN,NAN,NAN
2017,9,8,0,30,NAN,NAN,NAN,NAN,NAN
2017,9,8,1,0,NAN,NAN,NAN,NAN,NAN
2017,9,8,1,30,NAN,NAN,NAN,NAN,NAN
2017,9,8,2,0,NAN,NAN,NAN,NAN,NAN
2017,9,8,2,30,NAN,NAN,NAN,NAN,NAN
2017,9,8,3,0,NAN,NAN,NAN,NAN,NAN
2017,9,8,3,30,NAN,NAN,NAN,NAN,NAN
2017,9,8,4,0,NAN,NAN,NAN,NAN,NAN
2017,9,8,4,30,NAN,NAN,NAN,NAN,NAN
2017,9,8,5,0,NAN,NAN,NAN,NAN,NAN
2017,9,8,5,30,NAN,NAN,NAN,NAN,NAN
2017,9,8,6,0,NAN,NAN,NAN,NAN,NAN
2017,9,8,6,30,NAN,NAN,NAN,NAN,NAN
2017,9,8,7,0,NAN,NAN,NAN,NAN,NAN
2017,9,8,7,30,NAN,NAN,NAN,NAN,NAN
2017,9,8,8,0,NAN,NAN,NAN,NAN,NAN
2017,9,8,8,30,NAN,NAN,NAN,NAN,NAN
2017,9,8,9,0,NAN,NAN,NAN,NAN,NAN
2017,9,8,9,30,NAN,NAN,NAN,NAN,NAN
2017,9,8,10,0,NAN,NAN,NAN,NAN,NAN
2017,9,8,10,30,NAN,NAN,NAN,NAN,NAN
2017,9,8,11,0,NAN,NAN,NAN,NAN,NAN
2017,9,8,11,30,NAN,NAN,NAN,NAN,NAN
2017,9,8,12,0,NAN,NAN,NAN,NAN,NAN
2017,9,8,12,30,NAN,NAN,NAN,NAN,NAN
2017,9,8,13,0,NAN,NAN,NAN,NAN,NAN
2017,9,8,13,30,NAN,NAN,NAN,NAN,NAN
2017,9,8,14,0,NAN,NAN,NAN,NAN,NAN
2017,9,8,14,30,NAN,NAN,NAN,NAN,NAN
2017,9,8,15,0,NAN,NAN,NAN,NAN,NAN
2017,9,8,15,30,NAN,NAN,NAN,NAN,NAN
2017,9,8,16,0,NAN,NAN,NAN,NAN,NAN
2017,9,8,16,30,NAN,NAN,NAN,NAN,NAN
2017,9,8,17,0,NAN,NAN,NAN,NAN,NAN
2017,9,8,17,30,NAN,NAN,NAN,NAN,NAN
2017,9,8,18,0,NAN,NAN,NAN,NAN,NAN
2017,9,8,18,30,NAN,NAN,NAN,NAN,NAN
2017,9,8,19,0,NAN,NAN,NAN,NAN,NAN
2017,9,8,19,30,NAN,NAN,NAN,NAN,NAN
2017,9,8,20,0,NAN,NAN,NAN,NAN,NAN
2017,9,8,20,30,NAN,NAN,NAN,NAN,NAN
2017,9,8,21,0,NAN,NAN,NAN,NAN,NAN
2017,9,8,21,30,NAN,NAN,NAN,NAN,NAN
2017,9,8,22,0,NAN,NAN,NAN,NAN,NAN
2017,9,8,22,30,NAN,NAN,NAN,NAN,NAN
2017,9,8,23,0,NAN,NAN,NAN,NAN,NAN
2017,9,8,23,30,NAN,NAN,NAN,NAN,NAN
2017,9,8,24,0,NAN,NAN,NAN,NAN,NAN
2017,9,9,0,30,NAN,NAN,NAN,NAN,NAN
2017,9,9,1,0,NAN,NAN,NAN,NAN,NAN
2017,9,9,1,30,NAN,NAN,NAN,NAN,NAN
2017,9,9,2,0,NAN,NAN,NAN,NAN,NAN
2017,9,9,2,30,NAN,NAN,NAN,NAN,NAN
2017,9,9,3,0,NAN,NAN,NAN,NAN,NAN
2017,9,9,3,30,NAN,NAN,NAN,NAN,NAN
2017,9,9,4,0,NAN,NAN,NAN,NAN,NAN
2017,9,9,4,30,NAN,NAN,NAN,NAN,NAN
2017,9,9,5,0,NAN,NAN,NAN,NAN,NAN
2017,9,9,5,30,NAN,NAN,NAN,NAN,NAN
2017,9,9,6,0,NAN,NAN,NAN,NAN,NAN
2017,9,9,6,30,NAN,NAN,NAN,NAN,NAN
2017,9,9,7,0,NAN,NAN,NAN,NAN,NAN
2017,9,9,7,30,NAN,NAN,NAN,NAN,NAN
2017,9,9,8,0,NAN,NAN,NAN,NAN,NAN
2017,9,9,8,30,NAN,NAN,NAN,NAN,NAN
2017,9,9,9,0,NAN,NAN,NAN,NAN,NAN
2017,9,9,9,30,NAN,NAN,NAN,NAN,NAN
2017,9,9,10,0,NAN,NAN,NAN,NAN,NAN
2017,9,9,10,30,NAN,NAN,NAN,NAN,NAN
2017,9,9,11,0,NAN,NAN,NAN,NAN,NAN
2017,9,9,11,30,NAN,NAN,NAN,NAN,NAN
2017,9,9,12,0,NAN,NAN,NAN,NAN,NAN
2017,9,9,12,30,NAN,NAN,NAN,NAN,NAN
2017,9,9,13,0,NAN,NAN,NAN,NAN,NAN
2017,9,9,13,30,NAN,NAN,NAN,NAN,NAN
2017,9,9,14,0,NAN,NAN,NAN,NAN,NAN
2017,9,9,14,30,NAN,NAN,NAN,NAN,NAN
2017,9,9,15,0,NAN,NAN,NAN,NAN,NAN
2017,9,9,15,30,NAN,NAN,NAN,NAN,NAN
2017,9,9,16,0,NAN,NAN,NAN,NAN,NAN
2017,9,9,16,30,NAN,NAN,NAN,NAN,NAN
2017,9,9,17,0,NAN,NAN,NAN,NAN,NAN
2017,9,9,17,30,NAN,NAN,NAN,NAN,NAN
2017,9,9,18,0,NAN,NAN,NAN,NAN,NAN
2017,9,9,18,30,NAN,NAN,NAN,NAN,NAN
2017,9,9,19,0,NAN,NAN,NAN,NAN,NAN
2017,9,9,19,30,NAN,NAN,NAN,NAN,NAN
2017,9,9,20,0,NAN,NAN,NAN,NAN,NAN
2017,9,9,20,30,NAN,NAN,NAN,NAN,NAN
2017,9,9,21,0,NAN,NAN,NAN,NAN,NAN
2017,9,9,21,30,NAN,NAN,NAN,NAN,NAN
2017,9,9,22,0,NAN,NAN,NAN,NAN,NAN
2017,9,9,22,30,NAN,NAN,NAN,NAN,NAN
2017,9,9,23,0,NAN,NAN,NAN,NAN,NAN
2017,9,9,23,30,NAN,NAN,NAN,NAN,NAN
2017,9,9,24,0,NAN,NAN,NAN,NAN,NAN
2017,9,10,0,30,NAN,NAN,NAN,NAN,NAN
2017,9,10,1,0,NAN,NAN,NAN,NAN,NAN
2017,9,10,1,30,NAN,NAN,NAN,NAN,NAN
2017,9,10,2,0,NAN,NAN,NAN,NAN,NAN
2017,9,10,2,30,NAN,NAN,NAN,NAN,NAN
2017,9,10,3,0,NAN,NAN,NAN,NAN,NAN
2017,9,10,3,30,NAN,NAN,NAN,NAN,NAN
2017,9,10,4,0,NAN,NAN,NAN,NAN,NAN
2017,9,10,4,30,NAN,NAN,NAN,NAN,NAN
2017,9,10,5,0,NAN,NAN,NAN,NAN,NAN
2017,9,10,5,30,NAN,NAN,NAN,NAN,NAN
2017,9,10,6,0,NAN,NAN,NAN,NAN,NAN
2017,9,10,6,30,NAN,NAN,NAN,NAN,NAN
2017,9,10,7,0,NAN,NAN,NAN,NAN,NAN
2017,9,10,7,30,NAN,NAN,NAN,NAN,NAN
2017,9,10,8,0,NAN,NAN,NAN,NAN,NAN
2017,9,10,8,30,NAN,NAN,NAN,NAN,NAN
2017,9,10,9,0,NAN,NAN,NAN,NAN,NAN
2017,9,10,9,30,NAN,NAN,NAN,NAN,NAN
2017,9,10,10,0,NAN,NAN,NAN,NAN,NAN
2017,9,10,10,30,NAN,NAN,NAN,NAN,NAN
2017,9,10,11,0,NAN,NAN,NAN,NAN,NAN
2017,9,10,11,30,NAN,NAN,NAN,NAN,NAN
2017,9,10,12,0,NAN,NAN,NAN,NAN,NAN
2017,9,10,12,30,NAN,NAN,NAN,NAN,NAN
2017,9,10,13,0,NAN,NAN,NAN,NAN,NAN
2017,9,10,13,30,NAN,NAN,NAN,NAN,NAN
2017,9,10,14,0,NAN,NAN,NAN,NAN,NAN
2017,9,10,14,30,NAN,NAN,NAN,NAN,NAN
2017,9,10,15,0,NAN,NAN,NAN,NAN,NAN
2017,9,10,15,30,NAN,NAN,NAN,NAN,NAN
2017,9,10,16,0,NAN,NAN,NAN,NAN,NAN
2017,9,10,16,30,NAN,NAN,NAN,NAN,NAN
2017,9,10,17,0,NAN,NAN,NAN,NAN,NAN
2017,9,10,17,30,NAN,NAN,NAN,NAN,NAN
2017,9,10,18,0,NAN,NAN,NAN,NAN,NAN
2017,9,10,18,30,NAN,NAN,NAN,NAN,NAN
2017,9,10,19,0,NAN,NAN,NAN,NAN,NAN
2017,9,10,19,30,NAN,NAN,NAN,NAN,NAN
2017,9,10,20,0,NAN,NAN,NAN,NAN,NAN
2017,9,10,20,30,NAN,NAN,NAN,NAN,NAN
2017,9,10,21,0,NAN,NAN,NAN,NAN,NAN
2017,9,10,21,30,NAN,NAN,NAN,NAN,NAN
2017,9,10,22,0,NAN,NAN,NAN,NAN,NAN
2017,9,10,22,30,NAN,NAN,NAN,NAN,NAN
2017,9,10,23,0,NAN,NAN,NAN,NAN,NAN
2017,9,10,23,30,NAN,NAN,NAN,NAN,NAN
2017,9,10,24,0,NAN,NAN,NAN,NAN,NAN
2017,9,11,0,30,NAN,NAN,NAN,NAN,NAN
2017,9,11,1,0,NAN,NAN,NAN,NAN,NAN
2017,9,11,1,30,NAN,NAN,NAN,NAN,NAN
2017,9,11,2,0,NAN,NAN,NAN,NAN,NAN
2017,9,11,2,30,NAN,NAN,NAN,NAN,NAN
2017,9,11,3,0,NAN,NAN,NAN,NAN,NAN
2017,9,11,3,30,NAN,NAN,NAN,NAN,NAN
2017,9,11,4,0,NAN,NAN,NAN,NAN,NAN
2017,9,11,4,30,NAN,NAN,NAN,NAN,NAN
2017,9,11,5,0,NAN,NAN,NAN,NAN,NAN
2017,9,11,5,30,NAN,NAN,NAN,NAN,NAN
2017,9,11,6,0,NAN,NAN,NAN,NAN,NAN
2017,9,11,6,30,NAN,NAN,NAN,NAN,NAN
2017,9,11,7,0,NAN,NAN,NAN,NAN,NAN
2017,9,11,7,30,NAN,NAN,NAN,NAN,NAN
2017,9,11,8,0,NAN,NAN,NAN,NAN,NAN
2017,9,11,8,30,NAN,NAN,NAN,NAN,NAN
2017,9,11,9,0,NAN,NAN,NAN,NAN,NAN
2017,9,11,9,30,NAN,NAN,NAN,NAN,NAN
2017,9,11,10,0,NAN,NAN,NAN,NAN,NAN
2017,9,11,10,30,NAN,NAN,NAN,NAN,NAN
2017,9,11,11,0,NAN,NAN,NAN,NAN,NAN
2017,9,11,11,30,NAN,NAN,NAN,NAN,NAN
2017,9,11,12,0,NAN,NAN,NAN,NAN,NAN
2017,9,11,12,30,NAN,NAN,NAN,NAN,NAN
2017,9,11,13,0,NAN,NAN,NAN,NAN,NAN
2017,9,11,13,30,NAN,NAN,NAN,NAN,NAN
2017,9,11,14,0,NAN,NAN,NAN,NAN,NAN
2017,9,11,14,30,NAN,NAN,NAN,NAN,NAN
2017,9,11,15,0,NAN,NAN,NAN,NAN,NAN
2017,9,11,15,30,NAN,NAN,NAN,NAN,NAN
2017,9,11,16,0,NAN,NAN,NAN,NAN,NAN
2017,9,11,16,30,NAN,NAN,NAN,NAN,NAN
2017,9,11,17,0,NAN,NAN,NAN,NAN,NAN
2017,9,11,17,30,NAN,NAN,NAN,NAN,NAN
2017,9,11,18,0,NAN,NAN,NAN,NAN,NAN
2017,9,11,18,30,NAN,NAN,NAN,NAN,NAN
2017,9,11,19,0,NAN,NAN,NAN,NAN,NAN
2017,9,11,19,30,NAN,NAN,NAN,NAN,NAN
2017,9,11,20,0,NAN,NAN,NAN,NAN,NAN
2017,9,11,20,30,NAN,NAN,NAN,NAN,NAN
2017,9,11,21,0,NAN,NAN,NAN,NAN,NAN
2017,9,11,21,30,NAN,NAN,NAN,NAN,NAN
2017,9,11,22,0,NAN,NAN,NAN,NAN,NAN
2017,9,11,22,30,NAN,NAN,NAN,NAN,NAN
2017,9,11,23,0,NAN,NAN,NAN,NAN,NAN
2017,9,11,23,30,NAN,NAN,NAN,NAN,NAN
2017,9,11,24,0,NAN,NAN,NAN,NAN,NAN
2017,9,12,0,30,NAN,NAN,NAN,NAN,NAN
2017,9,12,1,0,NAN,NAN,NAN,NAN,NAN
2017,9,12,1,30,NAN,NAN,NAN,NAN,NAN
2017,9,12,2,0,NAN,NAN,NAN,NAN,NAN
2017,9,12,2,30,NAN,NAN,NAN,NAN,NAN
2017,9,12,3,0,NAN,NAN,NAN,NAN,NAN
2017,9,12,3,30,NAN,NAN,NAN,NAN,NAN
2017,9,12,4,0,NAN,NAN,NAN,NAN,NAN
2017,9,12,4,30,NAN,NAN,NAN,NAN,NAN
2017,9,12,5,0,NAN,NAN,NAN,NAN,NAN
2017,9,12,5,30,NAN,NAN,NAN,NAN,NAN
2017,9,12,6,0,NAN,NAN,NAN,NAN,NAN
2017,9,12,6,30,NAN,NAN,NAN,NAN,NAN
2017,9,12,7,0,NAN,NAN,NAN,NAN,NAN
2017,9,12,7,30,NAN,NAN,NAN,NAN,NAN
2017,9,12,8,0,NAN,NAN,NAN,NAN,NAN
2017,9,12,8,30,NAN,NAN,NAN,NAN,NAN
2017,9,12,9,0,NAN,NAN,NAN,NAN,NAN
2017,9,12,9,30,NAN,NAN,NAN,NAN,NAN
2017,9,12,10,0,NAN,NAN,NAN,NAN,NAN
2017,9,12,10,30,NAN,NAN,NAN,NAN,NAN
2017,9,12,11,0,NAN,NAN,NAN,NAN,NAN
2017,9,12,11,30,NAN,NAN,NAN,NAN,NAN
2017,9,12,12,0,NAN,NAN,NAN,NAN,NAN
2017,9,12,12,30,NAN,NAN,NAN,NAN,NAN
2017,9,12,13,0,NAN,NAN,NAN,NAN,NAN
2017,9,12,13,30,NAN,NAN,NAN,NAN,NAN
2017,9,12,14,0,NAN,NAN,NAN,NAN,NAN
2017,9,12,14,30,NAN,NAN,NAN,NAN,NAN
2017,9,12,15,0,NAN,NAN,NAN,NAN,NAN
2017,9,12,15,30,NAN,NAN,NAN,NAN,NAN
2017,9,12,16,0,NAN,NAN,NAN,NAN,NAN
2017,9,12,16,30,NAN,NAN,NAN,NAN,NAN
2017,9,12,17,0,NAN,NAN,NAN,NAN,NAN
2017,9,12,17,30,NAN,NAN,NAN,NAN,NAN
2017,9,12,18,0,NAN,NAN,NAN,NAN,NAN
2017,9,12,18,30,NAN,NAN,NAN,NAN,NAN
2017,9,12,19,0,NAN,NAN,NAN,NAN,NAN
2017,9,12,19,30,NAN,NAN,NAN,NAN,NAN
2017,9,12,20,0,NAN,NAN,NAN,NAN,NAN
2017,9,12,20,30,NAN,NAN,NAN,NAN,NAN
2017,9,12,21,0,NAN,NAN,NAN,NAN,NAN
2017,9,12,21,30,NAN,NAN,NAN,NAN,NAN
2017,9,12,22,0,NAN,NAN,NAN,NAN,NAN
2017,9,12,22,30,NAN,NAN,NAN,NAN,NAN
2017,9,12,23,0,NAN,NAN,NAN,NAN,NAN
2017,9,12,23,30,NAN,NAN,NAN,NAN,NAN
2017,9,12,24,0,NAN,NAN,NAN,NAN,NAN
2017,9,13,0,30,NAN,NAN,NAN,NAN,NAN
2017,9,13,1,0,NAN,NAN,NAN,NAN,NAN
2017,9,13,1,30,NAN,NAN,NAN,NAN,NAN
2017,9,13,2,0,NAN,NAN,NAN,NAN,NAN
2017,9,13,2,30,NAN,NAN,NAN,NAN,NAN
2017,9,13,3,0,NAN,NAN,NAN,NAN,NAN
2017,9,13,3,30,NAN,NAN,NAN,NAN,NAN
2017,9,13,4,0,NAN,NAN,NAN,NAN,NAN
2017,9,13,4,30,NAN,NAN,NAN,NAN,NAN
2017,9,13,5,0,NAN,NAN,NAN,NAN,NAN
2017,9,13,5,30,NAN,NAN,NAN,NAN,NAN
2017,9,13,6,0,NAN,NAN,NAN,NAN,NAN
2017,9,13,6,30,NAN,NAN,NAN,NAN,NAN
2017,9,13,7,0,NAN,NAN,NAN,NAN,NAN
2017,9,13,7,30,NAN,NAN,NAN,NAN,NAN
2017,9,13,8,0,NAN,NAN,NAN,NAN,NAN
2017,9,13,8,30,NAN,NAN,NAN,NAN,NAN
2017,9,13,9,0,NAN,NAN,NAN,NAN,NAN
2017,9,13,9,30,NAN,NAN,NAN,NAN,NAN
2017,9,13,10,0,NAN,NAN,NAN,NAN,NAN
2017,9,13,10,30,NAN,NAN,NAN,NAN,NAN
2017,9,13,11,0,NAN,NAN,NAN,NAN,NAN
2017,9,13,11,30,NAN,NAN,NAN,NAN,NAN
2017,9,13,12,0,NAN,NAN,NAN,NAN,NAN
2017,9,13,12,30,NAN,NAN,NAN,NAN,NAN
2017,9,13,13,0,NAN,NAN,NAN,NAN,NAN
2017,9,13,13,30,NAN,NAN,NAN,NAN,NAN
2017,9,13,14,0,NAN,NAN,NAN,NAN,NAN
2017,9,13,14,30,NAN,NAN,NAN,NAN,NAN
2017,9,13,15,0,NAN,NAN,NAN,NAN,NAN
2017,9,13,15,30,NAN,NAN,NAN,NAN,NAN
2017,9,13,16,0,NAN,NAN,NAN,NAN,NAN
2017,9,13,16,30,NAN,NAN,NAN,NAN,NAN
2017,9,13,17,0,NAN,NAN,NAN,NAN,NAN
2017,9,13,17,30,NAN,NAN,NAN,NAN,NAN
2017,9,13,18,0,NAN,NAN,NAN,NAN,NAN
2017,9,13,18,30,NAN,NAN,NAN,NAN,NAN
2017,9,13,19,0,NAN,NAN,NAN,NAN,NAN
2017,9,13,19,30,NAN,NAN,NAN,NAN,NAN
2017,9,13,20,0,NAN,NAN,NAN,NAN,NAN
2017,9,13,20,30,NAN,NAN,NAN,NAN,NAN
2017,9,13,21,0,NAN,NAN,NAN,NAN,NAN
2017,9,13,21,30,NAN,NAN,NAN,NAN,NAN
2017,9,13,22,0,NAN,NAN,NAN,NAN,NAN
2017,9,13,22,30,NAN,NAN,NAN,NAN,NAN
2017,9,13,23,0,NAN,NAN,NAN,NAN,NAN
2017,9,13,23,30,NAN,NAN,NAN,NAN,NAN
2017,9,13,24,0,NAN,NAN,NAN,NAN,NAN
2017,9,14,0,30,NAN,NAN,NAN,NAN,NAN
2017,9,14,1,0,NAN,NAN,NAN,NAN,NAN
2017,9,14,1,30,NAN,NAN,NAN,NAN,NAN
2017,9,14,2,0,NAN,NAN,NAN,NAN,NAN
2017,9,14,2,30,NAN,NAN,NAN,NAN,NAN
2017,9,14,3,0,NAN,NAN,NAN,NAN,NAN
2017,9,14,3,30,NAN,NAN,NAN,NAN,NAN
2017,9,14,4,0,NAN,NAN,NAN,NAN,NAN
2017,9,14,4,30,NAN,NAN,NAN,NAN,NAN
2017,9,14,5,0,NAN,NAN,NAN,NAN,NAN
2017,9,14,5,30,NAN,NAN,NAN,NAN,NAN
2017,9,14,6,0,NAN,NAN,NAN,NAN,NAN
2017,9,14,6,30,NAN,NAN,NAN,NAN,NAN
2017,9,14,7,0,NAN,NAN,NAN,NAN,NAN
2017,9,14,7,30,NAN,NAN,NAN,NAN,NAN
2017,9,14,8,0,NAN,NAN,NAN,NAN,NAN
2017,9,14,8,30,NAN,NAN,NAN,NAN,NAN
2017,9,14,9,0,NAN,NAN,NAN,NAN,NAN
2017,9,14,9,30,NAN,NAN,NAN,NAN,NAN
2017,9,14,10,0,NAN,NAN,NAN,NAN,NAN
2017,9,14,10,30,NAN,NAN,NAN,NAN,NAN
2017,9,14,11,0,NAN,NAN,NAN,NAN,NAN
2017,9,14,11,30,NAN,NAN,NAN,NAN,NAN
2017,9,14,12,0,NAN,NAN,NAN,NAN,NAN
2017,9,14,12,30,NAN,NAN,NAN,NAN,NAN
2017,9,14,13,0,NAN,NAN,NAN,NAN,NAN
2017,9,14,13,30,NAN,NAN,NAN,NAN,NAN
2017,9,14,14,0,NAN,NAN,NAN,NAN,NAN
2017,9,14,14,30,NAN,NAN,NAN,NAN,NAN
2017,9,14,15,0,NAN,NAN,NAN,NAN,NAN
2017,9,14,15,30,NAN,NAN,NAN,NAN,NAN
2017,9,14,16,0,NAN,NAN,NAN,NAN,NAN
2017,9,14,16,30,NAN,NAN,NAN,NAN,NAN
2017,9,14,17,0,NAN,NAN,NAN,NAN,NAN
2017,9,14,17,30,NAN,NAN,NAN,NAN,NAN
2017,9,14,18,0,NAN,NAN,NAN,NAN,NAN
2017,9,14,18,30,NAN,NAN,NAN,NAN,NAN
2017,9,14,19,0,NAN,NAN,NAN,NAN,NAN
2017,9,14,19,30,NAN,NAN,NAN,NAN,NAN
2017,9,14,20,0,NAN,NAN,NAN,NAN,NAN
2017,9,14,20,30,NAN,NAN,NAN,NAN,NAN
2017,9,14,21,0,NAN,NAN,NAN,NAN,NAN
2017,9,14,21,30,NAN,NAN,NAN,NAN,NAN
2017,9,14,22,0,NAN,NAN,NAN,NAN,NAN
2017,9,14,22,30,NAN,NAN,NAN,NAN,NAN
2017,9,14,23,0,NAN,NAN,NAN,NAN,NAN
2017,9,14,23,30,NAN,NAN,NAN,NAN,NAN
2017,9,14,24,0,NAN,NAN,NAN,NAN,NAN
2017,9,15,0,30,NAN,NAN,NAN,NAN,NAN
2017,9,15,1,0,NAN,NAN,NAN,NAN,NAN
2017,9,15,1,30,NAN,NAN,NAN,NAN,NAN
2017,9,15,2,0,NAN,NAN,NAN,NAN,NAN
2017,9,15,2,30,NAN,NAN,NAN,NAN,NAN
2017,9,15,3,0,NAN,NAN,NAN,NAN,NAN
2017,9,15,3,30,NAN,NAN,NAN,NAN,NAN
2017,9,15,4,0,NAN,NAN,NAN,NAN,NAN
2017,9,15,4,30,NAN,NAN,NAN,NAN,NAN
2017,9,15,5,0,NAN,NAN,NAN,NAN,NAN
2017,9,15,5,30,NAN,NAN,NAN,NAN,NAN
2017,9,15,6,0,NAN,NAN,NAN,NAN,NAN
2017,9,15,6,30,NAN,NAN,NAN,NAN,NAN
2017,9,15,7,0,NAN,NAN,NAN,NAN,NAN
2017,9,15,7,30,NAN,NAN,NAN,NAN,NAN
2017,9,15,8,0,NAN,NAN,NAN,NAN,NAN
2017,9,15,8,30,NAN,NAN,NAN,NAN,NAN
2017,9,15,9,0,NAN,NAN,NAN,NAN,NAN
2017,9,15,9,30,NAN,NAN,NAN,NAN,NAN
2017,9,15,10,0,NAN,NAN,NAN,NAN,NAN
2017,9,15,10,30,NAN,NAN,NAN,NAN,NAN
2017,9,15,11,0,NAN,NAN,NAN,NAN,NAN
2017,9,15,11,30,NAN,NAN,NAN,NAN,NAN
2017,9,15,12,0,NAN,NAN,NAN,NAN,NAN
2017,9,15,12,30,NAN,NAN,NAN,NAN,NAN
2017,9,15,13,0,NAN,NAN,NAN,NAN,NAN
2017,9,15,13,30,NAN,NAN,NAN,NAN,NAN
2017,9,15,14,0,NAN,NAN,NAN,NAN,NAN
2017,9,15,14,30,NAN,NAN,NAN,NAN,NAN
2017,9,15,15,0,NAN,NAN,NAN,NAN,NAN
2017,9,15,15,30,NAN,NAN,NAN,NAN,NAN
2017,9,15,16,0,NAN,NAN,NAN,NAN,NAN
2017,9,15,16,30,NAN,NAN,NAN,NAN,NAN
2017,9,15,17,0,NAN,NAN,NAN,NAN,NAN
2017,9,15,17,30,NAN,NAN,NAN,NAN,NAN
2017,9,15,18,0,NAN,NAN,NAN,NAN,NAN
2017,9,15,18,30,NAN,NAN,NAN,NAN,NAN
2017,9,15,19,0,NAN,NAN,NAN,NAN,NAN
2017,9,15,19,30,NAN,NAN,NAN,NAN,NAN
2017,9,15,20,0,NAN,NAN,NAN,NAN,NAN
2017,9,15,20,30,NAN,NAN,NAN,NAN,NAN
2017,9,15,21,0,NAN,NAN,NAN,NAN,NAN
2017,9,15,21,30,NAN,NAN,NAN,NAN,NAN
2017,9,15,22,0,NAN,NAN,NAN,NAN,NAN
2017,9,15,22,30,NAN,NAN,NAN,NAN,NAN
2017,9,15,23,0,NAN,NAN,NAN,NAN,NAN
2017,9,15,23,30,NAN,NAN,NAN,NAN,NAN
2017,9,15,24,0,NAN,NAN,NAN,NAN,NAN
2017,9,16,0,30,NAN,NAN,NAN,NAN,NAN
2017,9,16,1,0,NAN,NAN,NAN,NAN,NAN
2017,9,16,1,30,NAN,NAN,NAN,NAN,NAN
2017,9,16,2,0,NAN,NAN,NAN,NAN,NAN
2017,9,16,2,30,NAN,NAN,NAN,NAN,NAN
2017,9,16,3,0,NAN,NAN,NAN,NAN,NAN
2017,9,16,3,30,NAN,NAN,NAN,NAN,NAN
2017,9,16,4,0,NAN,NAN,NAN,NAN,NAN
2017,9,16,4,30,NAN,NAN,NAN,NAN,NAN
2017,9,16,5,0,NAN,NAN,NAN,NAN,NAN
2017,9,16,5,30,NAN,NAN,NAN,NAN,NAN
2017,9,16,6,0,NAN,NAN,NAN,NAN,NAN
2017,9,16,6,30,NAN,NAN,NAN,NAN,NAN
2017,9,16,7,0,NAN,NAN,NAN,NAN,NAN
2017,9,16,7,30,NAN,NAN,NAN,NAN,NAN
2017,9,16,8,0,NAN,NAN,NAN,NAN,NAN
2017,9,16,8,30,NAN,NAN,NAN,NAN,NAN
2017,9,16,9,0,NAN,NAN,NAN,NAN,NAN
2017,9,16,9,30,NAN,NAN,NAN,NAN,NAN
2017,9,16,10,0,NAN,NAN,NAN,NAN,NAN
2017,9,16,10,30,NAN,NAN,NAN,NAN,NAN
2017,9,16,11,0,NAN,NAN,NAN,NAN,NAN
2017,9,16,11,30,NAN,NAN,NAN,NAN,NAN
2017,9,16,12,0,NAN,NAN,NAN,NAN,NAN
2017,9,16,12,30,NAN,NAN,NAN,NAN,NAN
2017,9,16,13,0,NAN,NAN,NAN,NAN,NAN
2017,9,16,13,30,NAN,NAN,NAN,NAN,NAN
2017,9,16,14,0,NAN,NAN,NAN,NAN,NAN
2017,9,16,14,30,NAN,NAN,NAN,NAN,NAN
2017,9,16,15,0,NAN,NAN,NAN,NAN,NAN
2017,9,16,15,30,NAN,NAN,NAN,NAN,NAN
2017,9,16,16,0,NAN,NAN,NAN,NAN,NAN
2017,9,16,16,30,NAN,NAN,NAN,NAN,NAN
2017,9,16,17,0,NAN,NAN,NAN,NAN,NAN
2017,9,16,17,30,NAN,NAN,NAN,NAN,NAN
2017,9,16,18,0,NAN,NAN,NAN,NAN,NAN
2017,9,16,18,30,NAN,NAN,NAN,NAN,NAN
2017,9,16,19,0,NAN,NAN,NAN,NAN,NAN
2017,9,16,19,30,NAN,NAN,NAN,NAN,NAN
2017,9,16,20,0,NAN,NAN,NAN,NAN,NAN
2017,9,16,20,30,NAN,NAN,NAN,NAN,NAN
2017,9,16,21,0,NAN,NAN,NAN,NAN,NAN
2017,9,16,21,30,NAN,NAN,NAN,NAN,NAN
2017,9,16,22,0,NAN,NAN,NAN,NAN,NAN
2017,9,16,22,30,NAN,NAN,NAN,NAN,NAN
2017,9,16,23,0,NAN,NAN,NAN,NAN,NAN
2017,9,16,23,30,NAN,NAN,NAN,NAN,NAN
2017,9,16,24,0,NAN,NAN,NAN,NAN,NAN
2017,9,17,0,30,NAN,NAN,NAN,NAN,NAN
2017,9,17,1,0,NAN,NAN,NAN,NAN,NAN
2017,9,17,1,30,NAN,NAN,NAN,NAN,NAN
2017,9,17,2,0,NAN,NAN,NAN,NAN,NAN
2017,9,17,2,30,NAN,NAN,NAN,NAN,NAN
2017,9,17,3,0,NAN,NAN,NAN,NAN,NAN
2017,9,17,3,30,NAN,NAN,NAN,NAN,NAN
2017,9,17,4,0,NAN,NAN,NAN,NAN,NAN
2017,9,17,4,30,NAN,NAN,NAN,NAN,NAN
2017,9,17,5,0,NAN,NAN,NAN,NAN,NAN
2017,9,17,5,30,NAN,NAN,NAN,NAN,NAN
2017,9,17,6,0,NAN,NAN,NAN,NAN,NAN
2017,9,17,6,30,NAN,NAN,NAN,NAN,NAN
2017,9,17,7,0,NAN,NAN,NAN,NAN,NAN
2017,9,17,7,30,NAN,NAN,NAN,NAN,NAN
2017,9,17,8,0,NAN,NAN,NAN,NAN,NAN
2017,9,17,8,30,NAN,NAN,NAN,NAN,NAN
2017,9,17,9,0,NAN,NAN,NAN,NAN,NAN
2017,9,17,9,30,NAN,NAN,NAN,NAN,NAN
2017,9,17,10,0,NAN,NAN,NAN,NAN,NAN
2017,9,17,10,30,NAN,NAN,NAN,NAN,NAN
2017,9,17,11,0,NAN,NAN,NAN,NAN,NAN
2017,9,17,11,30,NAN,NAN,NAN,NAN,NAN
2017,9,17,12,0,NAN,NAN,NAN,NAN,NAN
2017,9,17,12,30,NAN,NAN,NAN,NAN,NAN
2017,9,17,13,0,NAN,NAN,NAN,NAN,NAN
2017,9,17,13,30,NAN,NAN,NAN,NAN,NAN
2017,9,17,14,0,NAN,NAN,NAN,NAN,NAN
2017,9,17,14,30,NAN,NAN,NAN,NAN,NAN
2017,9,17,15,0,NAN,NAN,NAN,NAN,NAN
2017,9,17,15,30,NAN,NAN,NAN,NAN,NAN
2017,9,17,16,0,NAN,NAN,NAN,NAN,NAN
2017,9,17,16,30,NAN,NAN,NAN,NAN,NAN
2017,9,17,17,0,NAN,NAN,NAN,NAN,NAN
2017,9,17,17,30,NAN,NAN,NAN,NAN,NAN
2017,9,17,18,0,NAN,NAN,NAN,NAN,NAN
2017,9,17,18,30,NAN,NAN,NAN,NAN,NAN
2017,9,17,19,0,NAN,NAN,NAN,NAN,NAN
2017,9,17,19,30,NAN,NAN,NAN,NAN,NAN
2017,9,17,20,0,NAN,NAN,NAN,NAN,NAN
2017,9,17,20,30,NAN,NAN,NAN,NAN,NAN
2017,9,17,21,0,NAN,NAN,NAN,NAN,NAN
2017,9,17,21,30,NAN,NAN,NAN,NAN,NAN
2017,9,17,22,0,NAN,NAN,NAN,NAN,NAN
2017,9,17,22,30,NAN,NAN,NAN,NAN,NAN
2017,9,17,23,0,NAN,NAN,NAN,NAN,NAN
2017,9,17,23,30,NAN,NAN,NAN,NAN,NAN
2017,9,17,24,0,NAN,NAN,NAN,NAN,NAN
2017,9,18,0,30,NAN,NAN,NAN,NAN,NAN
2017,9,18,1,0,NAN,NAN,NAN,NAN,NAN
2017,9,18,1,30,NAN,NAN,NAN,NAN,NAN
2017,9,18,2,0,NAN,NAN,NAN,NAN,NAN
2017,9,18,2,30,NAN,NAN,NAN,NAN,NAN
2017,9,18,3,0,NAN,NAN,NAN,NAN,NAN
2017,9,18,3,30,NAN,NAN,NAN,NAN,NAN
2017,9,18,4,0,NAN,NAN,NAN,NAN,NAN
2017,9,18,4,30,NAN,NAN,NAN,NAN,NAN
2017,9,18,5,0,NAN,NAN,NAN,NAN,NAN
2017,9,18,5,30,NAN,NAN,NAN,NAN,NAN
2017,9,18,6,0,NAN,NAN,NAN,NAN,NAN
2017,9,18,6,30,NAN,NAN,NAN,NAN,NAN
2017,9,18,7,0,NAN,NAN,NAN,NAN,NAN
2017,9,18,7,30,NAN,NAN,NAN,NAN,NAN
2017,9,18,8,0,NAN,NAN,NAN,NAN,NAN
2017,9,18,8,30,NAN,NAN,NAN,NAN,NAN
2017,9,18,9,0,NAN,NAN,NAN,NAN,NAN
2017,9,18,9,30,NAN,NAN,NAN,NAN,NAN
2017,9,18,10,0,NAN,NAN,NAN,NAN,NAN
2017,9,18,10,30,NAN,NAN,NAN,NAN,NAN
2017,9,18,11,0,NAN,NAN,NAN,NAN,NAN
2017,9,18,11,30,NAN,NAN,NAN,NAN,NAN
2017,9,18,12,0,NAN,NAN,NAN,NAN,NAN
2017,9,18,12,30,NAN,NAN,NAN,NAN,NAN
2017,9,18,13,0,NAN,NAN,NAN,NAN,NAN
2017,9,18,13,30,NAN,NAN,NAN,NAN,NAN
2017,9,18,14,0,NAN,NAN,NAN,NAN,NAN
2017,9,18,14,30,NAN,NAN,NAN,NAN,NAN
2017,9,18,15,0,NAN,NAN,NAN,NAN,NAN
2017,9,18,15,30,NAN,NAN,NAN,NAN,NAN
2017,9,18,16,0,NAN,NAN,NAN,NAN,NAN
2017,9,18,16,30,NAN,NAN,NAN,NAN,NAN
2017,9,18,17,0,NAN,NAN,NAN,NAN,NAN
2017,9,18,17,30,NAN,NAN,NAN,NAN,NAN
2017,9,18,18,0,NAN,NAN,NAN,NAN,NAN
2017,9,18,18,30,NAN,NAN,NAN,NAN,NAN
2017,9,18,19,0,NAN,NAN,NAN,NAN,NAN
2017,9,18,19,30,NAN,NAN,NAN,NAN,NAN
2017,9,18,20,0,NAN,NAN,NAN,NAN,NAN
2017,9,18,20,30,NAN,NAN,NAN,NAN,NAN
2017,9,18,21,0,NAN,NAN,NAN,NAN,NAN
2017,9,18,21,30,NAN,NAN,NAN,NAN,NAN
2017,9,18,22,0,NAN,NAN,NAN,NAN,NAN
2017,9,18,22,30,NAN,NAN,NAN,NAN,NAN
2017,9,18,23,0,NAN,NAN,NAN,NAN,NAN
2017,9,18,23,30,NAN,NAN,NAN,NAN,NAN
2017,9,18,24,0,NAN,NAN,NAN,NAN,NAN
2017,9,19,0,30,NAN,NAN,NAN,NAN,NAN
2017,9,19,1,0,NAN,NAN,NAN,NAN,NAN
2017,9,19,1,30,NAN,NAN,NAN,NAN,NAN
2017,9,19,2,0,NAN,NAN,NAN,NAN,NAN
2017,9,19,2,30,NAN,NAN,NAN,NAN,NAN
2017,9,19,3,0,NAN,NAN,NAN,NAN,NAN
2017,9,19,3,30,NAN,NAN,NAN,NAN,NAN
2017,9,19,4,0,NAN,NAN,NAN,NAN,NAN
2017,9,19,4,30,NAN,NAN,NAN,NAN,NAN
2017,9,19,5,0,NAN,NAN,NAN,NAN,NAN
2017,9,19,5,30,NAN,NAN,NAN,NAN,NAN
2017,9,19,6,0,NAN,NAN,NAN,NAN,NAN
2017,9,19,6,30,NAN,NAN,NAN,NAN,NAN
2017,9,19,7,0,NAN,NAN,NAN,NAN,NAN
2017,9,19,7,30,NAN,NAN,NAN,NAN,NAN
2017,9,19,8,0,NAN,NAN,NAN,NAN,NAN
2017,9,19,8,30,NAN,NAN,NAN,NAN,NAN
2017,9,19,9,0,NAN,NAN,NAN,NAN,NAN
2017,9,19,9,30,NAN,NAN,NAN,NAN,NAN
2017,9,19,10,0,NAN,NAN,NAN,NAN,NAN
2017,9,19,10,30,NAN,NAN,NAN,NAN,NAN
2017,9,19,11,0,NAN,NAN,NAN,NAN,NAN
2017,9,19,11,30,NAN,NAN,NAN,NAN,NAN
2017,9,19,12,0,NAN,NAN,NAN,NAN,NAN
2017,9,19,12,30,NAN,NAN,NAN,NAN,NAN
2017,9,19,13,0,NAN,NAN,NAN,NAN,NAN
2017,9,19,13,30,NAN,NAN,NAN,NAN,NAN
2017,9,19,14,0,NAN,NAN,NAN,NAN,NAN
2017,9,19,14,30,NAN,NAN,NAN,NAN,NAN
2017,9,19,15,0,NAN,NAN,NAN,NAN,NAN
2017,9,19,15,30,NAN,NAN,NAN,NAN,NAN
2017,9,19,16,0,NAN,NAN,NAN,NAN,NAN
2017,9,19,16,30,NAN,NAN,NAN,NAN,NAN
2017,9,19,17,0,NAN,NAN,NAN,NAN,NAN
2017,9,19,17,30,NAN,NAN,NAN,NAN,NAN
2017,9,19,18,0,NAN,NAN,NAN,NAN,NAN
2017,9,19,18,30,NAN,NAN,NAN,NAN,NAN
2017,9,19,19,0,NAN,NAN,NAN,NAN,NAN
2017,9,19,19,30,NAN,NAN,NAN,NAN,NAN
2017,9,19,20,0,NAN,NAN,NAN,NAN,NAN
2017,9,19,20,30,NAN,NAN,NAN,NAN,NAN
2017,9,19,21,0,NAN,NAN,NAN,NAN,NAN
2017,9,19,21,30,NAN,NAN,NAN,NAN,NAN
2017,9,19,22,0,NAN,NAN,NAN,NAN,NAN
2017,9,19,22,30,NAN,NAN,NAN,NAN,NAN
2017,9,19,23,0,NAN,NAN,NAN,NAN,NAN
2017,9,19,23,30,NAN,NAN,NAN,NAN,NAN
2017,9,19,24,0,NAN,NAN,NAN,NAN,NAN
2017,9,20,0,30,NAN,NAN,NAN,NAN,NAN
2017,9,20,1,0,NAN,NAN,NAN,NAN,NAN
2017,9,20,1,30,NAN,NAN,NAN,NAN,NAN
2017,9,20,2,0,NAN,NAN,NAN,NAN,NAN
2017,9,20,2,30,NAN,NAN,NAN,NAN,NAN
2017,9,20,3,0,NAN,NAN,NAN,NAN,NAN
2017,9,20,3,30,NAN,NAN,NAN,NAN,NAN
2017,9,20,4,0,NAN,NAN,NAN,NAN,NAN
2017,9,20,4,30,NAN,NAN,NAN,NAN,NAN
2017,9,20,5,0,NAN,NAN,NAN,NAN,NAN
2017,9,20,5,30,NAN,NAN,NAN,NAN,NAN
2017,9,20,6,0,NAN,NAN,NAN,NAN,NAN
2017,9,20,6,30,NAN,NAN,NAN,NAN,NAN
2017,9,20,7,0,NAN,NAN,NAN,NAN,NAN
2017,9,20,7,30,NAN,NAN,NAN,NAN,NAN
2017,9,20,8,0,NAN,NAN,NAN,NAN,NAN
2017,9,20,8,30,NAN,NAN,NAN,NAN,NAN
2017,9,20,9,0,NAN,NAN,NAN,NAN,NAN
2017,9,20,9,30,NAN,NAN,NAN,NAN,NAN
2017,9,20,10,0,NAN,NAN,NAN,NAN,NAN
2017,9,20,10,30,NAN,NAN,NAN,NAN,NAN
2017,9,20,11,0,NAN,NAN,NAN,NAN,NAN
2017,9,20,11,30,NAN,NAN,NAN,NAN,NAN
2017,9,20,12,0,NAN,NAN,NAN,NAN,NAN
2017,9,20,12,30,NAN,NAN,NAN,NAN,NAN
2017,9,20,13,0,NAN,NAN,NAN,NAN,NAN
2017,9,20,13,30,NAN,NAN,NAN,NAN,NAN
2017,9,20,14,0,NAN,NAN,NAN,NAN,NAN
2017,9,20,14,30,NAN,NAN,NAN,NAN,NAN
2017,9,20,15,0,NAN,NAN,NAN,NAN,NAN
2017,9,20,15,30,NAN,NAN,NAN,NAN,NAN
2017,9,20,16,0,NAN,NAN,NAN,NAN,NAN
2017,9,20,16,30,NAN,NAN,NAN,NAN,NAN
2017,9,20,17,0,NAN,NAN,NAN,NAN,NAN
2017,9,20,17,30,NAN,NAN,NAN,NAN,NAN
2017,9,20,18,0,NAN,NAN,NAN,NAN,NAN
2017,9,20,18,30,NAN,NAN,NAN,NAN,NAN
2017,9,20,19,0,NAN,NAN,NAN,NAN,NAN
2017,9,20,19,30,NAN,NAN,NAN,NAN,NAN
2017,9,20,20,0,NAN,NAN,NAN,NAN,NAN
2017,9,20,20,30,NAN,NAN,NAN,NAN,NAN
2017,9,20,21,0,NAN,NAN,NAN,NAN,NAN
2017,9,20,21,30,NAN,NAN,NAN,NAN,NAN
2017,9,20,22,0,NAN,NAN,NAN,NAN,NAN
2017,9,20,22,30,NAN,NAN,NAN,NAN,NAN
2017,9,20,23,0,NAN,NAN,NAN,NAN,NAN
2017,9,20,23,30,NAN,NAN,NAN,NAN,NAN
2017,9,20,24,0,NAN,NAN,NAN,NAN,NAN
2017,9,21,0,30,NAN,NAN,NAN,NAN,NAN
2017,9,21,1,0,NAN,NAN,NAN,NAN,NAN
2017,9,21,1,30,NAN,NAN,NAN,NAN,NAN
2017,9,21,2,0,NAN,NAN,NAN,NAN,NAN
2017,9,21,2,30,NAN,NAN,NAN,NAN,NAN
2017,9,21,3,0,NAN,NAN,NAN,NAN,NAN
2017,9,21,3,30,NAN,NAN,NAN,NAN,NAN
2017,9,21,4,0,NAN,NAN,NAN,NAN,NAN
2017,9,21,4,30,NAN,NAN,NAN,NAN,NAN
2017,9,21,5,0,NAN,NAN,NAN,NAN,NAN
2017,9,21,5,30,NAN,NAN,NAN,NAN,NAN
2017,9,21,6,0,NAN,NAN,NAN,NAN,NAN
2017,9,21,6,30,NAN,NAN,NAN,NAN,NAN
2017,9,21,7,0,NAN,NAN,NAN,NAN,NAN
2017,9,21,7,30,NAN,NAN,NAN,NAN,NAN
2017,9,21,8,0,NAN,NAN,NAN,NAN,NAN
2017,9,21,8,30,NAN,NAN,NAN,NAN,NAN
2017,9,21,9,0,NAN,NAN,NAN,NAN,NAN
2017,9,21,9,30,NAN,NAN,NAN,NAN,NAN
2017,9,21,10,0,NAN,NAN,NAN,NAN,NAN
2017,9,21,10,30,NAN,NAN,NAN,NAN,NAN
2017,9,21,11,0,NAN,NAN,NAN,NAN,NAN
2017,9,21,11,30,NAN,NAN,NAN,NAN,NAN
2017,9,21,12,0,NAN,NAN,NAN,NAN,NAN
2017,9,21,12,30,NAN,NAN,NAN,NAN,NAN
2017,9,21,13,0,NAN,NAN,NAN,NAN,NAN
2017,9,21,13,30,NAN,NAN,NAN,NAN,NAN
2017,9,21,14,0,NAN,NAN,NAN,NAN,NAN
2017,9,21,14,30,NAN,NAN,NAN,NAN,NAN
2017,9,21,15,0,NAN,NAN,NAN,NAN,NAN
2017,9,21,15,30,NAN,NAN,NAN,NAN,NAN
2017,9,21,16,0,NAN,NAN,NAN,NAN,NAN
2017,9,21,16,30,NAN,NAN,NAN,NAN,NAN
2017,9,21,17,0,NAN,NAN,NAN,NAN,NAN
2017,9,21,17,30,NAN,NAN,NAN,NAN,NAN
2017,9,21,18,0,NAN,NAN,NAN,NAN,NAN
2017,9,21,18,30,NAN,NAN,NAN,NAN,NAN
2017,9,21,19,0,NAN,NAN,NAN,NAN,NAN
2017,9,21,19,30,NAN,NAN,NAN,NAN,NAN
2017,9,21,20,0,NAN,NAN,NAN,NAN,NAN
2017,9,21,20,30,NAN,NAN,NAN,NAN,NAN
2017,9,21,21,0,NAN,NAN,NAN,NAN,NAN
2017,9,21,21,30,NAN,NAN,NAN,NAN,NAN
2017,9,21,22,0,NAN,NAN,NAN,NAN,NAN
2017,9,21,22,30,NAN,NAN,NAN,NAN,NAN
2017,9,21,23,0,NAN,NAN,NAN,NAN,NAN
2017,9,21,23,30,NAN,NAN,NAN,NAN,NAN
2017,9,21,24,0,NAN,NAN,NAN,NAN,NAN
2017,9,22,0,30,NAN,NAN,NAN,NAN,NAN
2017,9,22,1,0,NAN,NAN,NAN,NAN,NAN
2017,9,22,1,30,NAN,NAN,NAN,NAN,NAN
2017,9,22,2,0,NAN,NAN,NAN,NAN,NAN
2017,9,22,2,30,NAN,NAN,NAN,NAN,NAN
2017,9,22,3,0,NAN,NAN,NAN,NAN,NAN
2017,9,22,3,30,NAN,NAN,NAN,NAN,NAN
2017,9,22,4,0,NAN,NAN,NAN,NAN,NAN
2017,9,22,4,30,NAN,NAN,NAN,NAN,NAN
2017,9,22,5,0,NAN,NAN,NAN,NAN,NAN
2017,9,22,5,30,NAN,NAN,NAN,NAN,NAN
2017,9,22,6,0,NAN,NAN,NAN,NAN,NAN
2017,9,22,6,30,NAN,NAN,NAN,NAN,NAN
2017,9,22,7,0,NAN,NAN,NAN,NAN,NAN
2017,9,22,7,30,NAN,NAN,NAN,NAN,NAN
2017,9,22,8,0,NAN,NAN,NAN,NAN,NAN
2017,9,22,8,30,NAN,NAN,NAN,NAN,NAN
2017,9,22,9,0,NAN,NAN,NAN,NAN,NAN
2017,9,22,9,30,NAN,NAN,NAN,NAN,NAN
2017,9,22,10,0,NAN,NAN,NAN,NAN,NAN
2017,9,22,10,30,NAN,NAN,NAN,NAN,NAN
2017,9,22,11,0,NAN,NAN,NAN,NAN,NAN
2017,9,22,11,30,NAN,NAN,NAN,NAN,NAN
2017,9,22,12,0,NAN,NAN,NAN,NAN,NAN
2017,9,22,12,30,NAN,NAN,NAN,NAN,NAN
2017,9,22,13,0,NAN,NAN,NAN,NAN,NAN
2017,9,22,13,30,NAN,NAN,NAN,NAN,NAN
2017,9,22,14,0,NAN,NAN,NAN,NAN,NAN
2017,9,22,14,30,NAN,NAN,NAN,NAN,NAN
2017,9,22,15,0,NAN,NAN,NAN,NAN,NAN
2017,9,22,15,30,NAN,NAN,NAN,NAN,NAN
2017,9,22,16,0,NAN,NAN,NAN,NAN,NAN
2017,9,22,16,30,NAN,NAN,NAN,NAN,NAN
2017,9,22,17,0,NAN,NAN,NAN,NAN,NAN
2017,9,22,17,30,NAN,NAN,NAN,NAN,NAN
2017,9,22,18,0,NAN,NAN,NAN,NAN,NAN
2017,9,22,18,30,NAN,NAN,NAN,NAN,NAN
2017,9,22,19,0,NAN,NAN,NAN,NAN,NAN
2017,9,22,19,30,NAN,NAN,NAN,NAN,NAN
2017,9,22,20,0,NAN,NAN,NAN,NAN,NAN
2017,9,22,20,30,NAN,NAN,NAN,NAN,NAN
2017,9,22,21,0,NAN,NAN,NAN,NAN,NAN
2017,9,22,21,30,NAN,NAN,NAN,NAN,NAN
2017,9,22,22,0,NAN,NAN,NAN,NAN,NAN
2017,9,22,22,30,NAN,NAN,NAN,NAN,NAN
2017,9,22,23,0,NAN,NAN,NAN,NAN,NAN
2017,9,22,23,30,NAN,NAN,NAN,NAN,NAN
2017,9,22,24,0,NAN,NAN,NAN,NAN,NAN
2017,9,23,0,30,NAN,NAN,NAN,NAN,NAN
2017,9,23,1,0,NAN,NAN,NAN,NAN,NAN
2017,9,23,1,30,NAN,NAN,NAN,NAN,NAN
2017,9,23,2,0,NAN,NAN,NAN,NAN,NAN
2017,9,23,2,30,NAN,NAN,NAN,NAN,NAN
2017,9,23,3,0,NAN,NAN,NAN,NAN,NAN
2017,9,23,3,30,NAN,NAN,NAN,NAN,NAN
2017,9,23,4,0,NAN,NAN,NAN,NAN,NAN
2017,9,23,4,30,NAN,NAN,NAN,NAN,NAN
2017,9,23,5,0,NAN,NAN,NAN,NAN,NAN
2017,9,23,5,30,NAN,NAN,NAN,NAN,NAN
2017,9,23,6,0,NAN,NAN,NAN,NAN,NAN
2017,9,23,6,30,NAN,NAN,NAN,NAN,NAN
2017,9,23,7,0,NAN,NAN,NAN,NAN,NAN
2017,9,23,7,30,NAN,NAN,NAN,NAN,NAN
2017,9,23,8,0,NAN,NAN,NAN,NAN,NAN
2017,9,23,8,30,NAN,NAN,NAN,NAN,NAN
2017,9,23,9,0,NAN,NAN,NAN,NAN,NAN
2017,9,23,9,30,NAN,NAN,NAN,NAN,NAN
2017,9,23,10,0,NAN,NAN,NAN,NAN,NAN
2017,9,23,10,30,NAN,NAN,NAN,NAN,NAN
2017,9,23,11,0,NAN,NAN,NAN,NAN,NAN
2017,9,23,11,30,NAN,NAN,NAN,NAN,NAN
2017,9,23,12,0,NAN,NAN,NAN,NAN,NAN
2017,9,23,12,30,NAN,NAN,NAN,NAN,NAN
2017,9,23,13,0,NAN,NAN,NAN,NAN,NAN
2017,9,23,13,30,NAN,NAN,NAN,NAN,NAN
2017,9,23,14,0,NAN,NAN,NAN,NAN,NAN
2017,9,23,14,30,NAN,NAN,NAN,NAN,NAN
2017,9,23,15,0,NAN,NAN,NAN,NAN,NAN
2017,9,23,15,30,NAN,NAN,NAN,NAN,NAN
2017,9,23,16,0,NAN,NAN,NAN,NAN,NAN
2017,9,23,16,30,NAN,NAN,NAN,NAN,NAN
2017,9,23,17,0,NAN,NAN,NAN,NAN,NAN
2017,9,23,17,30,NAN,NAN,NAN,NAN,NAN
2017,9,23,18,0,NAN,NAN,NAN,NAN,NAN
2017,9,23,18,30,NAN,NAN,NAN,NAN,NAN
2017,9,23,19,0,NAN,NAN,NAN,NAN,NAN
2017,9,23,19,30,NAN,NAN,NAN,NAN,NAN
2017,9,23,20,0,NAN,NAN,NAN,NAN,NAN
2017,9,23,20,30,NAN,NAN,NAN,NAN,NAN
2017,9,23,21,0,NAN,NAN,NAN,NAN,NAN
2017,9,23,21,30,NAN,NAN,NAN,NAN,NAN
2017,9,23,22,0,NAN,NAN,NAN,NAN,NAN
2017,9,23,22,30,NAN,NAN,NAN,NAN,NAN
2017,9,23,23,0,NAN,NAN,NAN,NAN,NAN
2017,9,23,23,30,NAN,NAN,NAN,NAN,NAN
2017,9,23,24,0,NAN,NAN,NAN,NAN,NAN
2017,9,24,0,30,NAN,NAN,NAN,NAN,NAN
2017,9,24,1,0,NAN,NAN,NAN,NAN,NAN
2017,9,24,1,30,NAN,NAN,NAN,NAN,NAN
2017,9,24,2,0,NAN,NAN,NAN,NAN,NAN
2017,9,24,2,30,NAN,NAN,NAN,NAN,NAN
2017,9,24,3,0,NAN,NAN,NAN,NAN,NAN
2017,9,24,3,30,NAN,NAN,NAN,NAN,NAN
2017,9,24,4,0,NAN,NAN,NAN,NAN,NAN
2017,9,24,4,30,NAN,NAN,NAN,NAN,NAN
2017,9,24,5,0,NAN,NAN,NAN,NAN,NAN
2017,9,24,5,30,NAN,NAN,NAN,NAN,NAN
2017,9,24,6,0,NAN,NAN,NAN,NAN,NAN
2017,9,24,6,30,NAN,NAN,NAN,NAN,NAN
2017,9,24,7,0,NAN,NAN,NAN,NAN,NAN
2017,9,24,7,30,NAN,NAN,NAN,NAN,NAN
2017,9,24,8,0,NAN,NAN,NAN,NAN,NAN
2017,9,24,8,30,NAN,NAN,NAN,NAN,NAN
2017,9,24,9,0,NAN,NAN,NAN,NAN,NAN
2017,9,24,9,30,NAN,NAN,NAN,NAN,NAN
2017,9,24,10,0,NAN,NAN,NAN,NAN,NAN
2017,9,24,10,30,NAN,NAN,NAN,NAN,NAN
2017,9,24,11,0,NAN,NAN,NAN,NAN,NAN
2017,9,24,11,30,NAN,NAN,NAN,NAN,NAN
2017,9,24,12,0,NAN,NAN,NAN,NAN,NAN
2017,9,24,12,30,NAN,NAN,NAN,NAN,NAN
2017,9,24,13,0,NAN,NAN,NAN,NAN,NAN
2017,9,24,13,30,NAN,NAN,NAN,NAN,NAN
2017,9,24,14,0,NAN,NAN,NAN,NAN,NAN
2017,9,24,14,30,NAN,NAN,NAN,NAN,NAN
2017,9,24,15,0,NAN,NAN,NAN,NAN,NAN
2017,9,24,15,30,NAN,NAN,NAN,NAN,NAN
2017,9,24,16,0,NAN,NAN,NAN,NAN,NAN
2017,9,24,16,30,NAN,NAN,NAN,NAN,NAN
2017,9,24,17,0,NAN,NAN,NAN,NAN,NAN
2017,9,24,17,30,NAN,NAN,NAN,NAN,NAN
2017,9,24,18,0,NAN,NAN,NAN,NAN,NAN
2017,9,24,18,30,NAN,NAN,NAN,NAN,NAN
2017,9,24,19,0,NAN,NAN,NAN,NAN,NAN
2017,9,24,19,30,NAN,NAN,NAN,NAN,NAN
2017,9,24,20,0,NAN,NAN,NAN,NAN,NAN
2017,9,24,20,30,NAN,NAN,NAN,NAN,NAN
2017,9,24,21,0,NAN,NAN,NAN,NAN,NAN
2017,9,24,21,30,NAN,NAN,NAN,NAN,NAN
2017,9,24,22,0,NAN,NAN,NAN,NAN,NAN
2017,9,24,22,30,NAN,NAN,NAN,NAN,NAN
2017,9,24,23,0,NAN,NAN,NAN,NAN,NAN
2017,9,24,23,30,NAN,NAN,NAN,NAN,NAN
2017,9,24,24,0,NAN,NAN,NAN,NAN,NAN
2017,9,25,0,30,NAN,NAN,NAN,NAN,NAN
2017,9,25,1,0,NAN,NAN,NAN,NAN,NAN
2017,9,25,1,30,NAN,NAN,NAN,NAN,NAN
2017,9,25,2,0,NAN,NAN,NAN,NAN,NAN
2017,9,25,2,30,NAN,NAN,NAN,NAN,NAN
2017,9,25,3,0,NAN,NAN,NAN,NAN,NAN
2017,9,25,3,30,NAN,NAN,NAN,NAN,NAN
2017,9,25,4,0,NAN,NAN,NAN,NAN,NAN
2017,9,25,4,30,NAN,NAN,NAN,NAN,NAN
2017,9,25,5,0,NAN,NAN,NAN,NAN,NAN
2017,9,25,5,30,NAN,NAN,NAN,NAN,NAN
2017,9,25,6,0,NAN,NAN,NAN,NAN,NAN
2017,9,25,6,30,NAN,NAN,NAN,NAN,NAN
2017,9,25,7,0,NAN,NAN,NAN,NAN,NAN
2017,9,25,7,30,NAN,NAN,NAN,NAN,NAN
2017,9,25,8,0,NAN,NAN,NAN,NAN,NAN
2017,9,25,8,30,NAN,NAN,NAN,NAN,NAN
2017,9,25,9,0,NAN,NAN,NAN,NAN,NAN
2017,9,25,9,30,NAN,NAN,NAN,NAN,NAN
2017,9,25,10,0,NAN,NAN,NAN,NAN,NAN
2017,9,25,10,30,NAN,NAN,NAN,NAN,NAN
2017,9,25,11,0,NAN,NAN,NAN,NAN,NAN
2017,9,25,11,30,NAN,NAN,NAN,NAN,NAN
2017,9,25,12,0,NAN,NAN,NAN,NAN,NAN
2017,9,25,12,30,NAN,NAN,NAN,NAN,NAN
2017,9,25,13,0,NAN,NAN,NAN,NAN,NAN
2017,9,25,13,30,NAN,NAN,NAN,NAN,NAN
2017,9,25,14,0,NAN,NAN,NAN,NAN,NAN
2017,9,25,14,30,NAN,NAN,NAN,NAN,NAN
2017,9,25,15,0,NAN,NAN,NAN,NAN,NAN
2017,9,25,15,30,NAN,NAN,NAN,NAN,NAN
2017,9,25,16,0,NAN,NAN,NAN,NAN,NAN
2017,9,25,16,30,NAN,NAN,NAN,NAN,NAN
2017,9,25,17,0,NAN,NAN,NAN,NAN,NAN
2017,9,25,17,30,NAN,NAN,NAN,NAN,NAN
2017,9,25,18,0,NAN,NAN,NAN,NAN,NAN
2017,9,25,18,30,NAN,NAN,NAN,NAN,NAN
2017,9,25,19,0,NAN,NAN,NAN,NAN,NAN
2017,9,25,19,30,NAN,NAN,NAN,NAN,NAN
2017,9,25,20,0,NAN,NAN,NAN,NAN,NAN
2017,9,25,20,30,NAN,NAN,NAN,NAN,NAN
2017,9,25,21,0,NAN,NAN,NAN,NAN,NAN
2017,9,25,21,30,NAN,NAN,NAN,NAN,NAN
2017,9,25,22,0,NAN,NAN,NAN,NAN,NAN
2017,9,25,22,30,NAN,NAN,NAN,NAN,NAN
2017,9,25,23,0,NAN,NAN,NAN,NAN,NAN
2017,9,25,23,30,NAN,NAN,NAN,NAN,NAN
2017,9,25,24,0,NAN,NAN,NAN,NAN,NAN
2017,9,26,0,30,NAN,NAN,NAN,NAN,NAN
2017,9,26,1,0,NAN,NAN,NAN,NAN,NAN
2017,9,26,1,30,NAN,NAN,NAN,NAN,NAN
2017,9,26,2,0,NAN,NAN,NAN,NAN,NAN
2017,9,26,2,30,NAN,NAN,NAN,NAN,NAN
2017,9,26,3,0,NAN,NAN,NAN,NAN,NAN
2017,9,26,3,30,NAN,NAN,NAN,NAN,NAN
2017,9,26,4,0,NAN,NAN,NAN,NAN,NAN
2017,9,26,4,30,NAN,NAN,NAN,NAN,NAN
2017,9,26,5,0,NAN,NAN,NAN,NAN,NAN
2017,9,26,5,30,NAN,NAN,NAN,NAN,NAN
2017,9,26,6,0,NAN,NAN,NAN,NAN,NAN
2017,9,26,6,30,NAN,NAN,NAN,NAN,NAN
2017,9,26,7,0,NAN,NAN,NAN,NAN,NAN
2017,9,26,7,30,NAN,NAN,NAN,NAN,NAN
2017,9,26,8,0,NAN,NAN,NAN,NAN,NAN
2017,9,26,8,30,NAN,NAN,NAN,NAN,NAN
2017,9,26,9,0,NAN,NAN,NAN,NAN,NAN
2017,9,26,9,30,NAN,NAN,NAN,NAN,NAN
2017,9,26,10,0,NAN,NAN,NAN,NAN,NAN
2017,9,26,10,30,NAN,NAN,NAN,NAN,NAN
2017,9,26,11,0,NAN,NAN,NAN,NAN,NAN
2017,9,26,11,30,NAN,NAN,NAN,NAN,NAN
2017,9,26,12,0,NAN,NAN,NAN,NAN,NAN
2017,9,26,12,30,NAN,NAN,NAN,NAN,NAN
2017,9,26,13,0,NAN,NAN,NAN,NAN,NAN
2017,9,26,13,30,NAN,NAN,NAN,NAN,NAN
2017,9,26,14,0,NAN,NAN,NAN,NAN,NAN
2017,9,26,14,30,NAN,NAN,NAN,NAN,NAN
2017,9,26,15,0,NAN,NAN,NAN,NAN,NAN
2017,9,26,15,30,NAN,NAN,NAN,NAN,NAN
2017,9,26,16,0,NAN,NAN,NAN,NAN,NAN
2017,9,26,16,30,NAN,NAN,NAN,NAN,NAN
2017,9,26,17,0,NAN,NAN,NAN,NAN,NAN
2017,9,26,17,30,NAN,NAN,NAN,NAN,NAN
2017,9,26,18,0,NAN,NAN,NAN,NAN,NAN
2017,9,26,18,30,NAN,NAN,NAN,NAN,NAN
2017,9,26,19,0,NAN,NAN,NAN,NAN,NAN
2017,9,26,19,30,NAN,NAN,NAN,NAN,NAN
2017,9,26,20,0,NAN,NAN,NAN,NAN,NAN
2017,9,26,20,30,NAN,NAN,NAN,NAN,NAN
2017,9,26,21,0,NAN,NAN,NAN,NAN,NAN
2017,9,26,21,30,NAN,NAN,NAN,NAN,NAN
2017,9,26,22,0,NAN,NAN,NAN,NAN,NAN
2017,9,26,22,30,NAN,NAN,NAN,NAN,NAN
2017,9,26,23,0,NAN,NAN,NAN,NAN,NAN
2017,9,26,23,30,NAN,NAN,NAN,NAN,NAN
2017,9,26,24,0,NAN,NAN,NAN,NAN,NAN
2017,9,27,0,30,NAN,NAN,NAN,NAN,NAN
2017,9,27,1,0,NAN,NAN,NAN,NAN,NAN
2017,9,27,1,30,NAN,NAN,NAN,NAN,NAN
2017,9,27,2,0,NAN,NAN,NAN,NAN,NAN
2017,9,27,2,30,NAN,NAN,NAN,NAN,NAN
2017,9,27,3,0,NAN,NAN,NAN,NAN,NAN
2017,9,27,3,30,NAN,NAN,NAN,NAN,NAN
2017,9,27,4,0,NAN,NAN,NAN,NAN,NAN
2017,9,27,4,30,NAN,NAN,NAN,NAN,NAN
2017,9,27,5,0,NAN,NAN,NAN,NAN,NAN
2017,9,27,5,30,NAN,NAN,NAN,NAN,NAN
2017,9,27,6,0,NAN,NAN,NAN,NAN,NAN
2017,9,27,6,30,NAN,NAN,NAN,NAN,NAN
2017,9,27,7,0,NAN,NAN,NAN,NAN,NAN
2017,9,27,7,30,NAN,NAN,NAN,NAN,NAN
2017,9,27,8,0,NAN,NAN,NAN,NAN,NAN
2017,9,27,8,30,NAN,NAN,NAN,NAN,NAN
2017,9,27,9,0,NAN,NAN,NAN,NAN,NAN
2017,9,27,9,30,NAN,NAN,NAN,NAN,NAN
2017,9,27,10,0,NAN,NAN,NAN,NAN,NAN
2017,9,27,10,30,NAN,NAN,NAN,NAN,NAN
2017,9,27,11,0,NAN,NAN,NAN,NAN,NAN
2017,9,27,11,30,NAN,NAN,NAN,NAN,NAN
2017,9,27,12,0,NAN,NAN,NAN,NAN,NAN
2017,9,27,12,30,NAN,NAN,NAN,NAN,NAN
2017,9,27,13,0,NAN,NAN,NAN,NAN,NAN
2017,9,27,13,30,NAN,NAN,NAN,NAN,NAN
2017,9,27,14,0,NAN,NAN,NAN,NAN,NAN
2017,9,27,14,30,NAN,NAN,NAN,NAN,NAN
2017,9,27,15,0,NAN,NAN,NAN,NAN,NAN
2017,9,27,15,30,NAN,NAN,NAN,NAN,NAN
2017,9,27,16,0,NAN,NAN,NAN,NAN,NAN
2017,9,27,16,30,NAN,NAN,NAN,NAN,NAN
2017,9,27,17,0,NAN,NAN,NAN,NAN,NAN
2017,9,27,17,30,NAN,NAN,NAN,NAN,NAN
2017,9,27,18,0,NAN,NAN,NAN,NAN,NAN
2017,9,27,18,30,NAN,NAN,NAN,NAN,NAN
2017,9,27,19,0,NAN,NAN,NAN,NAN,NAN
2017,9,27,19,30,NAN,NAN,NAN,NAN,NAN
2017,9,27,20,0,NAN,NAN,NAN,NAN,NAN
2017,9,27,20,30,NAN,NAN,NAN,NAN,NAN
2017,9,27,21,0,NAN,NAN,NAN,NAN,NAN
2017,9,27,21,30,NAN,NAN,NAN,NAN,NAN
2017,9,27,22,0,NAN,NAN,NAN,NAN,NAN
2017,9,27,22,30,NAN,NAN,NAN,NAN,NAN
2017,9,27,23,0,NAN,NAN,NAN,NAN,NAN
2017,9,27,23,30,NAN,NAN,NAN,NAN,NAN
2017,9,27,24,0,NAN,NAN,NAN,NAN,NAN
2017,9,28,0,30,NAN,NAN,NAN,NAN,NAN
2017,9,28,1,0,NAN,NAN,NAN,NAN,NAN
2017,9,28,1,30,NAN,NAN,NAN,NAN,NAN
2017,9,28,2,0,NAN,NAN,NAN,NAN,NAN
2017,9,28,2,30,NAN,NAN,NAN,NAN,NAN
2017,9,28,3,0,NAN,NAN,NAN,NAN,NAN
2017,9,28,3,30,NAN,NAN,NAN,NAN,NAN
2017,9,28,4,0,NAN,NAN,NAN,NAN,NAN
2017,9,28,4,30,NAN,NAN,NAN,NAN,NAN
2017,9,28,5,0,NAN,NAN,NAN,NAN,NAN
2017,9,28,5,30,NAN,NAN,NAN,NAN,NAN
2017,9,28,6,0,NAN,NAN,NAN,NAN,NAN
2017,9,28,6,30,NAN,NAN,NAN,NAN,NAN
2017,9,28,7,0,NAN,NAN,NAN,NAN,NAN
2017,9,28,7,30,NAN,NAN,NAN,NAN,NAN
2017,9,28,8,0,NAN,NAN,NAN,NAN,NAN
2017,9,28,8,30,NAN,NAN,NAN,NAN,NAN
2017,9,28,9,0,NAN,NAN,NAN,NAN,NAN
2017,9,28,9,30,NAN,NAN,NAN,NAN,NAN
2017,9,28,10,0,NAN,NAN,NAN,NAN,NAN
2017,9,28,10,30,NAN,NAN,NAN,NAN,NAN
2017,9,28,11,0,NAN,NAN,NAN,NAN,NAN
2017,9,28,11,30,NAN,NAN,NAN,NAN,NAN
2017,9,28,12,0,NAN,NAN,NAN,NAN,NAN
2017,9,28,12,30,NAN,NAN,NAN,NAN,NAN
2017,9,28,13,0,NAN,NAN,NAN,NAN,NAN
2017,9,28,13,30,NAN,NAN,NAN,NAN,NAN
2017,9,28,14,0,NAN,NAN,NAN,NAN,NAN
2017,9,28,14,30,NAN,NAN,NAN,NAN,NAN
2017,9,28,15,0,NAN,NAN,NAN,NAN,NAN
2017,9,28,15,30,NAN,NAN,NAN,NAN,NAN
2017,9,28,16,0,NAN,NAN,NAN,NAN,NAN
2017,9,28,16,30,NAN,NAN,NAN,NAN,NAN
2017,9,28,17,0,NAN,NAN,NAN,NAN,NAN
2017,9,28,17,30,NAN,NAN,NAN,NAN,NAN
2017,9,28,18,0,NAN,NAN,NAN,NAN,NAN
2017,9,28,18,30,NAN,NAN,NAN,NAN,NAN
2017,9,28,19,0,NAN,NAN,NAN,NAN,NAN
2017,9,28,19,30,NAN,NAN,NAN,NAN,NAN
2017,9,28,20,0,NAN,NAN,NAN,NAN,NAN
2017,9,28,20,30,NAN,NAN,NAN,NAN,NAN
2017,9,28,21,0,NAN,NAN,NAN,NAN,NAN
2017,9,28,21,30,NAN,NAN,NAN,NAN,NAN
2017,9,28,22,0,NAN,NAN,NAN,NAN,NAN
2017,9,28,22,30,NAN,NAN,NAN,NAN,NAN
2017,9,28,23,0,NAN,NAN,NAN,NAN,NAN
2017,9,28,23,30,NAN,NAN,NAN,NAN,NAN
2017,9,28,24,0,NAN,NAN,NAN,NAN,NAN
2017,9,29,0,30,NAN,NAN,NAN,NAN,NAN
2017,9,29,1,0,NAN,NAN,NAN,NAN,NAN
2017,9,29,1,30,NAN,NAN,NAN,NAN,NAN
2017,9,29,2,0,NAN,NAN,NAN,NAN,NAN
2017,9,29,2,30,NAN,NAN,NAN,NAN,NAN
2017,9,29,3,0,NAN,NAN,NAN,NAN,NAN
2017,9,29,3,30,NAN,NAN,NAN,NAN,NAN
2017,9,29,4,0,NAN,NAN,NAN,NAN,NAN
2017,9,29,4,30,NAN,NAN,NAN,NAN,NAN
2017,9,29,5,0,NAN,NAN,NAN,NAN,NAN
2017,9,29,5,30,NAN,NAN,NAN,NAN,NAN
2017,9,29,6,0,NAN,NAN,NAN,NAN,NAN
2017,9,29,6,30,NAN,NAN,NAN,NAN,NAN
2017,9,29,7,0,NAN,NAN,NAN,NAN,NAN
2017,9,29,7,30,NAN,NAN,NAN,NAN,NAN
2017,9,29,8,0,NAN,NAN,NAN,NAN,NAN
2017,9,29,8,30,NAN,NAN,NAN,NAN,NAN
2017,9,29,9,0,NAN,NAN,NAN,NAN,NAN
2017,9,29,9,30,NAN,NAN,NAN,NAN,NAN
2017,9,29,10,0,NAN,NAN,NAN,NAN,NAN
2017,9,29,10,30,NAN,NAN,NAN,NAN,NAN
2017,9,29,11,0,NAN,NAN,NAN,NAN,NAN
2017,9,29,11,30,NAN,NAN,NAN,NAN,NAN
2017,9,29,12,0,NAN,NAN,NAN,NAN,NAN
2017,9,29,12,30,NAN,NAN,NAN,NAN,NAN
2017,9,29,13,0,NAN,NAN,NAN,NAN,NAN
2017,9,29,13,30,NAN,NAN,NAN,NAN,NAN
2017,9,29,14,0,NAN,NAN,NAN,NAN,NAN
2017,9,29,14,30,NAN,NAN,NAN,NAN,NAN
2017,9,29,15,0,NAN,NAN,NAN,NAN,NAN
2017,9,29,15,30,NAN,NAN,NAN,NAN,NAN
2017,9,29,16,0,NAN,NAN,NAN,NAN,NAN
2017,9,29,16,30,NAN,NAN,NAN,NAN,NAN
2017,9,29,17,0,NAN,NAN,NAN,NAN,NAN
2017,9,29,17,30,NAN,NAN,NAN,NAN,NAN
2017,9,29,18,0,NAN,NAN,NAN,NAN,NAN
2017,9,29,18,30,NAN,NAN,NAN,NAN,NAN
2017,9,29,19,0,NAN,NAN,NAN,NAN,NAN
2017,9,29,19,30,NAN,NAN,NAN,NAN,NAN
2017,9,29,20,0,NAN,NAN,NAN,NAN,NAN
2017,9,29,20,30,NAN,NAN,NAN,NAN,NAN
2017,9,29,21,0,NAN,NAN,NAN,NAN,NAN
2017,9,29,21,30,NAN,NAN,NAN,NAN,NAN
2017,9,29,22,0,NAN,NAN,NAN,NAN,NAN
2017,9,29,22,30,NAN,NAN,NAN,NAN,NAN
2017,9,29,23,0,NAN,NAN,NAN,NAN,NAN
2017,9,29,23,30,NAN,NAN,NAN,NAN,NAN
2017,9,29,24,0,NAN,NAN,NAN,NAN,NAN
2017,9,30,0,30,NAN,NAN,NAN,NAN,NAN
2017,9,30,1,0,NAN,NAN,NAN,NAN,NAN
2017,9,30,1,30,NAN,NAN,NAN,NAN,NAN
2017,9,30,2,0,NAN,NAN,NAN,NAN,NAN
2017,9,30,2,30,NAN,NAN,NAN,NAN,NAN
2017,9,30,3,0,NAN,NAN,NAN,NAN,NAN
2017,9,30,3,30,NAN,NAN,NAN,NAN,NAN
2017,9,30,4,0,NAN,NAN,NAN,NAN,NAN
2017,9,30,4,30,NAN,NAN,NAN,NAN,NAN
2017,9,30,5,0,NAN,NAN,NAN,NAN,NAN
2017,9,30,5,30,NAN,NAN,NAN,NAN,NAN
2017,9,30,6,0,NAN,NAN,NAN,NAN,NAN
2017,9,30,6,30,NAN,NAN,NAN,NAN,NAN
2017,9,30,7,0,NAN,NAN,NAN,NAN,NAN
2017,9,30,7,30,NAN,NAN,NAN,NAN,NAN
2017,9,30,8,0,NAN,NAN,NAN,NAN,NAN
2017,9,30,8,30,NAN,NAN,NAN,NAN,NAN
2017,9,30,9,0,NAN,NAN,NAN,NAN,NAN
2017,9,30,9,30,NAN,NAN,NAN,NAN,NAN
2017,9,30,10,0,NAN,NAN,NAN,NAN,NAN
2017,9,30,10,30,NAN,NAN,NAN,NAN,NAN
2017,9,30,11,0,NAN,NAN,NAN,NAN,NAN
2017,9,30,11,30,NAN,NAN,NAN,NAN,NAN
2017,9,30,12,0,NAN,NAN,NAN,NAN,NAN
2017,9,30,12,30,NAN,NAN,NAN,NAN,NAN
2017,9,30,13,0,NAN,NAN,NAN,NAN,NAN
2017,9,30,13,30,NAN,NAN,NAN,NAN,NAN
2017,9,30,14,0,NAN,NAN,NAN,NAN,NAN
2017,9,30,14,30,NAN,NAN,NAN,NAN,NAN
2017,9,30,15,0,NAN,NAN,NAN,NAN,NAN
2017,9,30,15,30,NAN,NAN,NAN,NAN,NAN
2017,9,30,16,0,NAN,NAN,NAN,NAN,NAN
2017,9,30,16,30,NAN,NAN,NAN,NAN,NAN
2017,9,30,17,0,NAN,NAN,NAN,NAN,NAN
2017,9,30,17,30,NAN,NAN,NAN,NAN,NAN
2017,9,30,18,0,NAN,NAN,NAN,NAN,NAN
2017,9,30,18,30,NAN,NAN,NAN,NAN,NAN
2017,9,30,19,0,NAN,NAN,NAN,NAN,NAN
2017,9,30,19,30,NAN,NAN,NAN,NAN,NAN
2017,9,30,20,0,NAN,NAN,NAN,NAN,NAN
2017,9,30,20,30,NAN,NAN,NAN,NAN,NAN
2017,9,30,21,0,NAN,NAN,NAN,NAN,NAN
2017,9,30,21,30,NAN,NAN,NAN,NAN,NAN
2017,9,30,22,0,NAN,NAN,NAN,NAN,NAN
2017,9,30,22,30,NAN,NAN,NAN,NAN,NAN
2017,9,30,23,0,NAN,NAN,NAN,NAN,NAN
2017,9,30,23,30,NAN,NAN,NAN,NAN,NAN
2017,9,30,24,0,NAN,NAN,NAN,NAN,NAN
2017,10,1,0,30,NAN,NAN,NAN,NAN,NAN
2017,10,1,1,0,NAN,NAN,NAN,NAN,NAN
2017,10,1,1,30,NAN,NAN,NAN,NAN,NAN
2017,10,1,2,0,NAN,NAN,NAN,NAN,NAN
2017,10,1,2,30,NAN,NAN,NAN,NAN,NAN
2017,10,1,3,0,NAN,NAN,NAN,NAN,NAN
2017,10,1,3,30,NAN,NAN,NAN,NAN,NAN
2017,10,1,4,0,NAN,NAN,NAN,NAN,NAN
2017,10,1,4,30,NAN,NAN,NAN,NAN,NAN
2017,10,1,5,0,NAN,NAN,NAN,NAN,NAN
2017,10,1,5,30,NAN,NAN,NAN,NAN,NAN
2017,10,1,6,0,NAN,NAN,NAN,NAN,NAN
2017,10,1,6,30,NAN,NAN,NAN,NAN,NAN
2017,10,1,7,0,NAN,NAN,NAN,NAN,NAN
2017,10,1,7,30,NAN,NAN,NAN,NAN,NAN
2017,10,1,8,0,NAN,NAN,NAN,NAN,NAN
2017,10,1,8,30,NAN,NAN,NAN,NAN,NAN
2017,10,1,9,0,NAN,NAN,NAN,NAN,NAN
2017,10,1,9,30,NAN,NAN,NAN,NAN,NAN
2017,10,1,10,0,NAN,NAN,NAN,NAN,NAN
2017,10,1,10,30,NAN,NAN,NAN,NAN,NAN
2017,10,1,11,0,NAN,NAN,NAN,NAN,NAN
2017,10,1,11,30,NAN,NAN,NAN,NAN,NAN
2017,10,1,12,0,NAN,NAN,NAN,NAN,NAN
2017,10,1,12,30,NAN,NAN,NAN,NAN,NAN
2017,10,1,13,0,NAN,NAN,NAN,NAN,NAN
2017,10,1,13,30,NAN,NAN,NAN,NAN,NAN
2017,10,1,14,0,NAN,NAN,NAN,NAN,NAN
2017,10,1,14,30,NAN,NAN,NAN,NAN,NAN
2017,10,1,15,0,NAN,NAN,NAN,NAN,NAN
2017,10,1,15,30,NAN,NAN,NAN,NAN,NAN
2017,10,1,16,0,NAN,NAN,NAN,NAN,NAN
2017,10,1,16,30,NAN,NAN,NAN,NAN,NAN
2017,10,1,17,0,NAN,NAN,NAN,NAN,NAN
2017,10,1,17,30,NAN,NAN,NAN,NAN,NAN
2017,10,1,18,0,NAN,NAN,NAN,NAN,NAN
2017,10,1,18,30,NAN,NAN,NAN,NAN,NAN
2017,10,1,19,0,NAN,NAN,NAN,NAN,NAN
2017,10,1,19,30,NAN,NAN,NAN,NAN,NAN
2017,10,1,20,0,NAN,NAN,NAN,NAN,NAN
2017,10,1,20,30,NAN,NAN,NAN,NAN,NAN
2017,10,1,21,0,NAN,NAN,NAN,NAN,NAN
2017,10,1,21,30,NAN,NAN,NAN,NAN,NAN
2017,10,1,22,0,NAN,NAN,NAN,NAN,NAN
2017,10,1,22,30,NAN,NAN,NAN,NAN,NAN
2017,10,1,23,0,NAN,NAN,NAN,NAN,NAN
2017,10,1,23,30,NAN,NAN,NAN,NAN,NAN
2017,10,1,24,0,NAN,NAN,NAN,NAN,NAN
2017,10,2,0,30,NAN,NAN,NAN,NAN,NAN
2017,10,2,1,0,NAN,NAN,NAN,NAN,NAN
2017,10,2,1,30,NAN,NAN,NAN,NAN,NAN
2017,10,2,2,0,NAN,NAN,NAN,NAN,NAN
2017,10,2,2,30,NAN,NAN,NAN,NAN,NAN
2017,10,2,3,0,NAN,NAN,NAN,NAN,NAN
2017,10,2,3,30,NAN,NAN,NAN,NAN,NAN
2017,10,2,4,0,NAN,NAN,NAN,NAN,NAN
2017,10,2,4,30,NAN,NAN,NAN,NAN,NAN
2017,10,2,5,0,NAN,NAN,NAN,NAN,NAN
2017,10,2,5,30,NAN,NAN,NAN,NAN,NAN
2017,10,2,6,0,NAN,NAN,NAN,NAN,NAN
2017,10,2,6,30,NAN,NAN,NAN,NAN,NAN
2017,10,2,7,0,NAN,NAN,NAN,NAN,NAN
2017,10,2,7,30,NAN,NAN,NAN,NAN,NAN
2017,10,2,8,0,NAN,NAN,NAN,NAN,NAN
2017,10,2,8,30,NAN,NAN,NAN,NAN,NAN
2017,10,2,9,0,NAN,NAN,NAN,NAN,NAN
2017,10,2,9,30,NAN,NAN,NAN,NAN,NAN
2017,10,2,10,0,NAN,NAN,NAN,NAN,NAN
2017,10,2,10,30,NAN,NAN,NAN,NAN,NAN
2017,10,2,11,0,NAN,NAN,NAN,NAN,NAN
2017,10,2,11,30,NAN,NAN,NAN,NAN,NAN
2017,10,2,12,0,NAN,NAN,NAN,NAN,NAN
2017,10,2,12,30,NAN,NAN,NAN,NAN,NAN
2017,10,2,13,0,NAN,NAN,NAN,NAN,NAN
2017,10,2,13,30,NAN,NAN,NAN,NAN,NAN
2017,10,2,14,0,NAN,NAN,NAN,NAN,NAN
2017,10,2,14,30,NAN,NAN,NAN,NAN,NAN
2017,10,2,15,0,NAN,NAN,NAN,NAN,NAN
2017,10,2,15,30,NAN,NAN,NAN,NAN,NAN
2017,10,2,16,0,NAN,NAN,NAN,NAN,NAN
2017,10,2,16,30,NAN,NAN,NAN,NAN,NAN
2017,10,2,17,0,NAN,NAN,NAN,NAN,NAN
2017,10,2,17,30,NAN,NAN,NAN,NAN,NAN
2017,10,2,18,0,NAN,NAN,NAN,NAN,NAN
2017,10,2,18,30,NAN,NAN,NAN,NAN,NAN
2017,10,2,19,0,NAN,NAN,NAN,NAN,NAN
2017,10,2,19,30,NAN,NAN,NAN,NAN,NAN
2017,10,2,20,0,NAN,NAN,NAN,NAN,NAN
2017,10,2,20,30,NAN,NAN,NAN,NAN,NAN
2017,10,2,21,0,NAN,NAN,NAN,NAN,NAN
2017,10,2,21,30,NAN,NAN,NAN,NAN,NAN
2017,10,2,22,0,NAN,NAN,NAN,NAN,NAN
2017,10,2,22,30,NAN,NAN,NAN,NAN,NAN
2017,10,2,23,0,NAN,NAN,NAN,NAN,NAN
2017,10,2,23,30,NAN,NAN,NAN,NAN,NAN
2017,10,2,24,0,NAN,NAN,NAN,NAN,NAN
2017,10,3,0,30,NAN,NAN,NAN,NAN,NAN
2017,10,3,1,0,NAN,NAN,NAN,NAN,NAN
2017,10,3,1,30,NAN,NAN,NAN,NAN,NAN
2017,10,3,2,0,NAN,NAN,NAN,NAN,NAN
2017,10,3,2,30,NAN,NAN,NAN,NAN,NAN
2017,10,3,3,0,NAN,NAN,NAN,NAN,NAN
2017,10,3,3,30,NAN,NAN,NAN,NAN,NAN
2017,10,3,4,0,NAN,NAN,NAN,NAN,NAN
2017,10,3,4,30,NAN,NAN,NAN,NAN,NAN
2017,10,3,5,0,NAN,NAN,NAN,NAN,NAN
2017,10,3,5,30,NAN,NAN,NAN,NAN,NAN
2017,10,3,6,0,NAN,NAN,NAN,NAN,NAN
2017,10,3,6,30,NAN,NAN,NAN,NAN,NAN
2017,10,3,7,0,NAN,NAN,NAN,NAN,NAN
2017,10,3,7,30,NAN,NAN,NAN,NAN,NAN
2017,10,3,8,0,NAN,NAN,NAN,NAN,NAN
2017,10,3,8,30,NAN,NAN,NAN,NAN,NAN
2017,10,3,9,0,NAN,NAN,NAN,NAN,NAN
2017,10,3,9,30,NAN,NAN,NAN,NAN,NAN
2017,10,3,10,0,NAN,NAN,NAN,NAN,NAN
2017,10,3,10,30,NAN,NAN,NAN,NAN,NAN
2017,10,3,11,0,NAN,NAN,NAN,NAN,NAN
2017,10,3,11,30,NAN,NAN,NAN,NAN,NAN
2017,10,3,12,0,NAN,NAN,NAN,NAN,NAN
2017,10,3,12,30,NAN,NAN,NAN,NAN,NAN
2017,10,3,13,0,NAN,NAN,NAN,NAN,NAN
2017,10,3,13,30,NAN,NAN,NAN,NAN,NAN
2017,10,3,14,0,NAN,NAN,NAN,NAN,NAN
2017,10,3,14,30,NAN,NAN,NAN,NAN,NAN
2017,10,3,15,0,NAN,NAN,NAN,NAN,NAN
2017,10,3,15,30,NAN,NAN,NAN,NAN,NAN
2017,10,3,16,0,NAN,NAN,NAN,NAN,NAN
2017,10,3,16,30,NAN,NAN,NAN,NAN,NAN
2017,10,3,17,0,NAN,NAN,NAN,NAN,NAN
2017,10,3,17,30,NAN,NAN,NAN,NAN,NAN
2017,10,3,18,0,NAN,NAN,NAN,NAN,NAN
2017,10,3,18,30,NAN,NAN,NAN,NAN,NAN
2017,10,3,19,0,NAN,NAN,NAN,NAN,NAN
2017,10,3,19,30,NAN,NAN,NAN,NAN,NAN
2017,10,3,20,0,NAN,NAN,NAN,NAN,NAN
2017,10,3,20,30,NAN,NAN,NAN,NAN,NAN
2017,10,3,21,0,NAN,NAN,NAN,NAN,NAN
2017,10,3,21,30,NAN,NAN,NAN,NAN,NAN
2017,10,3,22,0,NAN,NAN,NAN,NAN,NAN
2017,10,3,22,30,NAN,NAN,NAN,NAN,NAN
2017,10,3,23,0,NAN,NAN,NAN,NAN,NAN
2017,10,3,23,30,NAN,NAN,NAN,NAN,NAN
2017,10,3,24,0,NAN,NAN,NAN,NAN,NAN
2017,10,4,0,30,NAN,NAN,NAN,NAN,NAN
2017,10,4,1,0,NAN,NAN,NAN,NAN,NAN
2017,10,4,1,30,NAN,NAN,NAN,NAN,NAN
2017,10,4,2,0,NAN,NAN,NAN,NAN,NAN
2017,10,4,2,30,NAN,NAN,NAN,NAN,NAN
2017,10,4,3,0,NAN,NAN,NAN,NAN,NAN
2017,10,4,3,30,NAN,NAN,NAN,NAN,NAN
2017,10,4,4,0,NAN,NAN,NAN,NAN,NAN
2017,10,4,4,30,NAN,NAN,NAN,NAN,NAN
2017,10,4,5,0,NAN,NAN,NAN,NAN,NAN
2017,10,4,5,30,NAN,NAN,NAN,NAN,NAN
2017,10,4,6,0,NAN,NAN,NAN,NAN,NAN
2017,10,4,6,30,NAN,NAN,NAN,NAN,NAN
2017,10,4,7,0,NAN,NAN,NAN,NAN,NAN
2017,10,4,7,30,NAN,NAN,NAN,NAN,NAN
2017,10,4,8,0,NAN,NAN,NAN,NAN,NAN
2017,10,4,8,30,NAN,NAN,NAN,NAN,NAN
2017,10,4,9,0,NAN,NAN,NAN,NAN,NAN
2017,10,4,9,30,NAN,NAN,NAN,NAN,NAN
2017,10,4,10,0,NAN,NAN,NAN,NAN,NAN
2017,10,4,10,30,NAN,NAN,NAN,NAN,NAN
2017,10,4,11,0,NAN,NAN,NAN,NAN,NAN
2017,10,4,11,30,NAN,NAN,NAN,NAN,NAN
2017,10,4,12,0,NAN,NAN,NAN,NAN,NAN
2017,10,4,12,30,NAN,NAN,NAN,NAN,NAN
2017,10,4,13,0,NAN,NAN,NAN,NAN,NAN
2017,10,4,13,30,NAN,NAN,NAN,NAN,NAN
2017,10,4,14,0,NAN,NAN,NAN,NAN,NAN
2017,10,4,14,30,NAN,NAN,NAN,NAN,NAN
2017,10,4,15,0,NAN,NAN,NAN,NAN,NAN
2017,10,4,15,30,NAN,NAN,NAN,NAN,NAN
2017,10,4,16,0,NAN,NAN,NAN,NAN,NAN
2017,10,4,16,30,NAN,NAN,NAN,NAN,NAN
2017,10,4,17,0,NAN,NAN,NAN,NAN,NAN
2017,10,4,17,30,NAN,NAN,NAN,NAN,NAN
2017,10,4,18,0,NAN,NAN,NAN,NAN,NAN
2017,10,4,18,30,NAN,NAN,NAN,NAN,NAN
2017,10,4,19,0,NAN,NAN,NAN,NAN,NAN
2017,10,4,19,30,NAN,NAN,NAN,NAN,NAN
2017,10,4,20,0,NAN,NAN,NAN,NAN,NAN
2017,10,4,20,30,NAN,NAN,NAN,NAN,NAN
2017,10,4,21,0,NAN,NAN,NAN,NAN,NAN
2017,10,4,21,30,NAN,NAN,NAN,NAN,NAN
2017,10,4,22,0,NAN,NAN,NAN,NAN,NAN
2017,10,4,22,30,NAN,NAN,NAN,NAN,NAN
2017,10,4,23,0,NAN,NAN,NAN,NAN,NAN
2017,10,4,23,30,NAN,NAN,NAN,NAN,NAN
2017,10,4,24,0,NAN,NAN,NAN,NAN,NAN
2017,10,5,0,30,NAN,NAN,NAN,NAN,NAN
2017,10,5,1,0,NAN,NAN,NAN,NAN,NAN
2017,10,5,1,30,NAN,NAN,NAN,NAN,NAN
2017,10,5,2,0,NAN,NAN,NAN,NAN,NAN
2017,10,5,2,30,NAN,NAN,NAN,NAN,NAN
2017,10,5,3,0,NAN,NAN,NAN,NAN,NAN
2017,10,5,3,30,NAN,NAN,NAN,NAN,NAN
2017,10,5,4,0,NAN,NAN,NAN,NAN,NAN
2017,10,5,4,30,NAN,NAN,NAN,NAN,NAN
2017,10,5,5,0,NAN,NAN,NAN,NAN,NAN
2017,10,5,5,30,NAN,NAN,NAN,NAN,NAN
2017,10,5,6,0,NAN,NAN,NAN,NAN,NAN
2017,10,5,6,30,NAN,NAN,NAN,NAN,NAN
2017,10,5,7,0,NAN,NAN,NAN,NAN,NAN
2017,10,5,7,30,NAN,NAN,NAN,NAN,NAN
2017,10,5,8,0,NAN,NAN,NAN,NAN,NAN
2017,10,5,8,30,NAN,NAN,NAN,NAN,NAN
2017,10,5,9,0,NAN,NAN,NAN,NAN,NAN
2017,10,5,9,30,NAN,NAN,NAN,NAN,NAN
2017,10,5,10,0,NAN,NAN,NAN,NAN,NAN
2017,10,5,10,30,NAN,NAN,NAN,NAN,NAN
2017,10,5,11,0,NAN,NAN,NAN,NAN,NAN
2017,10,5,11,30,NAN,NAN,NAN,NAN,NAN
2017,10,5,12,0,NAN,NAN,NAN,NAN,NAN
2017,10,5,12,30,NAN,NAN,NAN,NAN,NAN
2017,10,5,13,0,NAN,NAN,NAN,NAN,NAN
2017,10,5,13,30,NAN,NAN,NAN,NAN,NAN
2017,10,5,14,0,NAN,NAN,NAN,NAN,NAN
2017,10,5,14,30,NAN,NAN,NAN,NAN,NAN
2017,10,5,15,0,NAN,NAN,NAN,NAN,NAN
2017,10,5,15,30,NAN,NAN,NAN,NAN,NAN
2017,10,5,16,0,NAN,NAN,NAN,NAN,NAN
2017,10,5,16,30,NAN,NAN,NAN,NAN,NAN
2017,10,5,17,0,NAN,NAN,NAN,NAN,NAN
2017,10,5,17,30,NAN,NAN,NAN,NAN,NAN
2017,10,5,18,0,NAN,NAN,NAN,NAN,NAN
2017,10,5,18,30,NAN,NAN,NAN,NAN,NAN
2017,10,5,19,0,NAN,NAN,NAN,NAN,NAN
2017,10,5,19,30,NAN,NAN,NAN,NAN,NAN
2017,10,5,20,0,NAN,NAN,NAN,NAN,NAN
2017,10,5,20,30,NAN,NAN,NAN,NAN,NAN
2017,10,5,21,0,NAN,NAN,NAN,NAN,NAN
2017,10,5,21,30,NAN,NAN,NAN,NAN,NAN
2017,10,5,22,0,NAN,NAN,NAN,NAN,NAN
2017,10,5,22,30,NAN,NAN,NAN,NAN,NAN
2017,10,5,23,0,NAN,NAN,NAN,NAN,NAN
2017,10,5,23,30,NAN,NAN,NAN,NAN,NAN
2017,10,5,24,0,NAN,NAN,NAN,NAN,NAN
2017,10,6,0,30,NAN,NAN,NAN,NAN,NAN
2017,10,6,1,0,NAN,NAN,NAN,NAN,NAN
2017,10,6,1,30,NAN,NAN,NAN,NAN,NAN
2017,10,6,2,0,NAN,NAN,NAN,NAN,NAN
2017,10,6,2,30,NAN,NAN,NAN,NAN,NAN
2017,10,6,3,0,NAN,NAN,NAN,NAN,NAN
2017,10,6,3,30,NAN,NAN,NAN,NAN,NAN
2017,10,6,4,0,NAN,NAN,NAN,NAN,NAN
2017,10,6,4,30,NAN,NAN,NAN,NAN,NAN
2017,10,6,5,0,NAN,NAN,NAN,NAN,NAN
2017,10,6,5,30,NAN,NAN,NAN,NAN,NAN
2017,10,6,6,0,NAN,NAN,NAN,NAN,NAN
2017,10,6,6,30,NAN,NAN,NAN,NAN,NAN
2017,10,6,7,0,NAN,NAN,NAN,NAN,NAN
2017,10,6,7,30,NAN,NAN,NAN,NAN,NAN
2017,10,6,8,0,NAN,NAN,NAN,NAN,NAN
2017,10,6,8,30,NAN,NAN,NAN,NAN,NAN
2017,10,6,9,0,NAN,NAN,NAN,NAN,NAN
2017,10,6,9,30,NAN,NAN,NAN,NAN,NAN
2017,10,6,10,0,NAN,NAN,NAN,NAN,NAN
2017,10,6,10,30,NAN,NAN,NAN,NAN,NAN
2017,10,6,11,0,NAN,NAN,NAN,NAN,NAN
2017,10,6,11,30,NAN,NAN,NAN,NAN,NAN
2017,10,6,12,0,NAN,NAN,NAN,NAN,NAN
2017,10,6,12,30,NAN,NAN,NAN,NAN,NAN
2017,10,6,13,0,NAN,NAN,NAN,NAN,NAN
2017,10,6,13,30,NAN,NAN,NAN,NAN,NAN
2017,10,6,14,0,NAN,NAN,NAN,NAN,NAN
2017,10,6,14,30,NAN,NAN,NAN,NAN,NAN
2017,10,6,15,0,NAN,NAN,NAN,NAN,NAN
2017,10,6,15,30,NAN,NAN,NAN,NAN,NAN
2017,10,6,16,0,NAN,NAN,NAN,NAN,NAN
2017,10,6,16,30,NAN,NAN,NAN,NAN,NAN
2017,10,6,17,0,NAN,NAN,NAN,NAN,NAN
2017,10,6,17,30,NAN,NAN,NAN,NAN,NAN
2017,10,6,18,0,NAN,NAN,NAN,NAN,NAN
2017,10,6,18,30,NAN,NAN,NAN,NAN,NAN
2017,10,6,19,0,NAN,NAN,NAN,NAN,NAN
2017,10,6,19,30,NAN,NAN,NAN,NAN,NAN
2017,10,6,20,0,NAN,NAN,NAN,NAN,NAN
2017,10,6,20,30,NAN,NAN,NAN,NAN,NAN
2017,10,6,21,0,NAN,NAN,NAN,NAN,NAN
2017,10,6,21,30,NAN,NAN,NAN,NAN,NAN
2017,10,6,22,0,NAN,NAN,NAN,NAN,NAN
2017,10,6,22,30,NAN,NAN,NAN,NAN,NAN
2017,10,6,23,0,NAN,NAN,NAN,NAN,NAN
2017,10,6,23,30,NAN,NAN,NAN,NAN,NAN
2017,10,6,24,0,NAN,NAN,NAN,NAN,NAN
2017,10,7,0,30,NAN,NAN,NAN,NAN,NAN
2017,10,7,1,0,NAN,NAN,NAN,NAN,NAN
2017,10,7,1,30,NAN,NAN,NAN,NAN,NAN
2017,10,7,2,0,NAN,NAN,NAN,NAN,NAN
2017,10,7,2,30,NAN,NAN,NAN,NAN,NAN
2017,10,7,3,0,NAN,NAN,NAN,NAN,NAN
2017,10,7,3,30,NAN,NAN,NAN,NAN,NAN
2017,10,7,4,0,NAN,NAN,NAN,NAN,NAN
2017,10,7,4,30,NAN,NAN,NAN,NAN,NAN
2017,10,7,5,0,NAN,NAN,NAN,NAN,NAN
2017,10,7,5,30,NAN,NAN,NAN,NAN,NAN
2017,10,7,6,0,NAN,NAN,NAN,NAN,NAN
2017,10,7,6,30,NAN,NAN,NAN,NAN,NAN
2017,10,7,7,0,NAN,NAN,NAN,NAN,NAN
2017,10,7,7,30,NAN,NAN,NAN,NAN,NAN
2017,10,7,8,0,NAN,NAN,NAN,NAN,NAN
2017,10,7,8,30,NAN,NAN,NAN,NAN,NAN
2017,10,7,9,0,NAN,NAN,NAN,NAN,NAN
2017,10,7,9,30,NAN,NAN,NAN,NAN,NAN
2017,10,7,10,0,NAN,NAN,NAN,NAN,NAN
2017,10,7,10,30,NAN,NAN,NAN,NAN,NAN
2017,10,7,11,0,NAN,NAN,NAN,NAN,NAN
2017,10,7,11,30,NAN,NAN,NAN,NAN,NAN
2017,10,7,12,0,NAN,NAN,NAN,NAN,NAN
2017,10,7,12,30,NAN,NAN,NAN,NAN,NAN
2017,10,7,13,0,NAN,NAN,NAN,NAN,NAN
2017,10,7,13,30,NAN,NAN,NAN,NAN,NAN
2017,10,7,14,0,NAN,NAN,NAN,NAN,NAN
2017,10,7,14,30,NAN,NAN,NAN,NAN,NAN
2017,10,7,15,0,NAN,NAN,NAN,NAN,NAN
2017,10,7,15,30,NAN,NAN,NAN,NAN,NAN
2017,10,7,16,0,NAN,NAN,NAN,NAN,NAN
2017,10,7,16,30,NAN,NAN,NAN,NAN,NAN
2017,10,7,17,0,NAN,NAN,NAN,NAN,NAN
2017,10,7,17,30,NAN,NAN,NAN,NAN,NAN
2017,10,7,18,0,NAN,NAN,NAN,NAN,NAN
2017,10,7,18,30,NAN,NAN,NAN,NAN,NAN
2017,10,7,19,0,NAN,NAN,NAN,NAN,NAN
2017,10,7,19,30,NAN,NAN,NAN,NAN,NAN
2017,10,7,20,0,NAN,NAN,NAN,NAN,NAN
2017,10,7,20,30,NAN,NAN,NAN,NAN,NAN
2017,10,7,21,0,NAN,NAN,NAN,NAN,NAN
2017,10,7,21,30,NAN,NAN,NAN,NAN,NAN
2017,10,7,22,0,NAN,NAN,NAN,NAN,NAN
2017,10,7,22,30,NAN,NAN,NAN,NAN,NAN
2017,10,7,23,0,NAN,NAN,NAN,NAN,NAN
2017,10,7,23,30,NAN,NAN,NAN,NAN,NAN
2017,10,7,24,0,NAN,NAN,NAN,NAN,NAN
2017,10,8,0,30,NAN,NAN,NAN,NAN,NAN
2017,10,8,1,0,NAN,NAN,NAN,NAN,NAN
2017,10,8,1,30,NAN,NAN,NAN,NAN,NAN
2017,10,8,2,0,NAN,NAN,NAN,NAN,NAN
2017,10,8,2,30,NAN,NAN,NAN,NAN,NAN
2017,10,8,3,0,NAN,NAN,NAN,NAN,NAN
2017,10,8,3,30,NAN,NAN,NAN,NAN,NAN
2017,10,8,4,0,NAN,NAN,NAN,NAN,NAN
2017,10,8,4,30,NAN,NAN,NAN,NAN,NAN
2017,10,8,5,0,NAN,NAN,NAN,NAN,NAN
2017,10,8,5,30,NAN,NAN,NAN,NAN,NAN
2017,10,8,6,0,NAN,NAN,NAN,NAN,NAN
2017,10,8,6,30,NAN,NAN,NAN,NAN,NAN
2017,10,8,7,0,NAN,NAN,NAN,NAN,NAN
2017,10,8,7,30,NAN,NAN,NAN,NAN,NAN
2017,10,8,8,0,NAN,NAN,NAN,NAN,NAN
2017,10,8,8,30,NAN,NAN,NAN,NAN,NAN
2017,10,8,9,0,NAN,NAN,NAN,NAN,NAN
2017,10,8,9,30,NAN,NAN,NAN,NAN,NAN
2017,10,8,10,0,NAN,NAN,NAN,NAN,NAN
2017,10,8,10,30,NAN,NAN,NAN,NAN,NAN
2017,10,8,11,0,NAN,NAN,NAN,NAN,NAN
2017,10,8,11,30,NAN,NAN,NAN,NAN,NAN
2017,10,8,12,0,NAN,NAN,NAN,NAN,NAN
2017,10,8,12,30,NAN,NAN,NAN,NAN,NAN
2017,10,8,13,0,NAN,NAN,NAN,NAN,NAN
2017,10,8,13,30,NAN,NAN,NAN,NAN,NAN
2017,10,8,14,0,NAN,NAN,NAN,NAN,NAN
2017,10,8,14,30,NAN,NAN,NAN,NAN,NAN
2017,10,8,15,0,NAN,NAN,NAN,NAN,NAN
2017,10,8,15,30,NAN,NAN,NAN,NAN,NAN
2017,10,8,16,0,NAN,NAN,NAN,NAN,NAN
2017,10,8,16,30,NAN,NAN,NAN,NAN,NAN
2017,10,8,17,0,NAN,NAN,NAN,NAN,NAN
2017,10,8,17,30,NAN,NAN,NAN,NAN,NAN
2017,10,8,18,0,NAN,NAN,NAN,NAN,NAN
2017,10,8,18,30,NAN,NAN,NAN,NAN,NAN
2017,10,8,19,0,NAN,NAN,NAN,NAN,NAN
2017,10,8,19,30,NAN,NAN,NAN,NAN,NAN
2017,10,8,20,0,NAN,NAN,NAN,NAN,NAN
2017,10,8,20,30,NAN,NAN,NAN,NAN,NAN
2017,10,8,21,0,NAN,NAN,NAN,NAN,NAN
2017,10,8,21,30,NAN,NAN,NAN,NAN,NAN
2017,10,8,22,0,NAN,NAN,NAN,NAN,NAN
2017,10,8,22,30,NAN,NAN,NAN,NAN,NAN
2017,10,8,23,0,NAN,NAN,NAN,NAN,NAN
2017,10,8,23,30,NAN,NAN,NAN,NAN,NAN
2017,10,8,24,0,NAN,NAN,NAN,NAN,NAN
2017,10,9,0,30,NAN,NAN,NAN,NAN,NAN
2017,10,9,1,0,NAN,NAN,NAN,NAN,NAN
2017,10,9,1,30,NAN,NAN,NAN,NAN,NAN
2017,10,9,2,0,NAN,NAN,NAN,NAN,NAN
2017,10,9,2,30,NAN,NAN,NAN,NAN,NAN
2017,10,9,3,0,NAN,NAN,NAN,NAN,NAN
2017,10,9,3,30,NAN,NAN,NAN,NAN,NAN
2017,10,9,4,0,NAN,NAN,NAN,NAN,NAN
2017,10,9,4,30,NAN,NAN,NAN,NAN,NAN
2017,10,9,5,0,NAN,NAN,NAN,NAN,NAN
2017,10,9,5,30,NAN,NAN,NAN,NAN,NAN
2017,10,9,6,0,NAN,NAN,NAN,NAN,NAN
2017,10,9,6,30,NAN,NAN,NAN,NAN,NAN
2017,10,9,7,0,NAN,NAN,NAN,NAN,NAN
2017,10,9,7,30,NAN,NAN,NAN,NAN,NAN
2017,10,9,8,0,NAN,NAN,NAN,NAN,NAN
2017,10,9,8,30,NAN,NAN,NAN,NAN,NAN
2017,10,9,9,0,NAN,NAN,NAN,NAN,NAN
2017,10,9,9,30,NAN,NAN,NAN,NAN,NAN
2017,10,9,10,0,NAN,NAN,NAN,NAN,NAN
2017,10,9,10,30,NAN,NAN,NAN,NAN,NAN
2017,10,9,11,0,NAN,NAN,NAN,NAN,NAN
2017,10,9,11,30,NAN,NAN,NAN,NAN,NAN
2017,10,9,12,0,NAN,NAN,NAN,NAN,NAN
2017,10,9,12,30,NAN,NAN,NAN,NAN,NAN
2017,10,9,13,0,NAN,NAN,NAN,NAN,NAN
2017,10,9,13,30,NAN,NAN,NAN,NAN,NAN
2017,10,9,14,0,NAN,NAN,NAN,NAN,NAN
2017,10,9,14,30,NAN,NAN,NAN,NAN,NAN
2017,10,9,15,0,NAN,NAN,NAN,NAN,NAN
2017,10,9,15,30,NAN,NAN,NAN,NAN,NAN
2017,10,9,16,0,NAN,NAN,NAN,NAN,NAN
2017,10,9,16,30,NAN,NAN,NAN,NAN,NAN
2017,10,9,17,0,NAN,NAN,NAN,NAN,NAN
2017,10,9,17,30,NAN,NAN,NAN,NAN,NAN
2017,10,9,18,0,NAN,NAN,NAN,NAN,NAN
2017,10,9,18,30,NAN,NAN,NAN,NAN,NAN
2017,10,9,19,0,NAN,NAN,NAN,NAN,NAN
2017,10,9,19,30,NAN,NAN,NAN,NAN,NAN
2017,10,9,20,0,NAN,NAN,NAN,NAN,NAN
2017,10,9,20,30,NAN,NAN,NAN,NAN,NAN
2017,10,9,21,0,NAN,NAN,NAN,NAN,NAN
2017,10,9,21,30,NAN,NAN,NAN,NAN,NAN
2017,10,9,22,0,NAN,NAN,NAN,NAN,NAN
2017,10,9,22,30,NAN,NAN,NAN,NAN,NAN
2017,10,9,23,0,NAN,NAN,NAN,NAN,NAN
2017,10,9,23,30,NAN,NAN,NAN,NAN,NAN
2017,10,9,24,0,NAN,NAN,NAN,NAN,NAN
2017,10,10,0,30,NAN,NAN,NAN,NAN,NAN
2017,10,10,1,0,NAN,NAN,NAN,NAN,NAN
2017,10,10,1,30,NAN,NAN,NAN,NAN,NAN
2017,10,10,2,0,NAN,NAN,NAN,NAN,NAN
2017,10,10,2,30,NAN,NAN,NAN,NAN,NAN
2017,10,10,3,0,NAN,NAN,NAN,NAN,NAN
2017,10,10,3,30,NAN,NAN,NAN,NAN,NAN
2017,10,10,4,0,NAN,NAN,NAN,NAN,NAN
2017,10,10,4,30,NAN,NAN,NAN,NAN,NAN
2017,10,10,5,0,NAN,NAN,NAN,NAN,NAN
2017,10,10,5,30,NAN,NAN,NAN,NAN,NAN
2017,10,10,6,0,NAN,NAN,NAN,NAN,NAN
2017,10,10,6,30,NAN,NAN,NAN,NAN,NAN
2017,10,10,7,0,NAN,NAN,NAN,NAN,NAN
2017,10,10,7,30,NAN,NAN,NAN,NAN,NAN
2017,10,10,8,0,NAN,NAN,NAN,NAN,NAN
2017,10,10,8,30,NAN,NAN,NAN,NAN,NAN
2017,10,10,9,0,NAN,NAN,NAN,NAN,NAN
2017,10,10,9,30,NAN,NAN,NAN,NAN,NAN
2017,10,10,10,0,NAN,NAN,NAN,NAN,NAN
2017,10,10,10,30,NAN,NAN,NAN,NAN,NAN
2017,10,10,11,0,NAN,NAN,NAN,NAN,NAN
2017,10,10,11,30,NAN,NAN,NAN,NAN,NAN
2017,10,10,12,0,NAN,NAN,NAN,NAN,NAN
2017,10,10,12,30,NAN,NAN,NAN,NAN,NAN
2017,10,10,13,0,NAN,NAN,NAN,NAN,NAN
2017,10,10,13,30,NAN,NAN,NAN,NAN,NAN
2017,10,10,14,0,NAN,NAN,NAN,NAN,NAN
2017,10,10,14,30,NAN,NAN,NAN,NAN,NAN
2017,10,10,15,0,NAN,NAN,NAN,NAN,NAN
2017,10,10,15,30,NAN,NAN,NAN,NAN,NAN
2017,10,10,16,0,NAN,NAN,NAN,NAN,NAN
2017,10,10,16,30,NAN,NAN,NAN,NAN,NAN
2017,10,10,17,0,NAN,NAN,NAN,NAN,NAN
2017,10,10,17,30,NAN,NAN,NAN,NAN,NAN
2017,10,10,18,0,NAN,NAN,NAN,NAN,NAN
2017,10,10,18,30,NAN,NAN,NAN,NAN,NAN
2017,10,10,19,0,NAN,NAN,NAN,NAN,NAN
2017,10,10,19,30,NAN,NAN,NAN,NAN,NAN
2017,10,10,20,0,NAN,NAN,NAN,NAN,NAN
2017,10,10,20,30,NAN,NAN,NAN,NAN,NAN
2017,10,10,21,0,NAN,NAN,NAN,NAN,NAN
2017,10,10,21,30,NAN,NAN,NAN,NAN,NAN
2017,10,10,22,0,NAN,NAN,NAN,NAN,NAN
2017,10,10,22,30,NAN,NAN,NAN,NAN,NAN
2017,10,10,23,0,NAN,NAN,NAN,NAN,NAN
2017,10,10,23,30,NAN,NAN,NAN,NAN,NAN
2017,10,10,24,0,NAN,NAN,NAN,NAN,NAN
2017,10,11,0,30,NAN,NAN,NAN,NAN,NAN
2017,10,11,1,0,NAN,NAN,NAN,NAN,NAN
2017,10,11,1,30,NAN,NAN,NAN,NAN,NAN
2017,10,11,2,0,NAN,NAN,NAN,NAN,NAN
2017,10,11,2,30,NAN,NAN,NAN,NAN,NAN
2017,10,11,3,0,NAN,NAN,NAN,NAN,NAN
2017,10,11,3,30,NAN,NAN,NAN,NAN,NAN
2017,10,11,4,0,NAN,NAN,NAN,NAN,NAN
2017,10,11,4,30,NAN,NAN,NAN,NAN,NAN
2017,10,11,5,0,NAN,NAN,NAN,NAN,NAN
2017,10,11,5,30,NAN,NAN,NAN,NAN,NAN
2017,10,11,6,0,NAN,NAN,NAN,NAN,NAN
2017,10,11,6,30,NAN,NAN,NAN,NAN,NAN
2017,10,11,7,0,NAN,NAN,NAN,NAN,NAN
2017,10,11,7,30,NAN,NAN,NAN,NAN,NAN
2017,10,11,8,0,NAN,NAN,NAN,NAN,NAN
2017,10,11,8,30,NAN,NAN,NAN,NAN,NAN
2017,10,11,9,0,NAN,NAN,NAN,NAN,NAN
2017,10,11,9,30,NAN,NAN,NAN,NAN,NAN
2017,10,11,10,0,NAN,NAN,NAN,NAN,NAN
2017,10,11,10,30,NAN,NAN,NAN,NAN,NAN
2017,10,11,11,0,NAN,NAN,NAN,NAN,NAN
2017,10,11,11,30,NAN,NAN,NAN,NAN,NAN
2017,10,11,12,0,NAN,NAN,NAN,NAN,NAN
2017,10,11,12,30,NAN,NAN,NAN,NAN,NAN
2017,10,11,13,0,NAN,NAN,NAN,NAN,NAN
2017,10,11,13,30,NAN,NAN,NAN,NAN,NAN
2017,10,11,14,0,NAN,NAN,NAN,NAN,NAN
2017,10,11,14,30,NAN,NAN,NAN,NAN,NAN
2017,10,11,15,0,NAN,NAN,NAN,NAN,NAN
2017,10,11,15,30,NAN,NAN,NAN,NAN,NAN
2017,10,11,16,0,NAN,NAN,NAN,NAN,NAN
2017,10,11,16,30,NAN,NAN,NAN,NAN,NAN
2017,10,11,17,0,NAN,NAN,NAN,NAN,NAN
2017,10,11,17,30,NAN,NAN,NAN,NAN,NAN
2017,10,11,18,0,NAN,NAN,NAN,NAN,NAN
2017,10,11,18,30,NAN,NAN,NAN,NAN,NAN
2017,10,11,19,0,NAN,NAN,NAN,NAN,NAN
2017,10,11,19,30,NAN,NAN,NAN,NAN,NAN
2017,10,11,20,0,NAN,NAN,NAN,NAN,NAN
2017,10,11,20,30,NAN,NAN,NAN,NAN,NAN
2017,10,11,21,0,NAN,NAN,NAN,NAN,NAN
2017,10,11,21,30,NAN,NAN,NAN,NAN,NAN
2017,10,11,22,0,NAN,NAN,NAN,NAN,NAN
2017,10,11,22,30,NAN,NAN,NAN,NAN,NAN
2017,10,11,23,0,NAN,NAN,NAN,NAN,NAN
2017,10,11,23,30,NAN,NAN,NAN,NAN,NAN
2017,10,11,24,0,NAN,NAN,NAN,NAN,NAN
2017,10,12,0,30,NAN,NAN,NAN,NAN,NAN
2017,10,12,1,0,NAN,NAN,NAN,NAN,NAN
2017,10,12,1,30,NAN,NAN,NAN,NAN,NAN
2017,10,12,2,0,NAN,NAN,NAN,NAN,NAN
2017,10,12,2,30,NAN,NAN,NAN,NAN,NAN
2017,10,12,3,0,NAN,NAN,NAN,NAN,NAN
2017,10,12,3,30,NAN,NAN,NAN,NAN,NAN
2017,10,12,4,0,NAN,NAN,NAN,NAN,NAN
2017,10,12,4,30,NAN,NAN,NAN,NAN,NAN
2017,10,12,5,0,NAN,NAN,NAN,NAN,NAN
2017,10,12,5,30,NAN,NAN,NAN,NAN,NAN
2017,10,12,6,0,NAN,NAN,NAN,NAN,NAN
2017,10,12,6,30,NAN,NAN,NAN,NAN,NAN
2017,10,12,7,0,NAN,NAN,NAN,NAN,NAN
2017,10,12,7,30,NAN,NAN,NAN,NAN,NAN
2017,10,12,8,0,NAN,NAN,NAN,NAN,NAN
2017,10,12,8,30,NAN,NAN,NAN,NAN,NAN
2017,10,12,9,0,NAN,NAN,NAN,NAN,NAN
2017,10,12,9,30,NAN,NAN,NAN,NAN,NAN
2017,10,12,10,0,NAN,NAN,NAN,NAN,NAN
2017,10,12,10,30,NAN,NAN,NAN,NAN,NAN
2017,10,12,11,0,NAN,NAN,NAN,NAN,NAN
2017,10,12,11,30,NAN,NAN,NAN,NAN,NAN
2017,10,12,12,0,NAN,NAN,NAN,NAN,NAN
2017,10,12,12,30,NAN,NAN,NAN,NAN,NAN
2017,10,12,13,0,NAN,NAN,NAN,NAN,NAN
2017,10,12,13,30,NAN,NAN,NAN,NAN,NAN
2017,10,12,14,0,NAN,NAN,NAN,NAN,NAN
2017,10,12,14,30,NAN,NAN,NAN,NAN,NAN
2017,10,12,15,0,NAN,NAN,NAN,NAN,NAN
2017,10,12,15,30,NAN,NAN,NAN,NAN,NAN
2017,10,12,16,0,NAN,NAN,NAN,NAN,NAN
2017,10,12,16,30,NAN,NAN,NAN,NAN,NAN
2017,10,12,17,0,NAN,NAN,NAN,NAN,NAN
2017,10,12,17,30,NAN,NAN,NAN,NAN,NAN
2017,10,12,18,0,NAN,NAN,NAN,NAN,NAN
2017,10,12,18,30,NAN,NAN,NAN,NAN,NAN
2017,10,12,19,0,NAN,NAN,NAN,NAN,NAN
2017,10,12,19,30,NAN,NAN,NAN,NAN,NAN
2017,10,12,20,0,NAN,NAN,NAN,NAN,NAN
2017,10,12,20,30,NAN,NAN,NAN,NAN,NAN
2017,10,12,21,0,NAN,NAN,NAN,NAN,NAN
2017,10,12,21,30,NAN,NAN,NAN,NAN,NAN
2017,10,12,22,0,NAN,NAN,NAN,NAN,NAN
2017,10,12,22,30,NAN,NAN,NAN,NAN,NAN
2017,10,12,23,0,NAN,NAN,NAN,NAN,NAN
2017,10,12,23,30,NAN,NAN,NAN,NAN,NAN
2017,10,12,24,0,NAN,NAN,NAN,NAN,NAN
2017,10,13,0,30,NAN,NAN,NAN,NAN,NAN
2017,10,13,1,0,NAN,NAN,NAN,NAN,NAN
2017,10,13,1,30,NAN,NAN,NAN,NAN,NAN
2017,10,13,2,0,NAN,NAN,NAN,NAN,NAN
2017,10,13,2,30,NAN,NAN,NAN,NAN,NAN
2017,10,13,3,0,NAN,NAN,NAN,NAN,NAN
2017,10,13,3,30,NAN,NAN,NAN,NAN,NAN
2017,10,13,4,0,NAN,NAN,NAN,NAN,NAN
2017,10,13,4,30,NAN,NAN,NAN,NAN,NAN
2017,10,13,5,0,NAN,NAN,NAN,NAN,NAN
2017,10,13,5,30,NAN,NAN,NAN,NAN,NAN
2017,10,13,6,0,NAN,NAN,NAN,NAN,NAN
2017,10,13,6,30,NAN,NAN,NAN,NAN,NAN
2017,10,13,7,0,NAN,NAN,NAN,NAN,NAN
2017,10,13,7,30,NAN,NAN,NAN,NAN,NAN
2017,10,13,8,0,NAN,NAN,NAN,NAN,NAN
2017,10,13,8,30,NAN,NAN,NAN,NAN,NAN
2017,10,13,9,0,NAN,NAN,NAN,NAN,NAN
2017,10,13,9,30,NAN,NAN,NAN,NAN,NAN
2017,10,13,10,0,NAN,NAN,NAN,NAN,NAN
2017,10,13,10,30,NAN,NAN,NAN,NAN,NAN
2017,10,13,11,0,NAN,NAN,NAN,NAN,NAN
2017,10,13,11,30,NAN,NAN,NAN,NAN,NAN
2017,10,13,12,0,NAN,NAN,NAN,NAN,NAN
2017,10,13,12,30,NAN,NAN,NAN,NAN,NAN
2017,10,13,13,0,NAN,NAN,NAN,NAN,NAN
2017,10,13,13,30,NAN,NAN,NAN,NAN,NAN
2017,10,13,14,0,NAN,NAN,NAN,NAN,NAN
2017,10,13,14,30,NAN,NAN,NAN,NAN,NAN
2017,10,13,15,0,NAN,NAN,NAN,NAN,NAN
2017,10,13,15,30,NAN,NAN,NAN,NAN,NAN
2017,10,13,16,0,NAN,NAN,NAN,NAN,NAN
2017,10,13,16,30,NAN,NAN,NAN,NAN,NAN
2017,10,13,17,0,NAN,NAN,NAN,NAN,NAN
2017,10,13,17,30,NAN,NAN,NAN,NAN,NAN
2017,10,13,18,0,NAN,NAN,NAN,NAN,NAN
2017,10,13,18,30,NAN,NAN,NAN,NAN,NAN
2017,10,13,19,0,NAN,NAN,NAN,NAN,NAN
2017,10,13,19,30,NAN,NAN,NAN,NAN,NAN
2017,10,13,20,0,NAN,NAN,NAN,NAN,NAN
2017,10,13,20,30,NAN,NAN,NAN,NAN,NAN
2017,10,13,21,0,NAN,NAN,NAN,NAN,NAN
2017,10,13,21,30,NAN,NAN,NAN,NAN,NAN
2017,10,13,22,0,NAN,NAN,NAN,NAN,NAN
2017,10,13,22,30,NAN,NAN,NAN,NAN,NAN
2017,10,13,23,0,NAN,NAN,NAN,NAN,NAN
2017,10,13,23,30,NAN,NAN,NAN,NAN,NAN
2017,10,13,24,0,NAN,NAN,NAN,NAN,NAN
2017,10,14,0,30,NAN,NAN,NAN,NAN,NAN
2017,10,14,1,0,NAN,NAN,NAN,NAN,NAN
2017,10,14,1,30,NAN,NAN,NAN,NAN,NAN
2017,10,14,2,0,NAN,NAN,NAN,NAN,NAN
2017,10,14,2,30,NAN,NAN,NAN,NAN,NAN
2017,10,14,3,0,NAN,NAN,NAN,NAN,NAN
2017,10,14,3,30,NAN,NAN,NAN,NAN,NAN
2017,10,14,4,0,NAN,NAN,NAN,NAN,NAN
2017,10,14,4,30,NAN,NAN,NAN,NAN,NAN
2017,10,14,5,0,NAN,NAN,NAN,NAN,NAN
2017,10,14,5,30,NAN,NAN,NAN,NAN,NAN
2017,10,14,6,0,NAN,NAN,NAN,NAN,NAN
2017,10,14,6,30,NAN,NAN,NAN,NAN,NAN
2017,10,14,7,0,NAN,NAN,NAN,NAN,NAN
2017,10,14,7,30,NAN,NAN,NAN,NAN,NAN
2017,10,14,8,0,NAN,NAN,NAN,NAN,NAN
2017,10,14,8,30,NAN,NAN,NAN,NAN,NAN
2017,10,14,9,0,NAN,NAN,NAN,NAN,NAN
2017,10,14,9,30,NAN,NAN,NAN,NAN,NAN
2017,10,14,10,0,NAN,NAN,NAN,NAN,NAN
2017,10,14,10,30,NAN,NAN,NAN,NAN,NAN
2017,10,14,11,0,NAN,NAN,NAN,NAN,NAN
2017,10,14,11,30,NAN,NAN,NAN,NAN,NAN
2017,10,14,12,0,NAN,NAN,NAN,NAN,NAN
2017,10,14,12,30,NAN,NAN,NAN,NAN,NAN
2017,10,14,13,0,NAN,NAN,NAN,NAN,NAN
2017,10,14,13,30,NAN,NAN,NAN,NAN,NAN
2017,10,14,14,0,NAN,NAN,NAN,NAN,NAN
2017,10,14,14,30,NAN,NAN,NAN,NAN,NAN
2017,10,14,15,0,NAN,NAN,NAN,NAN,NAN
2017,10,14,15,30,NAN,NAN,NAN,NAN,NAN
2017,10,14,16,0,NAN,NAN,NAN,NAN,NAN
2017,10,14,16,30,NAN,NAN,NAN,NAN,NAN
2017,10,14,17,0,NAN,NAN,NAN,NAN,NAN
2017,10,14,17,30,NAN,NAN,NAN,NAN,NAN
2017,10,14,18,0,NAN,NAN,NAN,NAN,NAN
2017,10,14,18,30,NAN,NAN,NAN,NAN,NAN
2017,10,14,19,0,NAN,NAN,NAN,NAN,NAN
2017,10,14,19,30,NAN,NAN,NAN,NAN,NAN
2017,10,14,20,0,NAN,NAN,NAN,NAN,NAN
2017,10,14,20,30,NAN,NAN,NAN,NAN,NAN
2017,10,14,21,0,NAN,NAN,NAN,NAN,NAN
2017,10,14,21,30,NAN,NAN,NAN,NAN,NAN
2017,10,14,22,0,NAN,NAN,NAN,NAN,NAN
2017,10,14,22,30,NAN,NAN,NAN,NAN,NAN
2017,10,14,23,0,NAN,NAN,NAN,NAN,NAN
2017,10,14,23,30,NAN,NAN,NAN,NAN,NAN
2017,10,14,24,0,NAN,NAN,NAN,NAN,NAN
2017,10,15,0,30,NAN,NAN,NAN,NAN,NAN
2017,10,15,1,0,NAN,NAN,NAN,NAN,NAN
2017,10,15,1,30,NAN,NAN,NAN,NAN,NAN
2017,10,15,2,0,NAN,NAN,NAN,NAN,NAN
2017,10,15,2,30,NAN,NAN,NAN,NAN,NAN
2017,10,15,3,0,NAN,NAN,NAN,NAN,NAN
2017,10,15,3,30,NAN,NAN,NAN,NAN,NAN
2017,10,15,4,0,NAN,NAN,NAN,NAN,NAN
2017,10,15,4,30,NAN,NAN,NAN,NAN,NAN
2017,10,15,5,0,NAN,NAN,NAN,NAN,NAN
2017,10,15,5,30,NAN,NAN,NAN,NAN,NAN
2017,10,15,6,0,NAN,NAN,NAN,NAN,NAN
2017,10,15,6,30,NAN,NAN,NAN,NAN,NAN
2017,10,15,7,0,NAN,NAN,NAN,NAN,NAN
2017,10,15,7,30,NAN,NAN,NAN,NAN,NAN
2017,10,15,8,0,NAN,NAN,NAN,NAN,NAN
2017,10,15,8,30,NAN,NAN,NAN,NAN,NAN
2017,10,15,9,0,NAN,NAN,NAN,NAN,NAN
2017,10,15,9,30,NAN,NAN,NAN,NAN,NAN
2017,10,15,10,0,NAN,NAN,NAN,NAN,NAN
2017,10,15,10,30,NAN,NAN,NAN,NAN,NAN
2017,10,15,11,0,NAN,NAN,NAN,NAN,NAN
2017,10,15,11,30,NAN,NAN,NAN,NAN,NAN
2017,10,15,12,0,NAN,NAN,NAN,NAN,NAN
2017,10,15,12,30,NAN,NAN,NAN,NAN,NAN
2017,10,15,13,0,NAN,NAN,NAN,NAN,NAN
2017,10,15,13,30,NAN,NAN,NAN,NAN,NAN
2017,10,15,14,0,NAN,NAN,NAN,NAN,NAN
2017,10,15,14,30,NAN,NAN,NAN,NAN,NAN
2017,10,15,15,0,NAN,NAN,NAN,NAN,NAN
2017,10,15,15,30,NAN,NAN,NAN,NAN,NAN
2017,10,15,16,0,NAN,NAN,NAN,NAN,NAN
2017,10,15,16,30,NAN,NAN,NAN,NAN,NAN
2017,10,15,17,0,NAN,NAN,NAN,NAN,NAN
2017,10,15,17,30,NAN,NAN,NAN,NAN,NAN
2017,10,15,18,0,NAN,NAN,NAN,NAN,NAN
2017,10,15,18,30,NAN,NAN,NAN,NAN,NAN
2017,10,15,19,0,NAN,NAN,NAN,NAN,NAN
2017,10,15,19,30,NAN,NAN,NAN,NAN,NAN
2017,10,15,20,0,NAN,NAN,NAN,NAN,NAN
2017,10,15,20,30,NAN,NAN,NAN,NAN,NAN
2017,10,15,21,0,NAN,NAN,NAN,NAN,NAN
2017,10,15,21,30,NAN,NAN,NAN,NAN,NAN
2017,10,15,22,0,NAN,NAN,NAN,NAN,NAN
2017,10,15,22,30,NAN,NAN,NAN,NAN,NAN
2017,10,15,23,0,NAN,NAN,NAN,NAN,NAN
2017,10,15,23,30,NAN,NAN,NAN,NAN,NAN
2017,10,15,24,0,NAN,NAN,NAN,NAN,NAN
2017,10,16,0,30,NAN,NAN,NAN,NAN,NAN
2017,10,16,1,0,NAN,NAN,NAN,NAN,NAN
2017,10,16,1,30,NAN,NAN,NAN,NAN,NAN
2017,10,16,2,0,NAN,NAN,NAN,NAN,NAN
2017,10,16,2,30,NAN,NAN,NAN,NAN,NAN
2017,10,16,3,0,NAN,NAN,NAN,NAN,NAN
2017,10,16,3,30,NAN,NAN,NAN,NAN,NAN
2017,10,16,4,0,NAN,NAN,NAN,NAN,NAN
2017,10,16,4,30,NAN,NAN,NAN,NAN,NAN
2017,10,16,5,0,NAN,NAN,NAN,NAN,NAN
2017,10,16,5,30,NAN,NAN,NAN,NAN,NAN
2017,10,16,6,0,NAN,NAN,NAN,NAN,NAN
2017,10,16,6,30,NAN,NAN,NAN,NAN,NAN
2017,10,16,7,0,NAN,NAN,NAN,NAN,NAN
2017,10,16,7,30,NAN,NAN,NAN,NAN,NAN
2017,10,16,8,0,NAN,NAN,NAN,NAN,NAN
2017,10,16,8,30,NAN,NAN,NAN,NAN,NAN
2017,10,16,9,0,NAN,NAN,NAN,NAN,NAN
2017,10,16,9,30,NAN,NAN,NAN,NAN,NAN
2017,10,16,10,0,NAN,NAN,NAN,NAN,NAN
2017,10,16,10,30,NAN,NAN,NAN,NAN,NAN
2017,10,16,11,0,NAN,NAN,NAN,NAN,NAN
2017,10,16,11,30,NAN,NAN,NAN,NAN,NAN
2017,10,16,12,0,NAN,NAN,NAN,NAN,NAN
2017,10,16,12,30,NAN,NAN,NAN,NAN,NAN
2017,10,16,13,0,NAN,NAN,NAN,NAN,NAN
2017,10,16,13,30,NAN,NAN,NAN,NAN,NAN
2017,10,16,14,0,NAN,NAN,NAN,NAN,NAN
2017,10,16,14,30,NAN,NAN,NAN,NAN,NAN
2017,10,16,15,0,NAN,NAN,NAN,NAN,NAN
2017,10,16,15,30,NAN,NAN,NAN,NAN,NAN
2017,10,16,16,0,NAN,NAN,NAN,NAN,NAN
2017,10,16,16,30,NAN,NAN,NAN,NAN,NAN
2017,10,16,17,0,NAN,NAN,NAN,NAN,NAN
2017,10,16,17,30,NAN,NAN,NAN,NAN,NAN
2017,10,16,18,0,NAN,NAN,NAN,NAN,NAN
2017,10,16,18,30,NAN,NAN,NAN,NAN,NAN
2017,10,16,19,0,NAN,NAN,NAN,NAN,NAN
2017,10,16,19,30,NAN,NAN,NAN,NAN,NAN
2017,10,16,20,0,NAN,NAN,NAN,NAN,NAN
2017,10,16,20,30,NAN,NAN,NAN,NAN,NAN
2017,10,16,21,0,NAN,NAN,NAN,NAN,NAN
2017,10,16,21,30,NAN,NAN,NAN,NAN,NAN
2017,10,16,22,0,NAN,NAN,NAN,NAN,NAN
2017,10,16,22,30,NAN,NAN,NAN,NAN,NAN
2017,10,16,23,0,NAN,NAN,NAN,NAN,NAN
2017,10,16,23,30,NAN,NAN,NAN,NAN,NAN
2017,10,16,24,0,NAN,NAN,NAN,NAN,NAN
2017,10,17,0,30,NAN,NAN,NAN,NAN,NAN
2017,10,17,1,0,NAN,NAN,NAN,NAN,NAN
2017,10,17,1,30,NAN,NAN,NAN,NAN,NAN
2017,10,17,2,0,NAN,NAN,NAN,NAN,NAN
2017,10,17,2,30,NAN,NAN,NAN,NAN,NAN
2017,10,17,3,0,NAN,NAN,NAN,NAN,NAN
2017,10,17,3,30,NAN,NAN,NAN,NAN,NAN
2017,10,17,4,0,NAN,NAN,NAN,NAN,NAN
2017,10,17,4,30,NAN,NAN,NAN,NAN,NAN
2017,10,17,5,0,NAN,NAN,NAN,NAN,NAN
2017,10,17,5,30,NAN,NAN,NAN,NAN,NAN
2017,10,17,6,0,NAN,NAN,NAN,NAN,NAN
2017,10,17,6,30,NAN,NAN,NAN,NAN,NAN
2017,10,17,7,0,NAN,NAN,NAN,NAN,NAN
2017,10,17,7,30,NAN,NAN,NAN,NAN,NAN
2017,10,17,8,0,NAN,NAN,NAN,NAN,NAN
2017,10,17,8,30,NAN,NAN,NAN,NAN,NAN
2017,10,17,9,0,NAN,NAN,NAN,NAN,NAN
2017,10,17,9,30,NAN,NAN,NAN,NAN,NAN
2017,10,17,10,0,NAN,NAN,NAN,NAN,NAN
2017,10,17,10,30,NAN,NAN,NAN,NAN,NAN
2017,10,17,11,0,NAN,NAN,NAN,NAN,NAN
2017,10,17,11,30,NAN,NAN,NAN,NAN,NAN
2017,10,17,12,0,NAN,NAN,NAN,NAN,NAN
2017,10,17,12,30,NAN,NAN,NAN,NAN,NAN
2017,10,17,13,0,NAN,NAN,NAN,NAN,NAN
2017,10,17,13,30,NAN,NAN,NAN,NAN,NAN
2017,10,17,14,0,NAN,NAN,NAN,NAN,NAN
2017,10,17,14,30,NAN,NAN,NAN,NAN,NAN
2017,10,17,15,0,NAN,NAN,NAN,NAN,NAN
2017,10,17,15,30,NAN,NAN,NAN,NAN,NAN
2017,10,17,16,0,NAN,NAN,NAN,NAN,NAN
2017,10,17,16,30,NAN,NAN,NAN,NAN,NAN
2017,10,17,17,0,NAN,NAN,NAN,NAN,NAN
2017,10,17,17,30,NAN,NAN,NAN,NAN,NAN
2017,10,17,18,0,NAN,NAN,NAN,NAN,NAN
2017,10,17,18,30,NAN,NAN,NAN,NAN,NAN
2017,10,17,19,0,NAN,NAN,NAN,NAN,NAN
2017,10,17,19,30,NAN,NAN,NAN,NAN,NAN
2017,10,17,20,0,NAN,NAN,NAN,NAN,NAN
2017,10,17,20,30,NAN,NAN,NAN,NAN,NAN
2017,10,17,21,0,NAN,NAN,NAN,NAN,NAN
2017,10,17,21,30,NAN,NAN,NAN,NAN,NAN
2017,10,17,22,0,NAN,NAN,NAN,NAN,NAN
2017,10,17,22,30,NAN,NAN,NAN,NAN,NAN
2017,10,17,23,0,NAN,NAN,NAN,NAN,NAN
2017,10,17,23,30,NAN,NAN,NAN,NAN,NAN
2017,10,17,24,0,NAN,NAN,NAN,NAN,NAN
2017,10,18,0,30,NAN,NAN,NAN,NAN,NAN
2017,10,18,1,0,NAN,NAN,NAN,NAN,NAN
2017,10,18,1,30,NAN,NAN,NAN,NAN,NAN
2017,10,18,2,0,NAN,NAN,NAN,NAN,NAN
2017,10,18,2,30,NAN,NAN,NAN,NAN,NAN
2017,10,18,3,0,NAN,NAN,NAN,NAN,NAN
2017,10,18,3,30,NAN,NAN,NAN,NAN,NAN
2017,10,18,4,0,NAN,NAN,NAN,NAN,NAN
2017,10,18,4,30,NAN,NAN,NAN,NAN,NAN
2017,10,18,5,0,NAN,NAN,NAN,NAN,NAN
2017,10,18,5,30,NAN,NAN,NAN,NAN,NAN
2017,10,18,6,0,NAN,NAN,NAN,NAN,NAN
2017,10,18,6,30,NAN,NAN,NAN,NAN,NAN
2017,10,18,7,0,NAN,NAN,NAN,NAN,NAN
2017,10,18,7,30,NAN,NAN,NAN,NAN,NAN
2017,10,18,8,0,NAN,NAN,NAN,NAN,NAN
2017,10,18,8,30,NAN,NAN,NAN,NAN,NAN
2017,10,18,9,0,NAN,NAN,NAN,NAN,NAN
2017,10,18,9,30,NAN,NAN,NAN,NAN,NAN
2017,10,18,10,0,NAN,NAN,NAN,NAN,NAN
2017,10,18,10,30,NAN,NAN,NAN,NAN,NAN
2017,10,18,11,0,NAN,NAN,NAN,NAN,NAN
2017,10,18,11,30,NAN,NAN,NAN,NAN,NAN
2017,10,18,12,0,NAN,NAN,NAN,NAN,NAN
2017,10,18,12,30,NAN,NAN,NAN,NAN,NAN
2017,10,18,13,0,NAN,NAN,NAN,NAN,NAN
2017,10,18,13,30,NAN,NAN,NAN,NAN,NAN
2017,10,18,14,0,NAN,NAN,NAN,NAN,NAN
2017,10,18,14,30,NAN,NAN,NAN,NAN,NAN
2017,10,18,15,0,NAN,NAN,NAN,NAN,NAN
2017,10,18,15,30,NAN,NAN,NAN,NAN,NAN
2017,10,18,16,0,NAN,NAN,NAN,NAN,NAN
2017,10,18,16,30,NAN,NAN,NAN,NAN,NAN
2017,10,18,17,0,NAN,NAN,NAN,NAN,NAN
2017,10,18,17,30,NAN,NAN,NAN,NAN,NAN
2017,10,18,18,0,NAN,NAN,NAN,NAN,NAN
2017,10,18,18,30,NAN,NAN,NAN,NAN,NAN
2017,10,18,19,0,NAN,NAN,NAN,NAN,NAN
2017,10,18,19,30,NAN,NAN,NAN,NAN,NAN
2017,10,18,20,0,NAN,NAN,NAN,NAN,NAN
2017,10,18,20,30,NAN,NAN,NAN,NAN,NAN
2017,10,18,21,0,NAN,NAN,NAN,NAN,NAN
2017,10,18,21,30,NAN,NAN,NAN,NAN,NAN
2017,10,18,22,0,NAN,NAN,NAN,NAN,NAN
2017,10,18,22,30,NAN,NAN,NAN,NAN,NAN
2017,10,18,23,0,NAN,NAN,NAN,NAN,NAN
2017,10,18,23,30,NAN,NAN,NAN,NAN,NAN
2017,10,18,24,0,NAN,NAN,NAN,NAN,NAN
2017,10,19,0,30,NAN,NAN,NAN,NAN,NAN
2017,10,19,1,0,NAN,NAN,NAN,NAN,NAN
2017,10,19,1,30,NAN,NAN,NAN,NAN,NAN
2017,10,19,2,0,NAN,NAN,NAN,NAN,NAN
2017,10,19,2,30,NAN,NAN,NAN,NAN,NAN
2017,10,19,3,0,NAN,NAN,NAN,NAN,NAN
2017,10,19,3,30,NAN,NAN,NAN,NAN,NAN
2017,10,19,4,0,NAN,NAN,NAN,NAN,NAN
2017,10,19,4,30,NAN,NAN,NAN,NAN,NAN
2017,10,19,5,0,NAN,NAN,NAN,NAN,NAN
2017,10,19,5,30,NAN,NAN,NAN,NAN,NAN
2017,10,19,6,0,NAN,NAN,NAN,NAN,NAN
2017,10,19,6,30,NAN,NAN,NAN,NAN,NAN
2017,10,19,7,0,NAN,NAN,NAN,NAN,NAN
2017,10,19,7,30,NAN,NAN,NAN,NAN,NAN
2017,10,19,8,0,NAN,NAN,NAN,NAN,NAN
2017,10,19,8,30,NAN,NAN,NAN,NAN,NAN
2017,10,19,9,0,NAN,NAN,NAN,NAN,NAN
2017,10,19,9,30,NAN,NAN,NAN,NAN,NAN
2017,10,19,10,0,NAN,NAN,NAN,NAN,NAN
2017,10,19,10,30,NAN,NAN,NAN,NAN,NAN
2017,10,19,11,0,NAN,NAN,NAN,NAN,NAN
2017,10,19,11,30,NAN,NAN,NAN,NAN,NAN
2017,10,19,12,0,NAN,NAN,NAN,NAN,NAN
2017,10,19,12,30,NAN,NAN,NAN,NAN,NAN
2017,10,19,13,0,NAN,NAN,NAN,NAN,NAN
2017,10,19,13,30,NAN,NAN,NAN,NAN,NAN
2017,10,19,14,0,NAN,NAN,NAN,NAN,NAN
2017,10,19,14,30,NAN,NAN,NAN,NAN,NAN
2017,10,19,15,0,NAN,NAN,NAN,NAN,NAN
2017,10,19,15,30,NAN,NAN,NAN,NAN,NAN
2017,10,19,16,0,NAN,NAN,NAN,NAN,NAN
2017,10,19,16,30,NAN,NAN,NAN,NAN,NAN
2017,10,19,17,0,NAN,NAN,NAN,NAN,NAN
2017,10,19,17,30,NAN,NAN,NAN,NAN,NAN
2017,10,19,18,0,NAN,NAN,NAN,NAN,NAN
2017,10,19,18,30,NAN,NAN,NAN,NAN,NAN
2017,10,19,19,0,NAN,NAN,NAN,NAN,NAN
2017,10,19,19,30,NAN,NAN,NAN,NAN,NAN
2017,10,19,20,0,NAN,NAN,NAN,NAN,NAN
2017,10,19,20,30,NAN,NAN,NAN,NAN,NAN
2017,10,19,21,0,NAN,NAN,NAN,NAN,NAN
2017,10,19,21,30,NAN,NAN,NAN,NAN,NAN
2017,10,19,22,0,NAN,NAN,NAN,NAN,NAN
2017,10,19,22,30,NAN,NAN,NAN,NAN,NAN
2017,10,19,23,0,NAN,NAN,NAN,NAN,NAN
2017,10,19,23,30,NAN,NAN,NAN,NAN,NAN
2017,10,19,24,0,NAN,NAN,NAN,NAN,NAN
2017,10,20,0,30,NAN,NAN,NAN,NAN,NAN
2017,10,20,1,0,NAN,NAN,NAN,NAN,NAN
2017,10,20,1,30,NAN,NAN,NAN,NAN,NAN
2017,10,20,2,0,NAN,NAN,NAN,NAN,NAN
2017,10,20,2,30,NAN,NAN,NAN,NAN,NAN
2017,10,20,3,0,NAN,NAN,NAN,NAN,NAN
2017,10,20,3,30,NAN,NAN,NAN,NAN,NAN
2017,10,20,4,0,NAN,NAN,NAN,NAN,NAN
2017,10,20,4,30,NAN,NAN,NAN,NAN,NAN
2017,10,20,5,0,NAN,NAN,NAN,NAN,NAN
2017,10,20,5,30,NAN,NAN,NAN,NAN,NAN
2017,10,20,6,0,NAN,NAN,NAN,NAN,NAN
2017,10,20,6,30,NAN,NAN,NAN,NAN,NAN
2017,10,20,7,0,NAN,NAN,NAN,NAN,NAN
2017,10,20,7,30,NAN,NAN,NAN,NAN,NAN
2017,10,20,8,0,NAN,NAN,NAN,NAN,NAN
2017,10,20,8,30,NAN,NAN,NAN,NAN,NAN
2017,10,20,9,0,NAN,NAN,NAN,NAN,NAN
2017,10,20,9,30,NAN,NAN,NAN,NAN,NAN
2017,10,20,10,0,NAN,NAN,NAN,NAN,NAN
2017,10,20,10,30,NAN,NAN,NAN,NAN,NAN
2017,10,20,11,0,NAN,NAN,NAN,NAN,NAN
2017,10,20,11,30,NAN,NAN,NAN,NAN,NAN
2017,10,20,12,0,NAN,NAN,NAN,NAN,NAN
2017,10,20,12,30,NAN,NAN,NAN,NAN,NAN
2017,10,20,13,0,NAN,NAN,NAN,NAN,NAN
2017,10,20,13,30,NAN,NAN,NAN,NAN,NAN
2017,10,20,14,0,NAN,NAN,NAN,NAN,NAN
2017,10,20,14,30,NAN,NAN,NAN,NAN,NAN
2017,10,20,15,0,NAN,NAN,NAN,NAN,NAN
2017,10,20,15,30,NAN,NAN,NAN,NAN,NAN
2017,10,20,16,0,NAN,NAN,NAN,NAN,NAN
2017,10,20,16,30,NAN,NAN,NAN,NAN,NAN
2017,10,20,17,0,NAN,NAN,NAN,NAN,NAN
2017,10,20,17,30,NAN,NAN,NAN,NAN,NAN
2017,10,20,18,0,NAN,NAN,NAN,NAN,NAN
2017,10,20,18,30,NAN,NAN,NAN,NAN,NAN
2017,10,20,19,0,NAN,NAN,NAN,NAN,NAN
2017,10,20,19,30,NAN,NAN,NAN,NAN,NAN
2017,10,20,20,0,NAN,NAN,NAN,NAN,NAN
2017,10,20,20,30,NAN,NAN,NAN,NAN,NAN
2017,10,20,21,0,NAN,NAN,NAN,NAN,NAN
2017,10,20,21,30,NAN,NAN,NAN,NAN,NAN
2017,10,20,22,0,NAN,NAN,NAN,NAN,NAN
2017,10,20,22,30,NAN,NAN,NAN,NAN,NAN
2017,10,20,23,0,NAN,NAN,NAN,NAN,NAN
2017,10,20,23,30,NAN,NAN,NAN,NAN,NAN
2017,10,20,24,0,NAN,NAN,NAN,NAN,NAN
2017,10,21,0,30,NAN,NAN,NAN,NAN,NAN
2017,10,21,1,0,NAN,NAN,NAN,NAN,NAN
2017,10,21,1,30,NAN,NAN,NAN,NAN,NAN
2017,10,21,2,0,NAN,NAN,NAN,NAN,NAN
2017,10,21,2,30,NAN,NAN,NAN,NAN,NAN
2017,10,21,3,0,NAN,NAN,NAN,NAN,NAN
2017,10,21,3,30,NAN,NAN,NAN,NAN,NAN
2017,10,21,4,0,NAN,NAN,NAN,NAN,NAN
2017,10,21,4,30,NAN,NAN,NAN,NAN,NAN
2017,10,21,5,0,NAN,NAN,NAN,NAN,NAN
2017,10,21,5,30,NAN,NAN,NAN,NAN,NAN
2017,10,21,6,0,NAN,NAN,NAN,NAN,NAN
2017,10,21,6,30,NAN,NAN,NAN,NAN,NAN
2017,10,21,7,0,NAN,NAN,NAN,NAN,NAN
2017,10,21,7,30,NAN,NAN,NAN,NAN,NAN
2017,10,21,8,0,NAN,NAN,NAN,NAN,NAN
2017,10,21,8,30,NAN,NAN,NAN,NAN,NAN
2017,10,21,9,0,NAN,NAN,NAN,NAN,NAN
2017,10,21,9,30,NAN,NAN,NAN,NAN,NAN
2017,10,21,10,0,NAN,NAN,NAN,NAN,NAN
2017,10,21,10,30,NAN,NAN,NAN,NAN,NAN
2017,10,21,11,0,NAN,NAN,NAN,NAN,NAN
2017,10,21,11,30,NAN,NAN,NAN,NAN,NAN
2017,10,21,12,0,NAN,NAN,NAN,NAN,NAN
2017,10,21,12,30,NAN,NAN,NAN,NAN,NAN
2017,10,21,13,0,NAN,NAN,NAN,NAN,NAN
2017,10,21,13,30,NAN,NAN,NAN,NAN,NAN
2017,10,21,14,0,NAN,NAN,NAN,NAN,NAN
2017,10,21,14,30,NAN,NAN,NAN,NAN,NAN
2017,10,21,15,0,NAN,NAN,NAN,NAN,NAN
2017,10,21,15,30,NAN,NAN,NAN,NAN,NAN
2017,10,21,16,0,NAN,NAN,NAN,NAN,NAN
2017,10,21,16,30,NAN,NAN,NAN,NAN,NAN
2017,10,21,17,0,NAN,NAN,NAN,NAN,NAN
2017,10,21,17,30,NAN,NAN,NAN,NAN,NAN
2017,10,21,18,0,NAN,NAN,NAN,NAN,NAN
2017,10,21,18,30,NAN,NAN,NAN,NAN,NAN
2017,10,21,19,0,NAN,NAN,NAN,NAN,NAN
2017,10,21,19,30,NAN,NAN,NAN,NAN,NAN
2017,10,21,20,0,NAN,NAN,NAN,NAN,NAN
2017,10,21,20,30,NAN,NAN,NAN,NAN,NAN
2017,10,21,21,0,NAN,NAN,NAN,NAN,NAN
2017,10,21,21,30,NAN,NAN,NAN,NAN,NAN
2017,10,21,22,0,NAN,NAN,NAN,NAN,NAN
2017,10,21,22,30,NAN,NAN,NAN,NAN,NAN
2017,10,21,23,0,NAN,NAN,NAN,NAN,NAN
2017,10,21,23,30,NAN,NAN,NAN,NAN,NAN
2017,10,21,24,0,NAN,NAN,NAN,NAN,NAN
2017,10,22,0,30,NAN,NAN,NAN,NAN,NAN
2017,10,22,1,0,NAN,NAN,NAN,NAN,NAN
2017,10,22,1,30,NAN,NAN,NAN,NAN,NAN
2017,10,22,2,0,NAN,NAN,NAN,NAN,NAN
2017,10,22,2,30,NAN,NAN,NAN,NAN,NAN
2017,10,22,3,0,NAN,NAN,NAN,NAN,NAN
2017,10,22,3,30,NAN,NAN,NAN,NAN,NAN
2017,10,22,4,0,NAN,NAN,NAN,NAN,NAN
2017,10,22,4,30,NAN,NAN,NAN,NAN,NAN
2017,10,22,5,0,NAN,NAN,NAN,NAN,NAN
2017,10,22,5,30,NAN,NAN,NAN,NAN,NAN
2017,10,22,6,0,NAN,NAN,NAN,NAN,NAN
2017,10,22,6,30,NAN,NAN,NAN,NAN,NAN
2017,10,22,7,0,NAN,NAN,NAN,NAN,NAN
2017,10,22,7,30,NAN,NAN,NAN,NAN,NAN
2017,10,22,8,0,NAN,NAN,NAN,NAN,NAN
2017,10,22,8,30,NAN,NAN,NAN,NAN,NAN
2017,10,22,9,0,NAN,NAN,NAN,NAN,NAN
2017,10,22,9,30,NAN,NAN,NAN,NAN,NAN
2017,10,22,10,0,NAN,NAN,NAN,NAN,NAN
2017,10,22,10,30,NAN,NAN,NAN,NAN,NAN
2017,10,22,11,0,NAN,NAN,NAN,NAN,NAN
2017,10,22,11,30,NAN,NAN,NAN,NAN,NAN
2017,10,22,12,0,NAN,NAN,NAN,NAN,NAN
2017,10,22,12,30,NAN,NAN,NAN,NAN,NAN
2017,10,22,13,0,NAN,NAN,NAN,NAN,NAN
2017,10,22,13,30,NAN,NAN,NAN,NAN,NAN
2017,10,22,14,0,NAN,NAN,NAN,NAN,NAN
2017,10,22,14,30,NAN,NAN,NAN,NAN,NAN
2017,10,22,15,0,NAN,NAN,NAN,NAN,NAN
2017,10,22,15,30,NAN,NAN,NAN,NAN,NAN
2017,10,22,16,0,NAN,NAN,NAN,NAN,NAN
2017,10,22,16,30,NAN,NAN,NAN,NAN,NAN
2017,10,22,17,0,NAN,NAN,NAN,NAN,NAN
2017,10,22,17,30,NAN,NAN,NAN,NAN,NAN
2017,10,22,18,0,NAN,NAN,NAN,NAN,NAN
2017,10,22,18,30,NAN,NAN,NAN,NAN,NAN
2017,10,22,19,0,NAN,NAN,NAN,NAN,NAN
2017,10,22,19,30,NAN,NAN,NAN,NAN,NAN
2017,10,22,20,0,NAN,NAN,NAN,NAN,NAN
2017,10,22,20,30,NAN,NAN,NAN,NAN,NAN
2017,10,22,21,0,NAN,NAN,NAN,NAN,NAN
2017,10,22,21,30,NAN,NAN,NAN,NAN,NAN
2017,10,22,22,0,NAN,NAN,NAN,NAN,NAN
2017,10,22,22,30,NAN,NAN,NAN,NAN,NAN
2017,10,22,23,0,NAN,NAN,NAN,NAN,NAN
2017,10,22,23,30,NAN,NAN,NAN,NAN,NAN
2017,10,22,24,0,NAN,NAN,NAN,NAN,NAN
2017,10,23,0,30,NAN,NAN,NAN,NAN,NAN
2017,10,23,1,0,NAN,NAN,NAN,NAN,NAN
2017,10,23,1,30,NAN,NAN,NAN,NAN,NAN
2017,10,23,2,0,NAN,NAN,NAN,NAN,NAN
2017,10,23,2,30,NAN,NAN,NAN,NAN,NAN
2017,10,23,3,0,NAN,NAN,NAN,NAN,NAN
2017,10,23,3,30,NAN,NAN,NAN,NAN,NAN
2017,10,23,4,0,NAN,NAN,NAN,NAN,NAN
2017,10,23,4,30,NAN,NAN,NAN,NAN,NAN
2017,10,23,5,0,NAN,NAN,NAN,NAN,NAN
2017,10,23,5,30,NAN,NAN,NAN,NAN,NAN
2017,10,23,6,0,NAN,NAN,NAN,NAN,NAN
2017,10,23,6,30,NAN,NAN,NAN,NAN,NAN
2017,10,23,7,0,NAN,NAN,NAN,NAN,NAN
2017,10,23,7,30,NAN,NAN,NAN,NAN,NAN
2017,10,23,8,0,NAN,NAN,NAN,NAN,NAN
2017,10,23,8,30,NAN,NAN,NAN,NAN,NAN
2017,10,23,9,0,NAN,NAN,NAN,NAN,NAN
2017,10,23,9,30,NAN,NAN,NAN,NAN,NAN
2017,10,23,10,0,NAN,NAN,NAN,NAN,NAN
2017,10,23,10,30,NAN,NAN,NAN,NAN,NAN
2017,10,23,11,0,NAN,NAN,NAN,NAN,NAN
2017,10,23,11,30,NAN,NAN,NAN,NAN,NAN
2017,10,23,12,0,NAN,NAN,NAN,NAN,NAN
2017,10,23,12,30,NAN,NAN,NAN,NAN,NAN
2017,10,23,13,0,NAN,NAN,NAN,NAN,NAN
2017,10,23,13,30,NAN,NAN,NAN,NAN,NAN
2017,10,23,14,0,NAN,NAN,NAN,NAN,NAN
2017,10,23,14,30,NAN,NAN,NAN,NAN,NAN
2017,10,23,15,0,NAN,NAN,NAN,NAN,NAN
2017,10,23,15,30,NAN,NAN,NAN,NAN,NAN
2017,10,23,16,0,NAN,NAN,NAN,NAN,NAN
2017,10,23,16,30,NAN,NAN,NAN,NAN,NAN
2017,10,23,17,0,NAN,NAN,NAN,NAN,NAN
2017,10,23,17,30,NAN,NAN,NAN,NAN,NAN
2017,10,23,18,0,NAN,NAN,NAN,NAN,NAN
2017,10,23,18,30,NAN,NAN,NAN,NAN,NAN
2017,10,23,19,0,NAN,NAN,NAN,NAN,NAN
2017,10,23,19,30,NAN,NAN,NAN,NAN,NAN
2017,10,23,20,0,NAN,NAN,NAN,NAN,NAN
2017,10,23,20,30,NAN,NAN,NAN,NAN,NAN
2017,10,23,21,0,NAN,NAN,NAN,NAN,NAN
2017,10,23,21,30,NAN,NAN,NAN,NAN,NAN
2017,10,23,22,0,NAN,NAN,NAN,NAN,NAN
2017,10,23,22,30,NAN,NAN,NAN,NAN,NAN
2017,10,23,23,0,NAN,NAN,NAN,NAN,NAN
2017,10,23,23,30,NAN,NAN,NAN,NAN,NAN
2017,10,23,24,0,NAN,NAN,NAN,NAN,NAN
2017,10,24,0,30,NAN,NAN,NAN,NAN,NAN
2017,10,24,1,0,NAN,NAN,NAN,NAN,NAN
2017,10,24,1,30,NAN,NAN,NAN,NAN,NAN
2017,10,24,2,0,NAN,NAN,NAN,NAN,NAN
2017,10,24,2,30,NAN,NAN,NAN,NAN,NAN
2017,10,24,3,0,NAN,NAN,NAN,NAN,NAN
2017,10,24,3,30,NAN,NAN,NAN,NAN,NAN
2017,10,24,4,0,NAN,NAN,NAN,NAN,NAN
2017,10,24,4,30,NAN,NAN,NAN,NAN,NAN
2017,10,24,5,0,NAN,NAN,NAN,NAN,NAN
2017,10,24,5,30,NAN,NAN,NAN,NAN,NAN
2017,10,24,6,0,NAN,NAN,NAN,NAN,NAN
2017,10,24,6,30,NAN,NAN,NAN,NAN,NAN
2017,10,24,7,0,NAN,NAN,NAN,NAN,NAN
2017,10,24,7,30,NAN,NAN,NAN,NAN,NAN
2017,10,24,8,0,NAN,NAN,NAN,NAN,NAN
2017,10,24,8,30,NAN,NAN,NAN,NAN,NAN
2017,10,24,9,0,NAN,NAN,NAN,NAN,NAN
2017,10,24,9,30,NAN,NAN,NAN,NAN,NAN
2017,10,24,10,0,NAN,NAN,NAN,NAN,NAN
2017,10,24,10,30,NAN,NAN,NAN,NAN,NAN
2017,10,24,11,0,NAN,NAN,NAN,NAN,NAN
2017,10,24,11,30,NAN,NAN,NAN,NAN,NAN
2017,10,24,12,0,NAN,NAN,NAN,NAN,NAN
2017,10,24,12,30,NAN,NAN,NAN,NAN,NAN
2017,10,24,13,0,NAN,NAN,NAN,NAN,NAN
2017,10,24,13,30,NAN,NAN,NAN,NAN,NAN
2017,10,24,14,0,NAN,NAN,NAN,NAN,NAN
2017,10,24,14,30,NAN,NAN,NAN,NAN,NAN
2017,10,24,15,0,NAN,NAN,NAN,NAN,NAN
2017,10,24,15,30,NAN,NAN,NAN,NAN,NAN
2017,10,24,16,0,NAN,NAN,NAN,NAN,NAN
2017,10,24,16,30,NAN,NAN,NAN,NAN,NAN
2017,10,24,17,0,NAN,NAN,NAN,NAN,NAN
2017,10,24,17,30,NAN,NAN,NAN,NAN,NAN
2017,10,24,18,0,NAN,NAN,NAN,NAN,NAN
2017,10,24,18,30,NAN,NAN,NAN,NAN,NAN
2017,10,24,19,0,NAN,NAN,NAN,NAN,NAN
2017,10,24,19,30,NAN,NAN,NAN,NAN,NAN
2017,10,24,20,0,NAN,NAN,NAN,NAN,NAN
2017,10,24,20,30,NAN,NAN,NAN,NAN,NAN
2017,10,24,21,0,NAN,NAN,NAN,NAN,NAN
2017,10,24,21,30,NAN,NAN,NAN,NAN,NAN
2017,10,24,22,0,NAN,NAN,NAN,NAN,NAN
2017,10,24,22,30,NAN,NAN,NAN,NAN,NAN
2017,10,24,23,0,NAN,NAN,NAN,NAN,NAN
2017,10,24,23,30,NAN,NAN,NAN,NAN,NAN
2017,10,24,24,0,NAN,NAN,NAN,NAN,NAN
2017,10,25,0,30,NAN,NAN,NAN,NAN,NAN
2017,10,25,1,0,NAN,NAN,NAN,NAN,NAN
2017,10,25,1,30,NAN,NAN,NAN,NAN,NAN
2017,10,25,2,0,NAN,NAN,NAN,NAN,NAN
2017,10,25,2,30,NAN,NAN,NAN,NAN,NAN
2017,10,25,3,0,NAN,NAN,NAN,NAN,NAN
2017,10,25,3,30,NAN,NAN,NAN,NAN,NAN
2017,10,25,4,0,NAN,NAN,NAN,NAN,NAN
2017,10,25,4,30,NAN,NAN,NAN,NAN,NAN
2017,10,25,5,0,NAN,NAN,NAN,NAN,NAN
2017,10,25,5,30,NAN,NAN,NAN,NAN,NAN
2017,10,25,6,0,NAN,NAN,NAN,NAN,NAN
2017,10,25,6,30,NAN,NAN,NAN,NAN,NAN
2017,10,25,7,0,NAN,NAN,NAN,NAN,NAN
2017,10,25,7,30,NAN,NAN,NAN,NAN,NAN
2017,10,25,8,0,NAN,NAN,NAN,NAN,NAN
2017,10,25,8,30,NAN,NAN,NAN,NAN,NAN
2017,10,25,9,0,NAN,NAN,NAN,NAN,NAN
2017,10,25,9,30,NAN,NAN,NAN,NAN,NAN
2017,10,25,10,0,NAN,NAN,NAN,NAN,NAN
2017,10,25,10,30,NAN,NAN,NAN,NAN,NAN
2017,10,25,11,0,NAN,NAN,NAN,NAN,NAN
2017,10,25,11,30,NAN,NAN,NAN,NAN,NAN
2017,10,25,12,0,NAN,NAN,NAN,NAN,NAN
2017,10,25,12,30,NAN,NAN,NAN,NAN,NAN
2017,10,25,13,0,NAN,NAN,NAN,NAN,NAN
2017,10,25,13,30,NAN,NAN,NAN,NAN,NAN
2017,10,25,14,0,NAN,NAN,NAN,NAN,NAN
2017,10,25,14,30,NAN,NAN,NAN,NAN,NAN
2017,10,25,15,0,NAN,NAN,NAN,NAN,NAN
2017,10,25,15,30,NAN,NAN,NAN,NAN,NAN
2017,10,25,16,0,NAN,NAN,NAN,NAN,NAN
2017,10,25,16,30,NAN,NAN,NAN,NAN,NAN
2017,10,25,17,0,NAN,NAN,NAN,NAN,NAN
2017,10,25,17,30,NAN,NAN,NAN,NAN,NAN
2017,10,25,18,0,NAN,NAN,NAN,NAN,NAN
2017,10,25,18,30,NAN,NAN,NAN,NAN,NAN
2017,10,25,19,0,NAN,NAN,NAN,NAN,NAN
2017,10,25,19,30,NAN,NAN,NAN,NAN,NAN
2017,10,25,20,0,NAN,NAN,NAN,NAN,NAN
2017,10,25,20,30,NAN,NAN,NAN,NAN,NAN
2017,10,25,21,0,NAN,NAN,NAN,NAN,NAN
2017,10,25,21,30,NAN,NAN,NAN,NAN,NAN
2017,10,25,22,0,NAN,NAN,NAN,NAN,NAN
2017,10,25,22,30,NAN,NAN,NAN,NAN,NAN
2017,10,25,23,0,NAN,NAN,NAN,NAN,NAN
2017,10,25,23,30,NAN,NAN,NAN,NAN,NAN
2017,10,25,24,0,NAN,NAN,NAN,NAN,NAN
2017,10,26,0,30,NAN,NAN,NAN,NAN,NAN
2017,10,26,1,0,NAN,NAN,NAN,NAN,NAN
2017,10,26,1,30,NAN,NAN,NAN,NAN,NAN
2017,10,26,2,0,NAN,NAN,NAN,NAN,NAN
2017,10,26,2,30,NAN,NAN,NAN,NAN,NAN
2017,10,26,3,0,NAN,NAN,NAN,NAN,NAN
2017,10,26,3,30,NAN,NAN,NAN,NAN,NAN
2017,10,26,4,0,NAN,NAN,NAN,NAN,NAN
2017,10,26,4,30,NAN,NAN,NAN,NAN,NAN
2017,10,26,5,0,NAN,NAN,NAN,NAN,NAN
2017,10,26,5,30,NAN,NAN,NAN,NAN,NAN
2017,10,26,6,0,NAN,NAN,NAN,NAN,NAN
2017,10,26,6,30,NAN,NAN,NAN,NAN,NAN
2017,10,26,7,0,NAN,NAN,NAN,NAN,NAN
2017,10,26,7,30,NAN,NAN,NAN,NAN,NAN
2017,10,26,8,0,NAN,NAN,NAN,NAN,NAN
2017,10,26,8,30,NAN,NAN,NAN,NAN,NAN
2017,10,26,9,0,NAN,NAN,NAN,NAN,NAN
2017,10,26,9,30,NAN,NAN,NAN,NAN,NAN
2017,10,26,10,0,NAN,NAN,NAN,NAN,NAN
2017,10,26,10,30,NAN,NAN,NAN,NAN,NAN
2017,10,26,11,0,NAN,NAN,NAN,NAN,NAN
2017,10,26,11,30,NAN,NAN,NAN,NAN,NAN
2017,10,26,12,0,NAN,NAN,NAN,NAN,NAN
2017,10,26,12,30,NAN,NAN,NAN,NAN,NAN
2017,10,26,13,0,NAN,NAN,NAN,NAN,NAN
2017,10,26,13,30,NAN,NAN,NAN,NAN,NAN
2017,10,26,14,0,NAN,NAN,NAN,NAN,NAN
2017,10,26,14,30,NAN,NAN,NAN,NAN,NAN
2017,10,26,15,0,NAN,NAN,NAN,NAN,NAN
2017,10,26,15,30,NAN,NAN,NAN,NAN,NAN
2017,10,26,16,0,NAN,NAN,NAN,NAN,NAN
2017,10,26,16,30,NAN,NAN,NAN,NAN,NAN
2017,10,26,17,0,NAN,NAN,NAN,NAN,NAN
2017,10,26,17,30,NAN,NAN,NAN,NAN,NAN
2017,10,26,18,0,NAN,NAN,NAN,NAN,NAN
2017,10,26,18,30,NAN,NAN,NAN,NAN,NAN
2017,10,26,19,0,NAN,NAN,NAN,NAN,NAN
2017,10,26,19,30,NAN,NAN,NAN,NAN,NAN
2017,10,26,20,0,NAN,NAN,NAN,NAN,NAN
2017,10,26,20,30,NAN,NAN,NAN,NAN,NAN
2017,10,26,21,0,NAN,NAN,NAN,NAN,NAN
2017,10,26,21,30,NAN,NAN,NAN,NAN,NAN
2017,10,26,22,0,NAN,NAN,NAN,NAN,NAN
2017,10,26,22,30,NAN,NAN,NAN,NAN,NAN
2017,10,26,23,0,NAN,NAN,NAN,NAN,NAN
2017,10,26,23,30,NAN,NAN,NAN,NAN,NAN
2017,10,26,24,0,NAN,NAN,NAN,NAN,NAN
2017,10,27,0,30,NAN,NAN,NAN,NAN,NAN
2017,10,27,1,0,NAN,NAN,NAN,NAN,NAN
2017,10,27,1,30,NAN,NAN,NAN,NAN,NAN
2017,10,27,2,0,NAN,NAN,NAN,NAN,NAN
2017,10,27,2,30,NAN,NAN,NAN,NAN,NAN
2017,10,27,3,0,NAN,NAN,NAN,NAN,NAN
2017,10,27,3,30,NAN,NAN,NAN,NAN,NAN
2017,10,27,4,0,NAN,NAN,NAN,NAN,NAN
2017,10,27,4,30,NAN,NAN,NAN,NAN,NAN
2017,10,27,5,0,NAN,NAN,NAN,NAN,NAN
2017,10,27,5,30,NAN,NAN,NAN,NAN,NAN
2017,10,27,6,0,NAN,NAN,NAN,NAN,NAN
2017,10,27,6,30,NAN,NAN,NAN,NAN,NAN
2017,10,27,7,0,NAN,NAN,NAN,NAN,NAN
2017,10,27,7,30,NAN,NAN,NAN,NAN,NAN
2017,10,27,8,0,NAN,NAN,NAN,NAN,NAN
2017,10,27,8,30,NAN,NAN,NAN,NAN,NAN
2017,10,27,9,0,NAN,NAN,NAN,NAN,NAN
2017,10,27,9,30,NAN,NAN,NAN,NAN,NAN
2017,10,27,10,0,NAN,NAN,NAN,NAN,NAN
2017,10,27,10,30,NAN,NAN,NAN,NAN,NAN
2017,10,27,11,0,NAN,NAN,NAN,NAN,NAN
2017,10,27,11,30,NAN,NAN,NAN,NAN,NAN
2017,10,27,12,0,NAN,NAN,NAN,NAN,NAN
2017,10,27,12,30,NAN,NAN,NAN,NAN,NAN
2017,10,27,13,0,NAN,NAN,NAN,NAN,NAN
2017,10,27,13,30,NAN,NAN,NAN,NAN,NAN
2017,10,27,14,0,NAN,NAN,NAN,NAN,NAN
2017,10,27,14,30,NAN,NAN,NAN,NAN,NAN
2017,10,27,15,0,NAN,NAN,NAN,NAN,NAN
2017,10,27,15,30,NAN,NAN,NAN,NAN,NAN
2017,10,27,16,0,NAN,NAN,NAN,NAN,NAN
2017,10,27,16,30,NAN,NAN,NAN,NAN,NAN
2017,10,27,17,0,NAN,NAN,NAN,NAN,NAN
2017,10,27,17,30,NAN,NAN,NAN,NAN,NAN
2017,10,27,18,0,NAN,NAN,NAN,NAN,NAN
2017,10,27,18,30,NAN,NAN,NAN,NAN,NAN
2017,10,27,19,0,NAN,NAN,NAN,NAN,NAN
2017,10,27,19,30,NAN,NAN,NAN,NAN,NAN
2017,10,27,20,0,NAN,NAN,NAN,NAN,NAN
2017,10,27,20,30,NAN,NAN,NAN,NAN,NAN
2017,10,27,21,0,NAN,NAN,NAN,NAN,NAN
2017,10,27,21,30,NAN,NAN,NAN,NAN,NAN
2017,10,27,22,0,NAN,NAN,NAN,NAN,NAN
2017,10,27,22,30,NAN,NAN,NAN,NAN,NAN
2017,10,27,23,0,NAN,NAN,NAN,NAN,NAN
2017,10,27,23,30,NAN,NAN,NAN,NAN,NAN
2017,10,27,24,0,NAN,NAN,NAN,NAN,NAN
2017,10,28,0,30,NAN,NAN,NAN,NAN,NAN
2017,10,28,1,0,NAN,NAN,NAN,NAN,NAN
2017,10,28,1,30,NAN,NAN,NAN,NAN,NAN
2017,10,28,2,0,NAN,NAN,NAN,NAN,NAN
2017,10,28,2,30,NAN,NAN,NAN,NAN,NAN
2017,10,28,3,0,NAN,NAN,NAN,NAN,NAN
2017,10,28,3,30,NAN,NAN,NAN,NAN,NAN
2017,10,28,4,0,NAN,NAN,NAN,NAN,NAN
2017,10,28,4,30,NAN,NAN,NAN,NAN,NAN
2017,10,28,5,0,NAN,NAN,NAN,NAN,NAN
2017,10,28,5,30,NAN,NAN,NAN,NAN,NAN
2017,10,28,6,0,NAN,NAN,NAN,NAN,NAN
2017,10,28,6,30,NAN,NAN,NAN,NAN,NAN
2017,10,28,7,0,NAN,NAN,NAN,NAN,NAN
2017,10,28,7,30,NAN,NAN,NAN,NAN,NAN
2017,10,28,8,0,NAN,NAN,NAN,NAN,NAN
2017,10,28,8,30,NAN,NAN,NAN,NAN,NAN
2017,10,28,9,0,NAN,NAN,NAN,NAN,NAN
2017,10,28,9,30,NAN,NAN,NAN,NAN,NAN
2017,10,28,10,0,NAN,NAN,NAN,NAN,NAN
2017,10,28,10,30,NAN,NAN,NAN,NAN,NAN
2017,10,28,11,0,NAN,NAN,NAN,NAN,NAN
2017,10,28,11,30,NAN,NAN,NAN,NAN,NAN
2017,10,28,12,0,NAN,NAN,NAN,NAN,NAN
2017,10,28,12,30,NAN,NAN,NAN,NAN,NAN
2017,10,28,13,0,NAN,NAN,NAN,NAN,NAN
2017,10,28,13,30,NAN,NAN,NAN,NAN,NAN
2017,10,28,14,0,NAN,NAN,NAN,NAN,NAN
2017,10,28,14,30,NAN,NAN,NAN,NAN,NAN
2017,10,28,15,0,NAN,NAN,NAN,NAN,NAN
2017,10,28,15,30,NAN,NAN,NAN,NAN,NAN
2017,10,28,16,0,NAN,NAN,NAN,NAN,NAN
2017,10,28,16,30,NAN,NAN,NAN,NAN,NAN
2017,10,28,17,0,NAN,NAN,NAN,NAN,NAN
2017,10,28,17,30,NAN,NAN,NAN,NAN,NAN
2017,10,28,18,0,NAN,NAN,NAN,NAN,NAN
2017,10,28,18,30,NAN,NAN,NAN,NAN,NAN
2017,10,28,19,0,NAN,NAN,NAN,NAN,NAN
2017,10,28,19,30,NAN,NAN,NAN,NAN,NAN
2017,10,28,20,0,NAN,NAN,NAN,NAN,NAN
2017,10,28,20,30,NAN,NAN,NAN,NAN,NAN
2017,10,28,21,0,NAN,NAN,NAN,NAN,NAN
2017,10,28,21,30,NAN,NAN,NAN,NAN,NAN
2017,10,28,22,0,NAN,NAN,NAN,NAN,NAN
2017,10,28,22,30,NAN,NAN,NAN,NAN,NAN
2017,10,28,23,0,NAN,NAN,NAN,NAN,NAN
2017,10,28,23,30,NAN,NAN,NAN,NAN,NAN
2017,10,28,24,0,NAN,NAN,NAN,NAN,NAN
2017,10,29,0,30,NAN,NAN,NAN,NAN,NAN
2017,10,29,1,0,NAN,NAN,NAN,NAN,NAN
2017,10,29,1,30,NAN,NAN,NAN,NAN,NAN
2017,10,29,2,0,NAN,NAN,NAN,NAN,NAN
2017,10,29,2,30,NAN,NAN,NAN,NAN,NAN
2017,10,29,3,0,NAN,NAN,NAN,NAN,NAN
2017,10,29,3,30,NAN,NAN,NAN,NAN,NAN
2017,10,29,4,0,NAN,NAN,NAN,NAN,NAN
2017,10,29,4,30,NAN,NAN,NAN,NAN,NAN
2017,10,29,5,0,NAN,NAN,NAN,NAN,NAN
2017,10,29,5,30,NAN,NAN,NAN,NAN,NAN
2017,10,29,6,0,NAN,NAN,NAN,NAN,NAN
2017,10,29,6,30,NAN,NAN,NAN,NAN,NAN
2017,10,29,7,0,NAN,NAN,NAN,NAN,NAN
2017,10,29,7,30,NAN,NAN,NAN,NAN,NAN
2017,10,29,8,0,NAN,NAN,NAN,NAN,NAN
2017,10,29,8,30,NAN,NAN,NAN,NAN,NAN
2017,10,29,9,0,NAN,NAN,NAN,NAN,NAN
2017,10,29,9,30,NAN,NAN,NAN,NAN,NAN
2017,10,29,10,0,NAN,NAN,NAN,NAN,NAN
2017,10,29,10,30,NAN,NAN,NAN,NAN,NAN
2017,10,29,11,0,NAN,NAN,NAN,NAN,NAN
2017,10,29,11,30,NAN,NAN,NAN,NAN,NAN
2017,10,29,12,0,NAN,NAN,NAN,NAN,NAN
2017,10,29,12,30,NAN,NAN,NAN,NAN,NAN
2017,10,29,13,0,NAN,NAN,NAN,NAN,NAN
2017,10,29,13,30,NAN,NAN,NAN,NAN,NAN
2017,10,29,14,0,NAN,NAN,NAN,NAN,NAN
2017,10,29,14,30,NAN,NAN,NAN,NAN,NAN
2017,10,29,15,0,NAN,NAN,NAN,NAN,NAN
2017,10,29,15,30,NAN,NAN,NAN,NAN,NAN
2017,10,29,16,0,NAN,NAN,NAN,NAN,NAN
2017,10,29,16,30,NAN,NAN,NAN,NAN,NAN
2017,10,29,17,0,NAN,NAN,NAN,NAN,NAN
2017,10,29,17,30,NAN,NAN,NAN,NAN,NAN
2017,10,29,18,0,NAN,NAN,NAN,NAN,NAN
2017,10,29,18,30,NAN,NAN,NAN,NAN,NAN
2017,10,29,19,0,NAN,NAN,NAN,NAN,NAN
2017,10,29,19,30,NAN,NAN,NAN,NAN,NAN
2017,10,29,20,0,NAN,NAN,NAN,NAN,NAN
2017,10,29,20,30,NAN,NAN,NAN,NAN,NAN
2017,10,29,21,0,NAN,NAN,NAN,NAN,NAN
2017,10,29,21,30,NAN,NAN,NAN,NAN,NAN
2017,10,29,22,0,NAN,NAN,NAN,NAN,NAN
2017,10,29,22,30,NAN,NAN,NAN,NAN,NAN
2017,10,29,23,0,NAN,NAN,NAN,NAN,NAN
2017,10,29,23,30,NAN,NAN,NAN,NAN,NAN
2017,10,29,24,0,NAN,NAN,NAN,NAN,NAN
2017,10,30,0,30,NAN,NAN,NAN,NAN,NAN
2017,10,30,1,0,NAN,NAN,NAN,NAN,NAN
2017,10,30,1,30,NAN,NAN,NAN,NAN,NAN
2017,10,30,2,0,NAN,NAN,NAN,NAN,NAN
2017,10,30,2,30,NAN,NAN,NAN,NAN,NAN
2017,10,30,3,0,NAN,NAN,NAN,NAN,NAN
2017,10,30,3,30,NAN,NAN,NAN,NAN,NAN
2017,10,30,4,0,NAN,NAN,NAN,NAN,NAN
2017,10,30,4,30,NAN,NAN,NAN,NAN,NAN
2017,10,30,5,0,NAN,NAN,NAN,NAN,NAN
2017,10,30,5,30,NAN,NAN,NAN,NAN,NAN
2017,10,30,6,0,NAN,NAN,NAN,NAN,NAN
2017,10,30,6,30,NAN,NAN,NAN,NAN,NAN
2017,10,30,7,0,NAN,NAN,NAN,NAN,NAN
2017,10,30,7,30,NAN,NAN,NAN,NAN,NAN
2017,10,30,8,0,NAN,NAN,NAN,NAN,NAN
2017,10,30,8,30,NAN,NAN,NAN,NAN,NAN
2017,10,30,9,0,NAN,NAN,NAN,NAN,NAN
2017,10,30,9,30,NAN,NAN,NAN,NAN,NAN
2017,10,30,10,0,NAN,NAN,NAN,NAN,NAN
2017,10,30,10,30,NAN,NAN,NAN,NAN,NAN
2017,10,30,11,0,NAN,NAN,NAN,NAN,NAN
2017,10,30,11,30,NAN,NAN,NAN,NAN,NAN
2017,10,30,12,0,NAN,NAN,NAN,NAN,NAN
2017,10,30,12,30,NAN,NAN,NAN,NAN,NAN
2017,10,30,13,0,NAN,NAN,NAN,NAN,NAN
2017,10,30,13,30,NAN,NAN,NAN,NAN,NAN
2017,10,30,14,0,NAN,NAN,NAN,NAN,NAN
2017,10,30,14,30,NAN,NAN,NAN,NAN,NAN
2017,10,30,15,0,NAN,NAN,NAN,NAN,NAN
2017,10,30,15,30,NAN,NAN,NAN,NAN,NAN
2017,10,30,16,0,NAN,NAN,NAN,NAN,NAN
2017,10,30,16,30,NAN,NAN,NAN,NAN,NAN
2017,10,30,17,0,NAN,NAN,NAN,NAN,NAN
2017,10,30,17,30,NAN,NAN,NAN,NAN,NAN
2017,10,30,18,0,NAN,NAN,NAN,NAN,NAN
2017,10,30,18,30,NAN,NAN,NAN,NAN,NAN
2017,10,30,19,0,NAN,NAN,NAN,NAN,NAN
2017,10,30,19,30,NAN,NAN,NAN,NAN,NAN
2017,10,30,20,0,NAN,NAN,NAN,NAN,NAN
2017,10,30,20,30,NAN,NAN,NAN,NAN,NAN
2017,10,30,21,0,NAN,NAN,NAN,NAN,NAN
2017,10,30,21,30,NAN,NAN,NAN,NAN,NAN
2017,10,30,22,0,NAN,NAN,NAN,NAN,NAN
2017,10,30,22,30,NAN,NAN,NAN,NAN,NAN
2017,10,30,23,0,NAN,NAN,NAN,NAN,NAN
2017,10,30,23,30,NAN,NAN,NAN,NAN,NAN
2017,10,30,24,0,NAN,NAN,NAN,NAN,NAN
2017,10,31,0,30,NAN,NAN,NAN,NAN,NAN
2017,10,31,1,0,NAN,NAN,NAN,NAN,NAN
2017,10,31,1,30,NAN,NAN,NAN,NAN,NAN
2017,10,31,2,0,NAN,NAN,NAN,NAN,NAN
2017,10,31,2,30,NAN,NAN,NAN,NAN,NAN
2017,10,31,3,0,NAN,NAN,NAN,NAN,NAN
2017,10,31,3,30,NAN,NAN,NAN,NAN,NAN
2017,10,31,4,0,NAN,NAN,NAN,NAN,NAN
2017,10,31,4,30,NAN,NAN,NAN,NAN,NAN
2017,10,31,5,0,NAN,NAN,NAN,NAN,NAN
2017,10,31,5,30,NAN,NAN,NAN,NAN,NAN
2017,10,31,6,0,NAN,NAN,NAN,NAN,NAN
2017,10,31,6,30,NAN,NAN,NAN,NAN,NAN
2017,10,31,7,0,NAN,NAN,NAN,NAN,NAN
2017,10,31,7,30,NAN,NAN,NAN,NAN,NAN
2017,10,31,8,0,NAN,NAN,NAN,NAN,NAN
2017,10,31,8,30,NAN,NAN,NAN,NAN,NAN
2017,10,31,9,0,NAN,NAN,NAN,NAN,NAN
2017,10,31,9,30,NAN,NAN,NAN,NAN,NAN
2017,10,31,10,0,NAN,NAN,NAN,NAN,NAN
2017,10,31,10,30,NAN,NAN,NAN,NAN,NAN
2017,10,31,11,0,NAN,NAN,NAN,NAN,NAN
2017,10,31,11,30,NAN,NAN,NAN,NAN,NAN
2017,10,31,12,0,NAN,NAN,NAN,NAN,NAN
2017,10,31,12,30,NAN,NAN,NAN,NAN,NAN
2017,10,31,13,0,NAN,NAN,NAN,NAN,NAN
2017,10,31,13,30,NAN,NAN,NAN,NAN,NAN
2017,10,31,14,0,NAN,NAN,NAN,NAN,NAN
2017,10,31,14,30,NAN,NAN,NAN,NAN,NAN
2017,10,31,15,0,NAN,NAN,NAN,NAN,NAN
2017,10,31,15,30,NAN,NAN,NAN,NAN,NAN
2017,10,31,16,0,NAN,NAN,NAN,NAN,NAN
2017,10,31,16,30,NAN,NAN,NAN,NAN,NAN
2017,10,31,17,0,NAN,NAN,NAN,NAN,NAN
2017,10,31,17,30,NAN,NAN,NAN,NAN,NAN
2017,10,31,18,0,NAN,NAN,NAN,NAN,NAN
2017,10,31,18,30,NAN,NAN,NAN,NAN,NAN
2017,10,31,19,0,NAN,NAN,NAN,NAN,NAN
2017,10,31,19,30,NAN,NAN,NAN,NAN,NAN
2017,10,31,20,0,NAN,NAN,NAN,NAN,NAN
2017,10,31,20,30,NAN,NAN,NAN,NAN,NAN
2017,10,31,21,0,NAN,NAN,NAN,NAN,NAN
2017,10,31,21,30,NAN,NAN,NAN,NAN,NAN
2017,10,31,22,0,NAN,NAN,NAN,NAN,NAN
2017,10,31,22,30,NAN,NAN,NAN,NAN,NAN
2017,10,31,23,0,NAN,NAN,NAN,NAN,NAN
2017,10,31,23,30,NAN,NAN,NAN,NAN,NAN
2017,10,31,24,0,NAN,NAN,NAN,NAN,NAN
2017,11,1,0,30,NAN,NAN,NAN,NAN,NAN
2017,11,1,1,0,NAN,NAN,NAN,NAN,NAN
2017,11,1,1,30,NAN,NAN,NAN,NAN,NAN
2017,11,1,2,0,NAN,NAN,NAN,NAN,NAN
2017,11,1,2,30,NAN,NAN,NAN,NAN,NAN
2017,11,1,3,0,NAN,NAN,NAN,NAN,NAN
2017,11,1,3,30,NAN,NAN,NAN,NAN,NAN
2017,11,1,4,0,NAN,NAN,NAN,NAN,NAN
2017,11,1,4,30,NAN,NAN,NAN,NAN,NAN
2017,11,1,5,0,NAN,NAN,NAN,NAN,NAN
2017,11,1,5,30,NAN,NAN,NAN,NAN,NAN
2017,11,1,6,0,NAN,NAN,NAN,NAN,NAN
2017,11,1,6,30,NAN,NAN,NAN,NAN,NAN
2017,11,1,7,0,NAN,NAN,NAN,NAN,NAN
2017,11,1,7,30,NAN,NAN,NAN,NAN,NAN
2017,11,1,8,0,NAN,NAN,NAN,NAN,NAN
2017,11,1,8,30,NAN,NAN,NAN,NAN,NAN
2017,11,1,9,0,NAN,NAN,NAN,NAN,NAN
2017,11,1,9,30,NAN,NAN,NAN,NAN,NAN
2017,11,1,10,0,NAN,NAN,NAN,NAN,NAN
2017,11,1,10,30,NAN,NAN,NAN,NAN,NAN
2017,11,1,11,0,NAN,NAN,NAN,NAN,NAN
2017,11,1,11,30,NAN,NAN,NAN,NAN,NAN
2017,11,1,12,0,NAN,NAN,NAN,NAN,NAN
2017,11,1,12,30,NAN,NAN,NAN,NAN,NAN
2017,11,1,13,0,NAN,NAN,NAN,NAN,NAN
2017,11,1,13,30,NAN,NAN,NAN,NAN,NAN
2017,11,1,14,0,NAN,NAN,NAN,NAN,NAN
2017,11,1,14,30,NAN,NAN,NAN,NAN,NAN
2017,11,1,15,0,NAN,NAN,NAN,NAN,NAN
2017,11,1,15,30,NAN,NAN,NAN,NAN,NAN
2017,11,1,16,0,NAN,NAN,NAN,NAN,NAN
2017,11,1,16,30,NAN,NAN,NAN,NAN,NAN
2017,11,1,17,0,NAN,NAN,NAN,NAN,NAN
2017,11,1,17,30,NAN,NAN,NAN,NAN,NAN
2017,11,1,18,0,NAN,NAN,NAN,NAN,NAN
2017,11,1,18,30,NAN,NAN,NAN,NAN,NAN
2017,11,1,19,0,NAN,NAN,NAN,NAN,NAN
2017,11,1,19,30,NAN,NAN,NAN,NAN,NAN
2017,11,1,20,0,NAN,NAN,NAN,NAN,NAN
2017,11,1,20,30,NAN,NAN,NAN,NAN,NAN
2017,11,1,21,0,NAN,NAN,NAN,NAN,NAN
2017,11,1,21,30,NAN,NAN,NAN,NAN,NAN
2017,11,1,22,0,NAN,NAN,NAN,NAN,NAN
2017,11,1,22,30,NAN,NAN,NAN,NAN,NAN
2017,11,1,23,0,NAN,NAN,NAN,NAN,NAN
2017,11,1,23,30,NAN,NAN,NAN,NAN,NAN
2017,11,1,24,0,NAN,NAN,NAN,NAN,NAN
2017,11,2,0,30,NAN,NAN,NAN,NAN,NAN
2017,11,2,1,0,NAN,NAN,NAN,NAN,NAN
2017,11,2,1,30,NAN,NAN,NAN,NAN,NAN
2017,11,2,2,0,NAN,NAN,NAN,NAN,NAN
2017,11,2,2,30,NAN,NAN,NAN,NAN,NAN
2017,11,2,3,0,NAN,NAN,NAN,NAN,NAN
2017,11,2,3,30,NAN,NAN,NAN,NAN,NAN
2017,11,2,4,0,NAN,NAN,NAN,NAN,NAN
2017,11,2,4,30,NAN,NAN,NAN,NAN,NAN
2017,11,2,5,0,NAN,NAN,NAN,NAN,NAN
2017,11,2,5,30,NAN,NAN,NAN,NAN,NAN
2017,11,2,6,0,NAN,NAN,NAN,NAN,NAN
2017,11,2,6,30,NAN,NAN,NAN,NAN,NAN
2017,11,2,7,0,NAN,NAN,NAN,NAN,NAN
2017,11,2,7,30,NAN,NAN,NAN,NAN,NAN
2017,11,2,8,0,NAN,NAN,NAN,NAN,NAN
2017,11,2,8,30,NAN,NAN,NAN,NAN,NAN
2017,11,2,9,0,NAN,NAN,NAN,NAN,NAN
2017,11,2,9,30,NAN,NAN,NAN,NAN,NAN
2017,11,2,10,0,NAN,NAN,NAN,NAN,NAN
2017,11,2,10,30,NAN,NAN,NAN,NAN,NAN
2017,11,2,11,0,NAN,NAN,NAN,NAN,NAN
2017,11,2,11,30,NAN,NAN,NAN,NAN,NAN
2017,11,2,12,0,NAN,NAN,NAN,NAN,NAN
2017,11,2,12,30,NAN,NAN,NAN,NAN,NAN
2017,11,2,13,0,NAN,NAN,NAN,NAN,NAN
2017,11,2,13,30,NAN,NAN,NAN,NAN,NAN
2017,11,2,14,0,NAN,NAN,NAN,NAN,NAN
2017,11,2,14,30,NAN,NAN,NAN,NAN,NAN
2017,11,2,15,0,NAN,NAN,NAN,NAN,NAN
2017,11,2,15,30,NAN,NAN,NAN,NAN,NAN
2017,11,2,16,0,NAN,NAN,NAN,NAN,NAN
2017,11,2,16,30,NAN,NAN,NAN,NAN,NAN
2017,11,2,17,0,NAN,NAN,NAN,NAN,NAN
2017,11,2,17,30,NAN,NAN,NAN,NAN,NAN
2017,11,2,18,0,NAN,NAN,NAN,NAN,NAN
2017,11,2,18,30,NAN,NAN,NAN,NAN,NAN
2017,11,2,19,0,NAN,NAN,NAN,NAN,NAN
2017,11,2,19,30,NAN,NAN,NAN,NAN,NAN
2017,11,2,20,0,NAN,NAN,NAN,NAN,NAN
2017,11,2,20,30,NAN,NAN,NAN,NAN,NAN
2017,11,2,21,0,NAN,NAN,NAN,NAN,NAN
2017,11,2,21,30,NAN,NAN,NAN,NAN,NAN
2017,11,2,22,0,NAN,NAN,NAN,NAN,NAN
2017,11,2,22,30,NAN,NAN,NAN,NAN,NAN
2017,11,2,23,0,NAN,NAN,NAN,NAN,NAN
2017,11,2,23,30,NAN,NAN,NAN,NAN,NAN
2017,11,2,24,0,NAN,NAN,NAN,NAN,NAN
2017,11,3,0,30,NAN,NAN,NAN,NAN,NAN
2017,11,3,1,0,NAN,NAN,NAN,NAN,NAN
2017,11,3,1,30,NAN,NAN,NAN,NAN,NAN
2017,11,3,2,0,NAN,NAN,NAN,NAN,NAN
2017,11,3,2,30,NAN,NAN,NAN,NAN,NAN
2017,11,3,3,0,NAN,NAN,NAN,NAN,NAN
2017,11,3,3,30,NAN,NAN,NAN,NAN,NAN
2017,11,3,4,0,NAN,NAN,NAN,NAN,NAN
2017,11,3,4,30,NAN,NAN,NAN,NAN,NAN
2017,11,3,5,0,NAN,NAN,NAN,NAN,NAN
2017,11,3,5,30,NAN,NAN,NAN,NAN,NAN
2017,11,3,6,0,NAN,NAN,NAN,NAN,NAN
2017,11,3,6,30,NAN,NAN,NAN,NAN,NAN
2017,11,3,7,0,NAN,NAN,NAN,NAN,NAN
2017,11,3,7,30,NAN,NAN,NAN,NAN,NAN
2017,11,3,8,0,NAN,NAN,NAN,NAN,NAN
2017,11,3,8,30,NAN,NAN,NAN,NAN,NAN
2017,11,3,9,0,NAN,NAN,NAN,NAN,NAN
2017,11,3,9,30,NAN,NAN,NAN,NAN,NAN
2017,11,3,10,0,NAN,NAN,NAN,NAN,NAN
2017,11,3,10,30,NAN,NAN,NAN,NAN,NAN
2017,11,3,11,0,NAN,NAN,NAN,NAN,NAN
2017,11,3,11,30,NAN,NAN,NAN,NAN,NAN
2017,11,3,12,0,NAN,NAN,NAN,NAN,NAN
2017,11,3,12,30,NAN,NAN,NAN,NAN,NAN
2017,11,3,13,0,NAN,NAN,NAN,NAN,NAN
2017,11,3,13,30,NAN,NAN,NAN,NAN,NAN
2017,11,3,14,0,NAN,NAN,NAN,NAN,NAN
2017,11,3,14,30,NAN,NAN,NAN,NAN,NAN
2017,11,3,15,0,NAN,NAN,NAN,NAN,NAN
2017,11,3,15,30,NAN,NAN,NAN,NAN,NAN
2017,11,3,16,0,NAN,NAN,NAN,NAN,NAN
2017,11,3,16,30,NAN,NAN,NAN,NAN,NAN
2017,11,3,17,0,NAN,NAN,NAN,NAN,NAN
2017,11,3,17,30,NAN,NAN,NAN,NAN,NAN
2017,11,3,18,0,NAN,NAN,NAN,NAN,NAN
2017,11,3,18,30,NAN,NAN,NAN,NAN,NAN
2017,11,3,19,0,NAN,NAN,NAN,NAN,NAN
2017,11,3,19,30,NAN,NAN,NAN,NAN,NAN
2017,11,3,20,0,NAN,NAN,NAN,NAN,NAN
2017,11,3,20,30,NAN,NAN,NAN,NAN,NAN
2017,11,3,21,0,NAN,NAN,NAN,NAN,NAN
2017,11,3,21,30,NAN,NAN,NAN,NAN,NAN
2017,11,3,22,0,NAN,NAN,NAN,NAN,NAN
2017,11,3,22,30,NAN,NAN,NAN,NAN,NAN
2017,11,3,23,0,NAN,NAN,NAN,NAN,NAN
2017,11,3,23,30,NAN,NAN,NAN,NAN,NAN
2017,11,3,24,0,NAN,NAN,NAN,NAN,NAN
2017,11,4,0,30,NAN,NAN,NAN,NAN,NAN
2017,11,4,1,0,NAN,NAN,NAN,NAN,NAN
2017,11,4,1,30,NAN,NAN,NAN,NAN,NAN
2017,11,4,2,0,NAN,NAN,NAN,NAN,NAN
2017,11,4,2,30,NAN,NAN,NAN,NAN,NAN
2017,11,4,3,0,NAN,NAN,NAN,NAN,NAN
2017,11,4,3,30,NAN,NAN,NAN,NAN,NAN
2017,11,4,4,0,NAN,NAN,NAN,NAN,NAN
2017,11,4,4,30,NAN,NAN,NAN,NAN,NAN
2017,11,4,5,0,NAN,NAN,NAN,NAN,NAN
2017,11,4,5,30,NAN,NAN,NAN,NAN,NAN
2017,11,4,6,0,NAN,NAN,NAN,NAN,NAN
2017,11,4,6,30,NAN,NAN,NAN,NAN,NAN
2017,11,4,7,0,NAN,NAN,NAN,NAN,NAN
2017,11,4,7,30,NAN,NAN,NAN,NAN,NAN
2017,11,4,8,0,NAN,NAN,NAN,NAN,NAN
2017,11,4,8,30,NAN,NAN,NAN,NAN,NAN
2017,11,4,9,0,NAN,NAN,NAN,NAN,NAN
2017,11,4,9,30,NAN,NAN,NAN,NAN,NAN
2017,11,4,10,0,NAN,NAN,NAN,NAN,NAN
2017,11,4,10,30,NAN,NAN,NAN,NAN,NAN
2017,11,4,11,0,NAN,NAN,NAN,NAN,NAN
2017,11,4,11,30,NAN,NAN,NAN,NAN,NAN
2017,11,4,12,0,NAN,NAN,NAN,NAN,NAN
2017,11,4,12,30,NAN,NAN,NAN,NAN,NAN
2017,11,4,13,0,NAN,NAN,NAN,NAN,NAN
2017,11,4,13,30,NAN,NAN,NAN,NAN,NAN
2017,11,4,14,0,NAN,NAN,NAN,NAN,NAN
2017,11,4,14,30,NAN,NAN,NAN,NAN,NAN
2017,11,4,15,0,NAN,NAN,NAN,NAN,NAN
2017,11,4,15,30,NAN,NAN,NAN,NAN,NAN
2017,11,4,16,0,NAN,NAN,NAN,NAN,NAN
2017,11,4,16,30,NAN,NAN,NAN,NAN,NAN
2017,11,4,17,0,NAN,NAN,NAN,NAN,NAN
2017,11,4,17,30,NAN,NAN,NAN,NAN,NAN
2017,11,4,18,0,NAN,NAN,NAN,NAN,NAN
2017,11,4,18,30,NAN,NAN,NAN,NAN,NAN
2017,11,4,19,0,NAN,NAN,NAN,NAN,NAN
2017,11,4,19,30,NAN,NAN,NAN,NAN,NAN
2017,11,4,20,0,NAN,NAN,NAN,NAN,NAN
2017,11,4,20,30,NAN,NAN,NAN,NAN,NAN
2017,11,4,21,0,NAN,NAN,NAN,NAN,NAN
2017,11,4,21,30,NAN,NAN,NAN,NAN,NAN
2017,11,4,22,0,NAN,NAN,NAN,NAN,NAN
2017,11,4,22,30,NAN,NAN,NAN,NAN,NAN
2017,11,4,23,0,NAN,NAN,NAN,NAN,NAN
2017,11,4,23,30,NAN,NAN,NAN,NAN,NAN
2017,11,4,24,0,NAN,NAN,NAN,NAN,NAN
2017,11,5,0,30,NAN,NAN,NAN,NAN,NAN
2017,11,5,1,0,NAN,NAN,NAN,NAN,NAN
2017,11,5,1,30,NAN,NAN,NAN,NAN,NAN
2017,11,5,2,0,NAN,NAN,NAN,NAN,NAN
2017,11,5,2,30,NAN,NAN,NAN,NAN,NAN
2017,11,5,3,0,NAN,NAN,NAN,NAN,NAN
2017,11,5,3,30,NAN,NAN,NAN,NAN,NAN
2017,11,5,4,0,NAN,NAN,NAN,NAN,NAN
2017,11,5,4,30,NAN,NAN,NAN,NAN,NAN
2017,11,5,5,0,NAN,NAN,NAN,NAN,NAN
2017,11,5,5,30,NAN,NAN,NAN,NAN,NAN
2017,11,5,6,0,NAN,NAN,NAN,NAN,NAN
2017,11,5,6,30,NAN,NAN,NAN,NAN,NAN
2017,11,5,7,0,NAN,NAN,NAN,NAN,NAN
2017,11,5,7,30,NAN,NAN,NAN,NAN,NAN
2017,11,5,8,0,NAN,NAN,NAN,NAN,NAN
2017,11,5,8,30,NAN,NAN,NAN,NAN,NAN
2017,11,5,9,0,NAN,NAN,NAN,NAN,NAN
2017,11,5,9,30,NAN,NAN,NAN,NAN,NAN
2017,11,5,10,0,NAN,NAN,NAN,NAN,NAN
2017,11,5,10,30,NAN,NAN,NAN,NAN,NAN
2017,11,5,11,0,NAN,NAN,NAN,NAN,NAN
2017,11,5,11,30,NAN,NAN,NAN,NAN,NAN
2017,11,5,12,0,NAN,NAN,NAN,NAN,NAN
2017,11,5,12,30,NAN,NAN,NAN,NAN,NAN
2017,11,5,13,0,NAN,NAN,NAN,NAN,NAN
2017,11,5,13,30,NAN,NAN,NAN,NAN,NAN
2017,11,5,14,0,NAN,NAN,NAN,NAN,NAN
2017,11,5,14,30,NAN,NAN,NAN,NAN,NAN
2017,11,5,15,0,NAN,NAN,NAN,NAN,NAN
2017,11,5,15,30,NAN,NAN,NAN,NAN,NAN
2017,11,5,16,0,NAN,NAN,NAN,NAN,NAN
2017,11,5,16,30,NAN,NAN,NAN,NAN,NAN
2017,11,5,17,0,NAN,NAN,NAN,NAN,NAN
2017,11,5,17,30,NAN,NAN,NAN,NAN,NAN
2017,11,5,18,0,NAN,NAN,NAN,NAN,NAN
2017,11,5,18,30,NAN,NAN,NAN,NAN,NAN
2017,11,5,19,0,NAN,NAN,NAN,NAN,NAN
2017,11,5,19,30,NAN,NAN,NAN,NAN,NAN
2017,11,5,20,0,NAN,NAN,NAN,NAN,NAN
2017,11,5,20,30,NAN,NAN,NAN,NAN,NAN
2017,11,5,21,0,NAN,NAN,NAN,NAN,NAN
2017,11,5,21,30,NAN,NAN,NAN,NAN,NAN
2017,11,5,22,0,NAN,NAN,NAN,NAN,NAN
2017,11,5,22,30,NAN,NAN,NAN,NAN,NAN
2017,11,5,23,0,NAN,NAN,NAN,NAN,NAN
2017,11,5,23,30,NAN,NAN,NAN,NAN,NAN
2017,11,5,24,0,NAN,NAN,NAN,NAN,NAN
2017,11,6,0,30,NAN,NAN,NAN,NAN,NAN
2017,11,6,1,0,NAN,NAN,NAN,NAN,NAN
2017,11,6,1,30,NAN,NAN,NAN,NAN,NAN
2017,11,6,2,0,NAN,NAN,NAN,NAN,NAN
2017,11,6,2,30,NAN,NAN,NAN,NAN,NAN
2017,11,6,3,0,NAN,NAN,NAN,NAN,NAN
2017,11,6,3,30,NAN,NAN,NAN,NAN,NAN
2017,11,6,4,0,NAN,NAN,NAN,NAN,NAN
2017,11,6,4,30,NAN,NAN,NAN,NAN,NAN
2017,11,6,5,0,NAN,NAN,NAN,NAN,NAN
2017,11,6,5,30,NAN,NAN,NAN,NAN,NAN
2017,11,6,6,0,NAN,NAN,NAN,NAN,NAN
2017,11,6,6,30,NAN,NAN,NAN,NAN,NAN
2017,11,6,7,0,NAN,NAN,NAN,NAN,NAN
2017,11,6,7,30,NAN,NAN,NAN,NAN,NAN
2017,11,6,8,0,NAN,NAN,NAN,NAN,NAN
2017,11,6,8,30,NAN,NAN,NAN,NAN,NAN
2017,11,6,9,0,NAN,NAN,NAN,NAN,NAN
2017,11,6,9,30,NAN,NAN,NAN,NAN,NAN
2017,11,6,10,0,NAN,NAN,NAN,NAN,NAN
2017,11,6,10,30,NAN,NAN,NAN,NAN,NAN
2017,11,6,11,0,NAN,NAN,NAN,NAN,NAN
2017,11,6,11,30,NAN,NAN,NAN,NAN,NAN
2017,11,6,12,0,NAN,NAN,NAN,NAN,NAN
2017,11,6,12,30,NAN,NAN,NAN,NAN,NAN
2017,11,6,13,0,NAN,NAN,NAN,NAN,NAN
2017,11,6,13,30,NAN,NAN,NAN,NAN,NAN
2017,11,6,14,0,NAN,NAN,NAN,NAN,NAN
2017,11,6,14,30,NAN,NAN,NAN,NAN,NAN
2017,11,6,15,0,NAN,NAN,NAN,NAN,NAN
2017,11,6,15,30,NAN,NAN,NAN,NAN,NAN
2017,11,6,16,0,NAN,NAN,NAN,NAN,NAN
2017,11,6,16,30,NAN,NAN,NAN,NAN,NAN
2017,11,6,17,0,NAN,NAN,NAN,NAN,NAN
2017,11,6,17,30,NAN,NAN,NAN,NAN,NAN
2017,11,6,18,0,NAN,NAN,NAN,NAN,NAN
2017,11,6,18,30,NAN,NAN,NAN,NAN,NAN
2017,11,6,19,0,NAN,NAN,NAN,NAN,NAN
2017,11,6,19,30,NAN,NAN,NAN,NAN,NAN
2017,11,6,20,0,NAN,NAN,NAN,NAN,NAN
2017,11,6,20,30,NAN,NAN,NAN,NAN,NAN
2017,11,6,21,0,NAN,NAN,NAN,NAN,NAN
2017,11,6,21,30,NAN,NAN,NAN,NAN,NAN
2017,11,6,22,0,NAN,NAN,NAN,NAN,NAN
2017,11,6,22,30,NAN,NAN,NAN,NAN,NAN
2017,11,6,23,0,NAN,NAN,NAN,NAN,NAN
2017,11,6,23,30,NAN,NAN,NAN,NAN,NAN
2017,11,6,24,0,NAN,NAN,NAN,NAN,NAN
2017,11,7,0,30,NAN,NAN,NAN,NAN,NAN
2017,11,7,1,0,NAN,NAN,NAN,NAN,NAN
2017,11,7,1,30,NAN,NAN,NAN,NAN,NAN
2017,11,7,2,0,NAN,NAN,NAN,NAN,NAN
2017,11,7,2,30,NAN,NAN,NAN,NAN,NAN
2017,11,7,3,0,NAN,NAN,NAN,NAN,NAN
2017,11,7,3,30,NAN,NAN,NAN,NAN,NAN
2017,11,7,4,0,NAN,NAN,NAN,NAN,NAN
2017,11,7,4,30,NAN,NAN,NAN,NAN,NAN
2017,11,7,5,0,NAN,NAN,NAN,NAN,NAN
2017,11,7,5,30,NAN,NAN,NAN,NAN,NAN
2017,11,7,6,0,NAN,NAN,NAN,NAN,NAN
2017,11,7,6,30,NAN,NAN,NAN,NAN,NAN
2017,11,7,7,0,NAN,NAN,NAN,NAN,NAN
2017,11,7,7,30,NAN,NAN,NAN,NAN,NAN
2017,11,7,8,0,NAN,NAN,NAN,NAN,NAN
2017,11,7,8,30,NAN,NAN,NAN,NAN,NAN
2017,11,7,9,0,NAN,NAN,NAN,NAN,NAN
2017,11,7,9,30,NAN,NAN,NAN,NAN,NAN
2017,11,7,10,0,NAN,NAN,NAN,NAN,NAN
2017,11,7,10,30,NAN,NAN,NAN,NAN,NAN
2017,11,7,11,0,NAN,NAN,NAN,NAN,NAN
2017,11,7,11,30,NAN,NAN,NAN,NAN,NAN
2017,11,7,12,0,NAN,NAN,NAN,NAN,NAN
2017,11,7,12,30,NAN,NAN,NAN,NAN,NAN
2017,11,7,13,0,NAN,NAN,NAN,NAN,NAN
2017,11,7,13,30,NAN,NAN,NAN,NAN,NAN
2017,11,7,14,0,NAN,NAN,NAN,NAN,NAN
2017,11,7,14,30,NAN,NAN,NAN,NAN,NAN
2017,11,7,15,0,NAN,NAN,NAN,NAN,NAN
2017,11,7,15,30,NAN,NAN,NAN,NAN,NAN
2017,11,7,16,0,NAN,NAN,NAN,NAN,NAN
2017,11,7,16,30,NAN,NAN,NAN,NAN,NAN
2017,11,7,17,0,NAN,NAN,NAN,NAN,NAN
2017,11,7,17,30,NAN,NAN,NAN,NAN,NAN
2017,11,7,18,0,NAN,NAN,NAN,NAN,NAN
2017,11,7,18,30,NAN,NAN,NAN,NAN,NAN
2017,11,7,19,0,NAN,NAN,NAN,NAN,NAN
2017,11,7,19,30,NAN,NAN,NAN,NAN,NAN
2017,11,7,20,0,NAN,NAN,NAN,NAN,NAN
2017,11,7,20,30,NAN,NAN,NAN,NAN,NAN
2017,11,7,21,0,NAN,NAN,NAN,NAN,NAN
2017,11,7,21,30,NAN,NAN,NAN,NAN,NAN
2017,11,7,22,0,NAN,NAN,NAN,NAN,NAN
2017,11,7,22,30,NAN,NAN,NAN,NAN,NAN
2017,11,7,23,0,NAN,NAN,NAN,NAN,NAN
2017,11,7,23,30,NAN,NAN,NAN,NAN,NAN
2017,11,7,24,0,NAN,NAN,NAN,NAN,NAN
2017,11,8,0,30,NAN,NAN,NAN,NAN,NAN
2017,11,8,1,0,NAN,NAN,NAN,NAN,NAN
2017,11,8,1,30,NAN,NAN,NAN,NAN,NAN
2017,11,8,2,0,NAN,NAN,NAN,NAN,NAN
2017,11,8,2,30,NAN,NAN,NAN,NAN,NAN
2017,11,8,3,0,NAN,NAN,NAN,NAN,NAN
2017,11,8,3,30,NAN,NAN,NAN,NAN,NAN
2017,11,8,4,0,NAN,NAN,NAN,NAN,NAN
2017,11,8,4,30,NAN,NAN,NAN,NAN,NAN
2017,11,8,5,0,NAN,NAN,NAN,NAN,NAN
2017,11,8,5,30,NAN,NAN,NAN,NAN,NAN
2017,11,8,6,0,NAN,NAN,NAN,NAN,NAN
2017,11,8,6,30,NAN,NAN,NAN,NAN,NAN
2017,11,8,7,0,NAN,NAN,NAN,NAN,NAN
2017,11,8,7,30,NAN,NAN,NAN,NAN,NAN
2017,11,8,8,0,NAN,NAN,NAN,NAN,NAN
2017,11,8,8,30,NAN,NAN,NAN,NAN,NAN
2017,11,8,9,0,NAN,NAN,NAN,NAN,NAN
2017,11,8,9,30,NAN,NAN,NAN,NAN,NAN
2017,11,8,10,0,NAN,NAN,NAN,NAN,NAN
2017,11,8,10,30,NAN,NAN,NAN,NAN,NAN
2017,11,8,11,0,NAN,NAN,NAN,NAN,NAN
2017,11,8,11,30,NAN,NAN,NAN,NAN,NAN
2017,11,8,12,0,NAN,NAN,NAN,NAN,NAN
2017,11,8,12,30,NAN,NAN,NAN,NAN,NAN
2017,11,8,13,0,NAN,NAN,NAN,NAN,NAN
2017,11,8,13,30,NAN,NAN,NAN,NAN,NAN
2017,11,8,14,0,NAN,NAN,NAN,NAN,NAN
2017,11,8,14,30,NAN,NAN,NAN,NAN,NAN
2017,11,8,15,0,NAN,NAN,NAN,NAN,NAN
2017,11,8,15,30,NAN,NAN,NAN,NAN,NAN
2017,11,8,16,0,NAN,NAN,NAN,NAN,NAN
2017,11,8,16,30,NAN,NAN,NAN,NAN,NAN
2017,11,8,17,0,NAN,NAN,NAN,NAN,NAN
2017,11,8,17,30,NAN,NAN,NAN,NAN,NAN
2017,11,8,18,0,NAN,NAN,NAN,NAN,NAN
2017,11,8,18,30,NAN,NAN,NAN,NAN,NAN
2017,11,8,19,0,NAN,NAN,NAN,NAN,NAN
2017,11,8,19,30,NAN,NAN,NAN,NAN,NAN
2017,11,8,20,0,NAN,NAN,NAN,NAN,NAN
2017,11,8,20,30,NAN,NAN,NAN,NAN,NAN
2017,11,8,21,0,NAN,NAN,NAN,NAN,NAN
2017,11,8,21,30,NAN,NAN,NAN,NAN,NAN
2017,11,8,22,0,NAN,NAN,NAN,NAN,NAN
2017,11,8,22,30,NAN,NAN,NAN,NAN,NAN
2017,11,8,23,0,NAN,NAN,NAN,NAN,NAN
2017,11,8,23,30,NAN,NAN,NAN,NAN,NAN
2017,11,8,24,0,NAN,NAN,NAN,NAN,NAN
2017,11,9,0,30,NAN,NAN,NAN,NAN,NAN
2017,11,9,1,0,NAN,NAN,NAN,NAN,NAN
2017,11,9,1,30,NAN,NAN,NAN,NAN,NAN
2017,11,9,2,0,NAN,NAN,NAN,NAN,NAN
2017,11,9,2,30,NAN,NAN,NAN,NAN,NAN
2017,11,9,3,0,NAN,NAN,NAN,NAN,NAN
2017,11,9,3,30,NAN,NAN,NAN,NAN,NAN
2017,11,9,4,0,NAN,NAN,NAN,NAN,NAN
2017,11,9,4,30,NAN,NAN,NAN,NAN,NAN
2017,11,9,5,0,NAN,NAN,NAN,NAN,NAN
2017,11,9,5,30,NAN,NAN,NAN,NAN,NAN
2017,11,9,6,0,NAN,NAN,NAN,NAN,NAN
2017,11,9,6,30,NAN,NAN,NAN,NAN,NAN
2017,11,9,7,0,NAN,NAN,NAN,NAN,NAN
2017,11,9,7,30,NAN,NAN,NAN,NAN,NAN
2017,11,9,8,0,NAN,NAN,NAN,NAN,NAN
2017,11,9,8,30,NAN,NAN,NAN,NAN,NAN
2017,11,9,9,0,NAN,NAN,NAN,NAN,NAN
2017,11,9,9,30,NAN,NAN,NAN,NAN,NAN
2017,11,9,10,0,NAN,NAN,NAN,NAN,NAN
2017,11,9,10,30,NAN,NAN,NAN,NAN,NAN
2017,11,9,11,0,NAN,NAN,NAN,NAN,NAN
2017,11,9,11,30,NAN,NAN,NAN,NAN,NAN
2017,11,9,12,0,NAN,NAN,NAN,NAN,NAN
2017,11,9,12,30,NAN,NAN,NAN,NAN,NAN
2017,11,9,13,0,NAN,NAN,NAN,NAN,NAN
2017,11,9,13,30,NAN,NAN,NAN,NAN,NAN
2017,11,9,14,0,NAN,NAN,NAN,NAN,NAN
2017,11,9,14,30,NAN,NAN,NAN,NAN,NAN
2017,11,9,15,0,NAN,NAN,NAN,NAN,NAN
2017,11,9,15,30,NAN,NAN,NAN,NAN,NAN
2017,11,9,16,0,NAN,NAN,NAN,NAN,NAN
2017,11,9,16,30,NAN,NAN,NAN,NAN,NAN
2017,11,9,17,0,NAN,NAN,NAN,NAN,NAN
2017,11,9,17,30,NAN,NAN,NAN,NAN,NAN
2017,11,9,18,0,NAN,NAN,NAN,NAN,NAN
2017,11,9,18,30,NAN,NAN,NAN,NAN,NAN
2017,11,9,19,0,NAN,NAN,NAN,NAN,NAN
2017,11,9,19,30,NAN,NAN,NAN,NAN,NAN
2017,11,9,20,0,NAN,NAN,NAN,NAN,NAN
2017,11,9,20,30,NAN,NAN,NAN,NAN,NAN
2017,11,9,21,0,NAN,NAN,NAN,NAN,NAN
2017,11,9,21,30,NAN,NAN,NAN,NAN,NAN
2017,11,9,22,0,NAN,NAN,NAN,NAN,NAN
2017,11,9,22,30,NAN,NAN,NAN,NAN,NAN
2017,11,9,23,0,NAN,NAN,NAN,NAN,NAN
2017,11,9,23,30,NAN,NAN,NAN,NAN,NAN
2017,11,9,24,0,NAN,NAN,NAN,NAN,NAN
2017,11,10,0,30,NAN,NAN,NAN,NAN,NAN
2017,11,10,1,0,NAN,NAN,NAN,NAN,NAN
2017,11,10,1,30,NAN,NAN,NAN,NAN,NAN
2017,11,10,2,0,NAN,NAN,NAN,NAN,NAN
2017,11,10,2,30,NAN,NAN,NAN,NAN,NAN
2017,11,10,3,0,NAN,NAN,NAN,NAN,NAN
2017,11,10,3,30,NAN,NAN,NAN,NAN,NAN
2017,11,10,4,0,NAN,NAN,NAN,NAN,NAN
2017,11,10,4,30,NAN,NAN,NAN,NAN,NAN
2017,11,10,5,0,NAN,NAN,NAN,NAN,NAN
2017,11,10,5,30,NAN,NAN,NAN,NAN,NAN
2017,11,10,6,0,NAN,NAN,NAN,NAN,NAN
2017,11,10,6,30,NAN,NAN,NAN,NAN,NAN
2017,11,10,7,0,NAN,NAN,NAN,NAN,NAN
2017,11,10,7,30,NAN,NAN,NAN,NAN,NAN
2017,11,10,8,0,NAN,NAN,NAN,NAN,NAN
2017,11,10,8,30,NAN,NAN,NAN,NAN,NAN
2017,11,10,9,0,NAN,NAN,NAN,NAN,NAN
2017,11,10,9,30,NAN,NAN,NAN,NAN,NAN
2017,11,10,10,0,NAN,NAN,NAN,NAN,NAN
2017,11,10,10,30,NAN,NAN,NAN,NAN,NAN
2017,11,10,11,0,NAN,NAN,NAN,NAN,NAN
2017,11,10,11,30,NAN,NAN,NAN,NAN,NAN
2017,11,10,12,0,NAN,NAN,NAN,NAN,NAN
2017,11,10,12,30,NAN,NAN,NAN,NAN,NAN
2017,11,10,13,0,NAN,NAN,NAN,NAN,NAN
2017,11,10,13,30,NAN,NAN,NAN,NAN,NAN
2017,11,10,14,0,NAN,NAN,NAN,NAN,NAN
2017,11,10,14,30,NAN,NAN,NAN,NAN,NAN
2017,11,10,15,0,NAN,NAN,NAN,NAN,NAN
2017,11,10,15,30,NAN,NAN,NAN,NAN,NAN
2017,11,10,16,0,NAN,NAN,NAN,NAN,NAN
2017,11,10,16,30,NAN,NAN,NAN,NAN,NAN
2017,11,10,17,0,NAN,NAN,NAN,NAN,NAN
2017,11,10,17,30,NAN,NAN,NAN,NAN,NAN
2017,11,10,18,0,NAN,NAN,NAN,NAN,NAN
2017,11,10,18,30,NAN,NAN,NAN,NAN,NAN
2017,11,10,19,0,NAN,NAN,NAN,NAN,NAN
2017,11,10,19,30,NAN,NAN,NAN,NAN,NAN
2017,11,10,20,0,NAN,NAN,NAN,NAN,NAN
2017,11,10,20,30,NAN,NAN,NAN,NAN,NAN
2017,11,10,21,0,NAN,NAN,NAN,NAN,NAN
2017,11,10,21,30,NAN,NAN,NAN,NAN,NAN
2017,11,10,22,0,NAN,NAN,NAN,NAN,NAN
2017,11,10,22,30,NAN,NAN,NAN,NAN,NAN
2017,11,10,23,0,NAN,NAN,NAN,NAN,NAN
2017,11,10,23,30,NAN,NAN,NAN,NAN,NAN
2017,11,10,24,0,NAN,NAN,NAN,NAN,NAN
2017,11,11,0,30,NAN,NAN,NAN,NAN,NAN
2017,11,11,1,0,NAN,NAN,NAN,NAN,NAN
2017,11,11,1,30,NAN,NAN,NAN,NAN,NAN
2017,11,11,2,0,NAN,NAN,NAN,NAN,NAN
2017,11,11,2,30,NAN,NAN,NAN,NAN,NAN
2017,11,11,3,0,NAN,NAN,NAN,NAN,NAN
2017,11,11,3,30,NAN,NAN,NAN,NAN,NAN
2017,11,11,4,0,NAN,NAN,NAN,NAN,NAN
2017,11,11,4,30,NAN,NAN,NAN,NAN,NAN
2017,11,11,5,0,NAN,NAN,NAN,NAN,NAN
2017,11,11,5,30,NAN,NAN,NAN,NAN,NAN
2017,11,11,6,0,NAN,NAN,NAN,NAN,NAN
2017,11,11,6,30,NAN,NAN,NAN,NAN,NAN
2017,11,11,7,0,NAN,NAN,NAN,NAN,NAN
2017,11,11,7,30,NAN,NAN,NAN,NAN,NAN
2017,11,11,8,0,NAN,NAN,NAN,NAN,NAN
2017,11,11,8,30,NAN,NAN,NAN,NAN,NAN
2017,11,11,9,0,NAN,NAN,NAN,NAN,NAN
2017,11,11,9,30,NAN,NAN,NAN,NAN,NAN
2017,11,11,10,0,NAN,NAN,NAN,NAN,NAN
2017,11,11,10,30,NAN,NAN,NAN,NAN,NAN
2017,11,11,11,0,NAN,NAN,NAN,NAN,NAN
2017,11,11,11,30,NAN,NAN,NAN,NAN,NAN
2017,11,11,12,0,NAN,NAN,NAN,NAN,NAN
2017,11,11,12,30,NAN,NAN,NAN,NAN,NAN
2017,11,11,13,0,NAN,NAN,NAN,NAN,NAN
2017,11,11,13,30,NAN,NAN,NAN,NAN,NAN
2017,11,11,14,0,NAN,NAN,NAN,NAN,NAN
2017,11,11,14,30,NAN,NAN,NAN,NAN,NAN
2017,11,11,15,0,NAN,NAN,NAN,NAN,NAN
2017,11,11,15,30,NAN,NAN,NAN,NAN,NAN
2017,11,11,16,0,NAN,NAN,NAN,NAN,NAN
2017,11,11,16,30,NAN,NAN,NAN,NAN,NAN
2017,11,11,17,0,NAN,NAN,NAN,NAN,NAN
2017,11,11,17,30,NAN,NAN,NAN,NAN,NAN
2017,11,11,18,0,NAN,NAN,NAN,NAN,NAN
2017,11,11,18,30,NAN,NAN,NAN,NAN,NAN
2017,11,11,19,0,NAN,NAN,NAN,NAN,NAN
2017,11,11,19,30,NAN,NAN,NAN,NAN,NAN
2017,11,11,20,0,NAN,NAN,NAN,NAN,NAN
2017,11,11,20,30,NAN,NAN,NAN,NAN,NAN
2017,11,11,21,0,NAN,NAN,NAN,NAN,NAN
2017,11,11,21,30,NAN,NAN,NAN,NAN,NAN
2017,11,11,22,0,NAN,NAN,NAN,NAN,NAN
2017,11,11,22,30,NAN,NAN,NAN,NAN,NAN
2017,11,11,23,0,NAN,NAN,NAN,NAN,NAN
2017,11,11,23,30,NAN,NAN,NAN,NAN,NAN
2017,11,11,24,0,NAN,NAN,NAN,NAN,NAN
2017,11,12,0,30,NAN,NAN,NAN,NAN,NAN
2017,11,12,1,0,NAN,NAN,NAN,NAN,NAN
2017,11,12,1,30,NAN,NAN,NAN,NAN,NAN
2017,11,12,2,0,NAN,NAN,NAN,NAN,NAN
2017,11,12,2,30,NAN,NAN,NAN,NAN,NAN
2017,11,12,3,0,NAN,NAN,NAN,NAN,NAN
2017,11,12,3,30,NAN,NAN,NAN,NAN,NAN
2017,11,12,4,0,NAN,NAN,NAN,NAN,NAN
2017,11,12,4,30,NAN,NAN,NAN,NAN,NAN
2017,11,12,5,0,NAN,NAN,NAN,NAN,NAN
2017,11,12,5,30,NAN,NAN,NAN,NAN,NAN
2017,11,12,6,0,NAN,NAN,NAN,NAN,NAN
2017,11,12,6,30,NAN,NAN,NAN,NAN,NAN
2017,11,12,7,0,NAN,NAN,NAN,NAN,NAN
2017,11,12,7,30,NAN,NAN,NAN,NAN,NAN
2017,11,12,8,0,NAN,NAN,NAN,NAN,NAN
2017,11,12,8,30,NAN,NAN,NAN,NAN,NAN
2017,11,12,9,0,NAN,NAN,NAN,NAN,NAN
2017,11,12,9,30,NAN,NAN,NAN,NAN,NAN
2017,11,12,10,0,NAN,NAN,NAN,NAN,NAN
2017,11,12,10,30,NAN,NAN,NAN,NAN,NAN
2017,11,12,11,0,NAN,NAN,NAN,NAN,NAN
2017,11,12,11,30,NAN,NAN,NAN,NAN,NAN
2017,11,12,12,0,NAN,NAN,NAN,NAN,NAN
2017,11,12,12,30,NAN,NAN,NAN,NAN,NAN
2017,11,12,13,0,NAN,NAN,NAN,NAN,NAN
2017,11,12,13,30,NAN,NAN,NAN,NAN,NAN
2017,11,12,14,0,NAN,NAN,NAN,NAN,NAN
2017,11,12,14,30,NAN,NAN,NAN,NAN,NAN
2017,11,12,15,0,NAN,NAN,NAN,NAN,NAN
2017,11,12,15,30,NAN,NAN,NAN,NAN,NAN
2017,11,12,16,0,NAN,NAN,NAN,NAN,NAN
2017,11,12,16,30,NAN,NAN,NAN,NAN,NAN
2017,11,12,17,0,NAN,NAN,NAN,NAN,NAN
2017,11,12,17,30,NAN,NAN,NAN,NAN,NAN
2017,11,12,18,0,NAN,NAN,NAN,NAN,NAN
2017,11,12,18,30,NAN,NAN,NAN,NAN,NAN
2017,11,12,19,0,NAN,NAN,NAN,NAN,NAN
2017,11,12,19,30,NAN,NAN,NAN,NAN,NAN
2017,11,12,20,0,NAN,NAN,NAN,NAN,NAN
2017,11,12,20,30,NAN,NAN,NAN,NAN,NAN
2017,11,12,21,0,NAN,NAN,NAN,NAN,NAN
2017,11,12,21,30,NAN,NAN,NAN,NAN,NAN
2017,11,12,22,0,NAN,NAN,NAN,NAN,NAN
2017,11,12,22,30,NAN,NAN,NAN,NAN,NAN
2017,11,12,23,0,NAN,NAN,NAN,NAN,NAN
2017,11,12,23,30,NAN,NAN,NAN,NAN,NAN
2017,11,12,24,0,NAN,NAN,NAN,NAN,NAN
2017,11,13,0,30,NAN,NAN,NAN,NAN,NAN
2017,11,13,1,0,NAN,NAN,NAN,NAN,NAN
2017,11,13,1,30,NAN,NAN,NAN,NAN,NAN
2017,11,13,2,0,NAN,NAN,NAN,NAN,NAN
2017,11,13,2,30,NAN,NAN,NAN,NAN,NAN
2017,11,13,3,0,NAN,NAN,NAN,NAN,NAN
2017,11,13,3,30,NAN,NAN,NAN,NAN,NAN
2017,11,13,4,0,NAN,NAN,NAN,NAN,NAN
2017,11,13,4,30,NAN,NAN,NAN,NAN,NAN
2017,11,13,5,0,NAN,NAN,NAN,NAN,NAN
2017,11,13,5,30,NAN,NAN,NAN,NAN,NAN
2017,11,13,6,0,NAN,NAN,NAN,NAN,NAN
2017,11,13,6,30,NAN,NAN,NAN,NAN,NAN
2017,11,13,7,0,NAN,NAN,NAN,NAN,NAN
2017,11,13,7,30,NAN,NAN,NAN,NAN,NAN
2017,11,13,8,0,NAN,NAN,NAN,NAN,NAN
2017,11,13,8,30,NAN,NAN,NAN,NAN,NAN
2017,11,13,9,0,NAN,NAN,NAN,NAN,NAN
2017,11,13,9,30,NAN,NAN,NAN,NAN,NAN
2017,11,13,10,0,NAN,NAN,NAN,NAN,NAN
2017,11,13,10,30,NAN,NAN,NAN,NAN,NAN
2017,11,13,11,0,NAN,NAN,NAN,NAN,NAN
2017,11,13,11,30,NAN,NAN,NAN,NAN,NAN
2017,11,13,12,0,NAN,NAN,NAN,NAN,NAN
2017,11,13,12,30,NAN,NAN,NAN,NAN,NAN
2017,11,13,13,0,NAN,NAN,NAN,NAN,NAN
2017,11,13,13,30,NAN,NAN,NAN,NAN,NAN
2017,11,13,14,0,NAN,NAN,NAN,NAN,NAN
2017,11,13,14,30,NAN,NAN,NAN,NAN,NAN
2017,11,13,15,0,NAN,NAN,NAN,NAN,NAN
2017,11,13,15,30,NAN,NAN,NAN,NAN,NAN
2017,11,13,16,0,NAN,NAN,NAN,NAN,NAN
2017,11,13,16,30,NAN,NAN,NAN,NAN,NAN
2017,11,13,17,0,NAN,NAN,NAN,NAN,NAN
2017,11,13,17,30,NAN,NAN,NAN,NAN,NAN
2017,11,13,18,0,NAN,NAN,NAN,NAN,NAN
2017,11,13,18,30,NAN,NAN,NAN,NAN,NAN
2017,11,13,19,0,NAN,NAN,NAN,NAN,NAN
2017,11,13,19,30,NAN,NAN,NAN,NAN,NAN
2017,11,13,20,0,NAN,NAN,NAN,NAN,NAN
2017,11,13,20,30,NAN,NAN,NAN,NAN,NAN
2017,11,13,21,0,NAN,NAN,NAN,NAN,NAN
2017,11,13,21,30,NAN,NAN,NAN,NAN,NAN
2017,11,13,22,0,NAN,NAN,NAN,NAN,NAN
2017,11,13,22,30,NAN,NAN,NAN,NAN,NAN
2017,11,13,23,0,NAN,NAN,NAN,NAN,NAN
2017,11,13,23,30,NAN,NAN,NAN,NAN,NAN
2017,11,13,24,0,NAN,NAN,NAN,NAN,NAN
2017,11,14,0,30,NAN,NAN,NAN,NAN,NAN
2017,11,14,1,0,NAN,NAN,NAN,NAN,NAN
2017,11,14,1,30,NAN,NAN,NAN,NAN,NAN
2017,11,14,2,0,NAN,NAN,NAN,NAN,NAN
2017,11,14,2,30,NAN,NAN,NAN,NAN,NAN
2017,11,14,3,0,NAN,NAN,NAN,NAN,NAN
2017,11,14,3,30,NAN,NAN,NAN,NAN,NAN
2017,11,14,4,0,NAN,NAN,NAN,NAN,NAN
2017,11,14,4,30,NAN,NAN,NAN,NAN,NAN
2017,11,14,5,0,NAN,NAN,NAN,NAN,NAN
2017,11,14,5,30,NAN,NAN,NAN,NAN,NAN
2017,11,14,6,0,NAN,NAN,NAN,NAN,NAN
2017,11,14,6,30,NAN,NAN,NAN,NAN,NAN
2017,11,14,7,0,NAN,NAN,NAN,NAN,NAN
2017,11,14,7,30,NAN,NAN,NAN,NAN,NAN
2017,11,14,8,0,NAN,NAN,NAN,NAN,NAN
2017,11,14,8,30,NAN,NAN,NAN,NAN,NAN
2017,11,14,9,0,NAN,NAN,NAN,NAN,NAN
2017,11,14,9,30,NAN,NAN,NAN,NAN,NAN
2017,11,14,10,0,NAN,NAN,NAN,NAN,NAN
2017,11,14,10,30,NAN,NAN,NAN,NAN,NAN
2017,11,14,11,0,NAN,NAN,NAN,NAN,NAN
2017,11,14,11,30,NAN,NAN,NAN,NAN,NAN
2017,11,14,12,0,NAN,NAN,NAN,NAN,NAN
2017,11,14,12,30,NAN,NAN,NAN,NAN,NAN
2017,11,14,13,0,NAN,NAN,NAN,NAN,NAN
2017,11,14,13,30,NAN,NAN,NAN,NAN,NAN
2017,11,14,14,0,NAN,NAN,NAN,NAN,NAN
2017,11,14,14,30,NAN,NAN,NAN,NAN,NAN
2017,11,14,15,0,NAN,NAN,NAN,NAN,NAN
2017,11,14,15,30,NAN,NAN,NAN,NAN,NAN
2017,11,14,16,0,NAN,NAN,NAN,NAN,NAN
2017,11,14,16,30,NAN,NAN,NAN,NAN,NAN
2017,11,14,17,0,NAN,NAN,NAN,NAN,NAN
2017,11,14,17,30,NAN,NAN,NAN,NAN,NAN
2017,11,14,18,0,NAN,NAN,NAN,NAN,NAN
2017,11,14,18,30,NAN,NAN,NAN,NAN,NAN
2017,11,14,19,0,NAN,NAN,NAN,NAN,NAN
2017,11,14,19,30,NAN,NAN,NAN,NAN,NAN
2017,11,14,20,0,NAN,NAN,NAN,NAN,NAN
2017,11,14,20,30,NAN,NAN,NAN,NAN,NAN
2017,11,14,21,0,NAN,NAN,NAN,NAN,NAN
2017,11,14,21,30,NAN,NAN,NAN,NAN,NAN
2017,11,14,22,0,NAN,NAN,NAN,NAN,NAN
2017,11,14,22,30,NAN,NAN,NAN,NAN,NAN
2017,11,14,23,0,NAN,NAN,NAN,NAN,NAN
2017,11,14,23,30,NAN,NAN,NAN,NAN,NAN
2017,11,14,24,0,NAN,NAN,NAN,NAN,NAN
2017,11,15,0,30,NAN,NAN,NAN,NAN,NAN
2017,11,15,1,0,NAN,NAN,NAN,NAN,NAN
2017,11,15,1,30,NAN,NAN,NAN,NAN,NAN
2017,11,15,2,0,NAN,NAN,NAN,NAN,NAN
2017,11,15,2,30,NAN,NAN,NAN,NAN,NAN
2017,11,15,3,0,NAN,NAN,NAN,NAN,NAN
2017,11,15,3,30,NAN,NAN,NAN,NAN,NAN
2017,11,15,4,0,NAN,NAN,NAN,NAN,NAN
2017,11,15,4,30,NAN,NAN,NAN,NAN,NAN
2017,11,15,5,0,NAN,NAN,NAN,NAN,NAN
2017,11,15,5,30,NAN,NAN,NAN,NAN,NAN
2017,11,15,6,0,NAN,NAN,NAN,NAN,NAN
2017,11,15,6,30,NAN,NAN,NAN,NAN,NAN
2017,11,15,7,0,NAN,NAN,NAN,NAN,NAN
2017,11,15,7,30,NAN,NAN,NAN,NAN,NAN
2017,11,15,8,0,NAN,NAN,NAN,NAN,NAN
2017,11,15,8,30,NAN,NAN,NAN,NAN,NAN
2017,11,15,9,0,NAN,NAN,NAN,NAN,NAN
2017,11,15,9,30,NAN,NAN,NAN,NAN,NAN
2017,11,15,10,0,NAN,NAN,NAN,NAN,NAN
2017,11,15,10,30,NAN,NAN,NAN,NAN,NAN
2017,11,15,11,0,NAN,NAN,NAN,NAN,NAN
2017,11,15,11,30,NAN,NAN,NAN,NAN,NAN
2017,11,15,12,0,NAN,NAN,NAN,NAN,NAN
2017,11,15,12,30,NAN,NAN,NAN,NAN,NAN
2017,11,15,13,0,NAN,NAN,NAN,NAN,NAN
2017,11,15,13,30,NAN,NAN,NAN,NAN,NAN
2017,11,15,14,0,NAN,NAN,NAN,NAN,NAN
2017,11,15,14,30,NAN,NAN,NAN,NAN,NAN
2017,11,15,15,0,NAN,NAN,NAN,NAN,NAN
2017,11,15,15,30,NAN,NAN,NAN,NAN,NAN
2017,11,15,16,0,NAN,NAN,NAN,NAN,NAN
2017,11,15,16,30,NAN,NAN,NAN,NAN,NAN
2017,11,15,17,0,NAN,NAN,NAN,NAN,NAN
2017,11,15,17,30,NAN,NAN,NAN,NAN,NAN
2017,11,15,18,0,NAN,NAN,NAN,NAN,NAN
2017,11,15,18,30,NAN,NAN,NAN,NAN,NAN
2017,11,15,19,0,NAN,NAN,NAN,NAN,NAN
2017,11,15,19,30,NAN,NAN,NAN,NAN,NAN
2017,11,15,20,0,NAN,NAN,NAN,NAN,NAN
2017,11,15,20,30,NAN,NAN,NAN,NAN,NAN
2017,11,15,21,0,NAN,NAN,NAN,NAN,NAN
2017,11,15,21,30,NAN,NAN,NAN,NAN,NAN
2017,11,15,22,0,NAN,NAN,NAN,NAN,NAN
2017,11,15,22,30,NAN,NAN,NAN,NAN,NAN
2017,11,15,23,0,NAN,NAN,NAN,NAN,NAN
2017,11,15,23,30,NAN,NAN,NAN,NAN,NAN
2017,11,15,24,0,NAN,NAN,NAN,NAN,NAN
2017,11,16,0,30,NAN,NAN,NAN,NAN,NAN
2017,11,16,1,0,NAN,NAN,NAN,NAN,NAN
2017,11,16,1,30,NAN,NAN,NAN,NAN,NAN
2017,11,16,2,0,NAN,NAN,NAN,NAN,NAN
2017,11,16,2,30,NAN,NAN,NAN,NAN,NAN
2017,11,16,3,0,NAN,NAN,NAN,NAN,NAN
2017,11,16,3,30,NAN,NAN,NAN,NAN,NAN
2017,11,16,4,0,NAN,NAN,NAN,NAN,NAN
2017,11,16,4,30,NAN,NAN,NAN,NAN,NAN
2017,11,16,5,0,NAN,NAN,NAN,NAN,NAN
2017,11,16,5,30,NAN,NAN,NAN,NAN,NAN
2017,11,16,6,0,NAN,NAN,NAN,NAN,NAN
2017,11,16,6,30,NAN,NAN,NAN,NAN,NAN
2017,11,16,7,0,NAN,NAN,NAN,NAN,NAN
2017,11,16,7,30,NAN,NAN,NAN,NAN,NAN
2017,11,16,8,0,NAN,NAN,NAN,NAN,NAN
2017,11,16,8,30,NAN,NAN,NAN,NAN,NAN
2017,11,16,9,0,NAN,NAN,NAN,NAN,NAN
2017,11,16,9,30,NAN,NAN,NAN,NAN,NAN
2017,11,16,10,0,NAN,NAN,NAN,NAN,NAN
2017,11,16,10,30,NAN,NAN,NAN,NAN,NAN
2017,11,16,11,0,NAN,NAN,NAN,NAN,NAN
2017,11,16,11,30,NAN,NAN,NAN,NAN,NAN
2017,11,16,12,0,NAN,NAN,NAN,NAN,NAN
2017,11,16,12,30,NAN,NAN,NAN,NAN,NAN
2017,11,16,13,0,NAN,NAN,NAN,NAN,NAN
2017,11,16,13,30,NAN,NAN,NAN,NAN,NAN
2017,11,16,14,0,NAN,NAN,NAN,NAN,NAN
2017,11,16,14,30,NAN,NAN,NAN,NAN,NAN
2017,11,16,15,0,NAN,NAN,NAN,NAN,NAN
2017,11,16,15,30,NAN,NAN,NAN,NAN,NAN
2017,11,16,16,0,NAN,NAN,NAN,NAN,NAN
2017,11,16,16,30,NAN,NAN,NAN,NAN,NAN
2017,11,16,17,0,NAN,NAN,NAN,NAN,NAN
2017,11,16,17,30,NAN,NAN,NAN,NAN,NAN
2017,11,16,18,0,NAN,NAN,NAN,NAN,NAN
2017,11,16,18,30,NAN,NAN,NAN,NAN,NAN
2017,11,16,19,0,NAN,NAN,NAN,NAN,NAN
2017,11,16,19,30,NAN,NAN,NAN,NAN,NAN
2017,11,16,20,0,NAN,NAN,NAN,NAN,NAN
2017,11,16,20,30,NAN,NAN,NAN,NAN,NAN
2017,11,16,21,0,NAN,NAN,NAN,NAN,NAN
2017,11,16,21,30,NAN,NAN,NAN,NAN,NAN
2017,11,16,22,0,NAN,NAN,NAN,NAN,NAN
2017,11,16,22,30,NAN,NAN,NAN,NAN,NAN
2017,11,16,23,0,NAN,NAN,NAN,NAN,NAN
2017,11,16,23,30,NAN,NAN,NAN,NAN,NAN
2017,11,16,24,0,NAN,NAN,NAN,NAN,NAN
2017,11,17,0,30,NAN,NAN,NAN,NAN,NAN
2017,11,17,1,0,NAN,NAN,NAN,NAN,NAN
2017,11,17,1,30,NAN,NAN,NAN,NAN,NAN
2017,11,17,2,0,NAN,NAN,NAN,NAN,NAN
2017,11,17,2,30,NAN,NAN,NAN,NAN,NAN
2017,11,17,3,0,NAN,NAN,NAN,NAN,NAN
2017,11,17,3,30,NAN,NAN,NAN,NAN,NAN
2017,11,17,4,0,NAN,NAN,NAN,NAN,NAN
2017,11,17,4,30,NAN,NAN,NAN,NAN,NAN
2017,11,17,5,0,NAN,NAN,NAN,NAN,NAN
2017,11,17,5,30,NAN,NAN,NAN,NAN,NAN
2017,11,17,6,0,NAN,NAN,NAN,NAN,NAN
2017,11,17,6,30,NAN,NAN,NAN,NAN,NAN
2017,11,17,7,0,NAN,NAN,NAN,NAN,NAN
2017,11,17,7,30,NAN,NAN,NAN,NAN,NAN
2017,11,17,8,0,NAN,NAN,NAN,NAN,NAN
2017,11,17,8,30,NAN,NAN,NAN,NAN,NAN
2017,11,17,9,0,NAN,NAN,NAN,NAN,NAN
2017,11,17,9,30,NAN,NAN,NAN,NAN,NAN
2017,11,17,10,0,NAN,NAN,NAN,NAN,NAN
2017,11,17,10,30,NAN,NAN,NAN,NAN,NAN
2017,11,17,11,0,NAN,NAN,NAN,NAN,NAN
2017,11,17,11,30,NAN,NAN,NAN,NAN,NAN
2017,11,17,12,0,NAN,NAN,NAN,NAN,NAN
2017,11,17,12,30,NAN,NAN,NAN,NAN,NAN
2017,11,17,13,0,NAN,NAN,NAN,NAN,NAN
2017,11,17,13,30,NAN,NAN,NAN,NAN,NAN
2017,11,17,14,0,NAN,NAN,NAN,NAN,NAN
2017,11,17,14,30,NAN,NAN,NAN,NAN,NAN
2017,11,17,15,0,NAN,NAN,NAN,NAN,NAN
2017,11,17,15,30,NAN,NAN,NAN,NAN,NAN
2017,11,17,16,0,NAN,NAN,NAN,NAN,NAN
2017,11,17,16,30,NAN,NAN,NAN,NAN,NAN
2017,11,17,17,0,NAN,NAN,NAN,NAN,NAN
2017,11,17,17,30,NAN,NAN,NAN,NAN,NAN
2017,11,17,18,0,NAN,NAN,NAN,NAN,NAN
2017,11,17,18,30,NAN,NAN,NAN,NAN,NAN
2017,11,17,19,0,NAN,NAN,NAN,NAN,NAN
2017,11,17,19,30,NAN,NAN,NAN,NAN,NAN
2017,11,17,20,0,NAN,NAN,NAN,NAN,NAN
2017,11,17,20,30,NAN,NAN,NAN,NAN,NAN
2017,11,17,21,0,NAN,NAN,NAN,NAN,NAN
2017,11,17,21,30,NAN,NAN,NAN,NAN,NAN
2017,11,17,22,0,NAN,NAN,NAN,NAN,NAN
2017,11,17,22,30,NAN,NAN,NAN,NAN,NAN
2017,11,17,23,0,NAN,NAN,NAN,NAN,NAN
2017,11,17,23,30,NAN,NAN,NAN,NAN,NAN
2017,11,17,24,0,NAN,NAN,NAN,NAN,NAN
2017,11,18,0,30,NAN,NAN,NAN,NAN,NAN
2017,11,18,1,0,NAN,NAN,NAN,NAN,NAN
2017,11,18,1,30,NAN,NAN,NAN,NAN,NAN
2017,11,18,2,0,NAN,NAN,NAN,NAN,NAN
2017,11,18,2,30,NAN,NAN,NAN,NAN,NAN
2017,11,18,3,0,NAN,NAN,NAN,NAN,NAN
2017,11,18,3,30,NAN,NAN,NAN,NAN,NAN
2017,11,18,4,0,NAN,NAN,NAN,NAN,NAN
2017,11,18,4,30,NAN,NAN,NAN,NAN,NAN
2017,11,18,5,0,NAN,NAN,NAN,NAN,NAN
2017,11,18,5,30,NAN,NAN,NAN,NAN,NAN
2017,11,18,6,0,NAN,NAN,NAN,NAN,NAN
2017,11,18,6,30,NAN,NAN,NAN,NAN,NAN
2017,11,18,7,0,NAN,NAN,NAN,NAN,NAN
2017,11,18,7,30,NAN,NAN,NAN,NAN,NAN
2017,11,18,8,0,NAN,NAN,NAN,NAN,NAN
2017,11,18,8,30,NAN,NAN,NAN,NAN,NAN
2017,11,18,9,0,NAN,NAN,NAN,NAN,NAN
2017,11,18,9,30,NAN,NAN,NAN,NAN,NAN
2017,11,18,10,0,NAN,NAN,NAN,NAN,NAN
2017,11,18,10,30,NAN,NAN,NAN,NAN,NAN
2017,11,18,11,0,NAN,NAN,NAN,NAN,NAN
2017,11,18,11,30,NAN,NAN,NAN,NAN,NAN
2017,11,18,12,0,NAN,NAN,NAN,NAN,NAN
2017,11,18,12,30,NAN,NAN,NAN,NAN,NAN
2017,11,18,13,0,NAN,NAN,NAN,NAN,NAN
2017,11,18,13,30,NAN,NAN,NAN,NAN,NAN
2017,11,18,14,0,NAN,NAN,NAN,NAN,NAN
2017,11,18,14,30,NAN,NAN,NAN,NAN,NAN
2017,11,18,15,0,NAN,NAN,NAN,NAN,NAN
2017,11,18,15,30,NAN,NAN,NAN,NAN,NAN
2017,11,18,16,0,NAN,NAN,NAN,NAN,NAN
2017,11,18,16,30,NAN,NAN,NAN,NAN,NAN
2017,11,18,17,0,NAN,NAN,NAN,NAN,NAN
2017,11,18,17,30,NAN,NAN,NAN,NAN,NAN
2017,11,18,18,0,NAN,NAN,NAN,NAN,NAN
2017,11,18,18,30,NAN,NAN,NAN,NAN,NAN
2017,11,18,19,0,NAN,NAN,NAN,NAN,NAN
2017,11,18,19,30,NAN,NAN,NAN,NAN,NAN
2017,11,18,20,0,NAN,NAN,NAN,NAN,NAN
2017,11,18,20,30,NAN,NAN,NAN,NAN,NAN
2017,11,18,21,0,NAN,NAN,NAN,NAN,NAN
2017,11,18,21,30,NAN,NAN,NAN,NAN,NAN
2017,11,18,22,0,NAN,NAN,NAN,NAN,NAN
2017,11,18,22,30,NAN,NAN,NAN,NAN,NAN
2017,11,18,23,0,NAN,NAN,NAN,NAN,NAN
2017,11,18,23,30,NAN,NAN,NAN,NAN,NAN
2017,11,18,24,0,NAN,NAN,NAN,NAN,NAN
2017,11,19,0,30,NAN,NAN,NAN,NAN,NAN
2017,11,19,1,0,NAN,NAN,NAN,NAN,NAN
2017,11,19,1,30,NAN,NAN,NAN,NAN,NAN
2017,11,19,2,0,NAN,NAN,NAN,NAN,NAN
2017,11,19,2,30,NAN,NAN,NAN,NAN,NAN
2017,11,19,3,0,NAN,NAN,NAN,NAN,NAN
2017,11,19,3,30,NAN,NAN,NAN,NAN,NAN
2017,11,19,4,0,NAN,NAN,NAN,NAN,NAN
2017,11,19,4,30,NAN,NAN,NAN,NAN,NAN
2017,11,19,5,0,NAN,NAN,NAN,NAN,NAN
2017,11,19,5,30,NAN,NAN,NAN,NAN,NAN
2017,11,19,6,0,NAN,NAN,NAN,NAN,NAN
2017,11,19,6,30,NAN,NAN,NAN,NAN,NAN
2017,11,19,7,0,NAN,NAN,NAN,NAN,NAN
2017,11,19,7,30,NAN,NAN,NAN,NAN,NAN
2017,11,19,8,0,NAN,NAN,NAN,NAN,NAN
2017,11,19,8,30,NAN,NAN,NAN,NAN,NAN
2017,11,19,9,0,NAN,NAN,NAN,NAN,NAN
2017,11,19,9,30,NAN,NAN,NAN,NAN,NAN
2017,11,19,10,0,NAN,NAN,NAN,NAN,NAN
2017,11,19,10,30,NAN,NAN,NAN,NAN,NAN
2017,11,19,11,0,NAN,NAN,NAN,NAN,NAN
2017,11,19,11,30,NAN,NAN,NAN,NAN,NAN
2017,11,19,12,0,NAN,NAN,NAN,NAN,NAN
2017,11,19,12,30,NAN,NAN,NAN,NAN,NAN
2017,11,19,13,0,NAN,NAN,NAN,NAN,NAN
2017,11,19,13,30,NAN,NAN,NAN,NAN,NAN
2017,11,19,14,0,NAN,NAN,NAN,NAN,NAN
2017,11,19,14,30,NAN,NAN,NAN,NAN,NAN
2017,11,19,15,0,NAN,NAN,NAN,NAN,NAN
2017,11,19,15,30,NAN,NAN,NAN,NAN,NAN
2017,11,19,16,0,NAN,NAN,NAN,NAN,NAN
2017,11,19,16,30,NAN,NAN,NAN,NAN,NAN
2017,11,19,17,0,NAN,NAN,NAN,NAN,NAN
2017,11,19,17,30,NAN,NAN,NAN,NAN,NAN
2017,11,19,18,0,NAN,NAN,NAN,NAN,NAN
2017,11,19,18,30,NAN,NAN,NAN,NAN,NAN
2017,11,19,19,0,NAN,NAN,NAN,NAN,NAN
2017,11,19,19,30,NAN,NAN,NAN,NAN,NAN
2017,11,19,20,0,NAN,NAN,NAN,NAN,NAN
2017,11,19,20,30,NAN,NAN,NAN,NAN,NAN
2017,11,19,21,0,NAN,NAN,NAN,NAN,NAN
2017,11,19,21,30,NAN,NAN,NAN,NAN,NAN
2017,11,19,22,0,NAN,NAN,NAN,NAN,NAN
2017,11,19,22,30,NAN,NAN,NAN,NAN,NAN
2017,11,19,23,0,NAN,NAN,NAN,NAN,NAN
2017,11,19,23,30,NAN,NAN,NAN,NAN,NAN
2017,11,19,24,0,NAN,NAN,NAN,NAN,NAN
2017,11,20,0,30,NAN,NAN,NAN,NAN,NAN
2017,11,20,1,0,NAN,NAN,NAN,NAN,NAN
2017,11,20,1,30,NAN,NAN,NAN,NAN,NAN
2017,11,20,2,0,NAN,NAN,NAN,NAN,NAN
2017,11,20,2,30,NAN,NAN,NAN,NAN,NAN
2017,11,20,3,0,NAN,NAN,NAN,NAN,NAN
2017,11,20,3,30,NAN,NAN,NAN,NAN,NAN
2017,11,20,4,0,NAN,NAN,NAN,NAN,NAN
2017,11,20,4,30,NAN,NAN,NAN,NAN,NAN
2017,11,20,5,0,NAN,NAN,NAN,NAN,NAN
2017,11,20,5,30,NAN,NAN,NAN,NAN,NAN
2017,11,20,6,0,NAN,NAN,NAN,NAN,NAN
2017,11,20,6,30,NAN,NAN,NAN,NAN,NAN
2017,11,20,7,0,NAN,NAN,NAN,NAN,NAN
2017,11,20,7,30,NAN,NAN,NAN,NAN,NAN
2017,11,20,8,0,NAN,NAN,NAN,NAN,NAN
2017,11,20,8,30,NAN,NAN,NAN,NAN,NAN
2017,11,20,9,0,NAN,NAN,NAN,NAN,NAN
2017,11,20,9,30,NAN,NAN,NAN,NAN,NAN
2017,11,20,10,0,NAN,NAN,NAN,NAN,NAN
2017,11,20,10,30,NAN,NAN,NAN,NAN,NAN
2017,11,20,11,0,NAN,NAN,NAN,NAN,NAN
2017,11,20,11,30,NAN,NAN,NAN,NAN,NAN
2017,11,20,12,0,NAN,NAN,NAN,NAN,NAN
2017,11,20,12,30,NAN,NAN,NAN,NAN,NAN
2017,11,20,13,0,NAN,NAN,NAN,NAN,NAN
2017,11,20,13,30,NAN,NAN,NAN,NAN,NAN
2017,11,20,14,0,NAN,NAN,NAN,NAN,NAN
2017,11,20,14,30,NAN,NAN,NAN,NAN,NAN
2017,11,20,15,0,NAN,NAN,NAN,NAN,NAN
2017,11,20,15,30,NAN,NAN,NAN,NAN,NAN
2017,11,20,16,0,NAN,NAN,NAN,NAN,NAN
2017,11,20,16,30,NAN,NAN,NAN,NAN,NAN
2017,11,20,17,0,NAN,NAN,NAN,NAN,NAN
2017,11,20,17,30,NAN,NAN,NAN,NAN,NAN
2017,11,20,18,0,NAN,NAN,NAN,NAN,NAN
2017,11,20,18,30,NAN,NAN,NAN,NAN,NAN
2017,11,20,19,0,NAN,NAN,NAN,NAN,NAN
2017,11,20,19,30,NAN,NAN,NAN,NAN,NAN
2017,11,20,20,0,NAN,NAN,NAN,NAN,NAN
2017,11,20,20,30,NAN,NAN,NAN,NAN,NAN
2017,11,20,21,0,NAN,NAN,NAN,NAN,NAN
2017,11,20,21,30,NAN,NAN,NAN,NAN,NAN
2017,11,20,22,0,NAN,NAN,NAN,NAN,NAN
2017,11,20,22,30,NAN,NAN,NAN,NAN,NAN
2017,11,20,23,0,NAN,NAN,NAN,NAN,NAN
2017,11,20,23,30,NAN,NAN,NAN,NAN,NAN
2017,11,20,24,0,NAN,NAN,NAN,NAN,NAN
2017,11,21,0,30,NAN,NAN,NAN,NAN,NAN
2017,11,21,1,0,NAN,NAN,NAN,NAN,NAN
2017,11,21,1,30,NAN,NAN,NAN,NAN,NAN
2017,11,21,2,0,NAN,NAN,NAN,NAN,NAN
2017,11,21,2,30,NAN,NAN,NAN,NAN,NAN
2017,11,21,3,0,NAN,NAN,NAN,NAN,NAN
2017,11,21,3,30,NAN,NAN,NAN,NAN,NAN
2017,11,21,4,0,NAN,NAN,NAN,NAN,NAN
2017,11,21,4,30,NAN,NAN,NAN,NAN,NAN
2017,11,21,5,0,NAN,NAN,NAN,NAN,NAN
2017,11,21,5,30,NAN,NAN,NAN,NAN,NAN
2017,11,21,6,0,NAN,NAN,NAN,NAN,NAN
2017,11,21,6,30,NAN,NAN,NAN,NAN,NAN
2017,11,21,7,0,NAN,NAN,NAN,NAN,NAN
2017,11,21,7,30,NAN,NAN,NAN,NAN,NAN
2017,11,21,8,0,NAN,NAN,NAN,NAN,NAN
2017,11,21,8,30,NAN,NAN,NAN,NAN,NAN
2017,11,21,9,0,NAN,NAN,NAN,NAN,NAN
2017,11,21,9,30,NAN,NAN,NAN,NAN,NAN
2017,11,21,10,0,NAN,NAN,NAN,NAN,NAN
2017,11,21,10,30,NAN,NAN,NAN,NAN,NAN
2017,11,21,11,0,NAN,NAN,NAN,NAN,NAN
2017,11,21,11,30,NAN,NAN,NAN,NAN,NAN
2017,11,21,12,0,NAN,NAN,NAN,NAN,NAN
2017,11,21,12,30,NAN,NAN,NAN,NAN,NAN
2017,11,21,13,0,NAN,NAN,NAN,NAN,NAN
2017,11,21,13,30,NAN,NAN,NAN,NAN,NAN
2017,11,21,14,0,NAN,NAN,NAN,NAN,NAN
2017,11,21,14,30,NAN,NAN,NAN,NAN,NAN
2017,11,21,15,0,NAN,NAN,NAN,NAN,NAN
2017,11,21,15,30,NAN,NAN,NAN,NAN,NAN
2017,11,21,16,0,NAN,NAN,NAN,NAN,NAN
2017,11,21,16,30,NAN,NAN,NAN,NAN,NAN
2017,11,21,17,0,NAN,NAN,NAN,NAN,NAN
2017,11,21,17,30,NAN,NAN,NAN,NAN,NAN
2017,11,21,18,0,NAN,NAN,NAN,NAN,NAN
2017,11,21,18,30,NAN,NAN,NAN,NAN,NAN
2017,11,21,19,0,NAN,NAN,NAN,NAN,NAN
2017,11,21,19,30,NAN,NAN,NAN,NAN,NAN
2017,11,21,20,0,NAN,NAN,NAN,NAN,NAN
2017,11,21,20,30,NAN,NAN,NAN,NAN,NAN
2017,11,21,21,0,NAN,NAN,NAN,NAN,NAN
2017,11,21,21,30,NAN,NAN,NAN,NAN,NAN
2017,11,21,22,0,NAN,NAN,NAN,NAN,NAN
2017,11,21,22,30,NAN,NAN,NAN,NAN,NAN
2017,11,21,23,0,NAN,NAN,NAN,NAN,NAN
2017,11,21,23,30,NAN,NAN,NAN,NAN,NAN
2017,11,21,24,0,NAN,NAN,NAN,NAN,NAN
2017,11,22,0,30,NAN,NAN,NAN,NAN,NAN
2017,11,22,1,0,NAN,NAN,NAN,NAN,NAN
2017,11,22,1,30,NAN,NAN,NAN,NAN,NAN
2017,11,22,2,0,NAN,NAN,NAN,NAN,NAN
2017,11,22,2,30,NAN,NAN,NAN,NAN,NAN
2017,11,22,3,0,NAN,NAN,NAN,NAN,NAN
2017,11,22,3,30,NAN,NAN,NAN,NAN,NAN
2017,11,22,4,0,NAN,NAN,NAN,NAN,NAN
2017,11,22,4,30,NAN,NAN,NAN,NAN,NAN
2017,11,22,5,0,NAN,NAN,NAN,NAN,NAN
2017,11,22,5,30,NAN,NAN,NAN,NAN,NAN
2017,11,22,6,0,NAN,NAN,NAN,NAN,NAN
2017,11,22,6,30,NAN,NAN,NAN,NAN,NAN
2017,11,22,7,0,NAN,NAN,NAN,NAN,NAN
2017,11,22,7,30,NAN,NAN,NAN,NAN,NAN
2017,11,22,8,0,NAN,NAN,NAN,NAN,NAN
2017,11,22,8,30,NAN,NAN,NAN,NAN,NAN
2017,11,22,9,0,NAN,NAN,NAN,NAN,NAN
2017,11,22,9,30,NAN,NAN,NAN,NAN,NAN
2017,11,22,10,0,NAN,NAN,NAN,NAN,NAN
2017,11,22,10,30,NAN,NAN,NAN,NAN,NAN
2017,11,22,11,0,NAN,NAN,NAN,NAN,NAN
2017,11,22,11,30,NAN,NAN,NAN,NAN,NAN
2017,11,22,12,0,NAN,NAN,NAN,NAN,NAN
2017,11,22,12,30,NAN,NAN,NAN,NAN,NAN
2017,11,22,13,0,NAN,NAN,NAN,NAN,NAN
2017,11,22,13,30,NAN,NAN,NAN,NAN,NAN
2017,11,22,14,0,NAN,NAN,NAN,NAN,NAN
2017,11,22,14,30,NAN,NAN,NAN,NAN,NAN
2017,11,22,15,0,NAN,NAN,NAN,NAN,NAN
2017,11,22,15,30,NAN,NAN,NAN,NAN,NAN
2017,11,22,16,0,NAN,NAN,NAN,NAN,NAN
2017,11,22,16,30,NAN,NAN,NAN,NAN,NAN
2017,11,22,17,0,NAN,NAN,NAN,NAN,NAN
2017,11,22,17,30,NAN,NAN,NAN,NAN,NAN
2017,11,22,18,0,NAN,NAN,NAN,NAN,NAN
2017,11,22,18,30,NAN,NAN,NAN,NAN,NAN
2017,11,22,19,0,NAN,NAN,NAN,NAN,NAN
2017,11,22,19,30,NAN,NAN,NAN,NAN,NAN
2017,11,22,20,0,NAN,NAN,NAN,NAN,NAN
2017,11,22,20,30,NAN,NAN,NAN,NAN,NAN
2017,11,22,21,0,NAN,NAN,NAN,NAN,NAN
2017,11,22,21,30,NAN,NAN,NAN,NAN,NAN
2017,11,22,22,0,NAN,NAN,NAN,NAN,NAN
2017,11,22,22,30,NAN,NAN,NAN,NAN,NAN
2017,11,22,23,0,NAN,NAN,NAN,NAN,NAN
2017,11,22,23,30,NAN,NAN,NAN,NAN,NAN
2017,11,22,24,0,NAN,NAN,NAN,NAN,NAN
2017,11,23,0,30,NAN,NAN,NAN,NAN,NAN
2017,11,23,1,0,NAN,NAN,NAN,NAN,NAN
2017,11,23,1,30,NAN,NAN,NAN,NAN,NAN
2017,11,23,2,0,NAN,NAN,NAN,NAN,NAN
2017,11,23,2,30,NAN,NAN,NAN,NAN,NAN
2017,11,23,3,0,NAN,NAN,NAN,NAN,NAN
2017,11,23,3,30,NAN,NAN,NAN,NAN,NAN
2017,11,23,4,0,NAN,NAN,NAN,NAN,NAN
2017,11,23,4,30,NAN,NAN,NAN,NAN,NAN
2017,11,23,5,0,NAN,NAN,NAN,NAN,NAN
2017,11,23,5,30,NAN,NAN,NAN,NAN,NAN
2017,11,23,6,0,NAN,NAN,NAN,NAN,NAN
2017,11,23,6,30,NAN,NAN,NAN,NAN,NAN
2017,11,23,7,0,NAN,NAN,NAN,NAN,NAN
2017,11,23,7,30,NAN,NAN,NAN,NAN,NAN
2017,11,23,8,0,NAN,NAN,NAN,NAN,NAN
2017,11,23,8,30,NAN,NAN,NAN,NAN,NAN
2017,11,23,9,0,NAN,NAN,NAN,NAN,NAN
2017,11,23,9,30,NAN,NAN,NAN,NAN,NAN
2017,11,23,10,0,NAN,NAN,NAN,NAN,NAN
2017,11,23,10,30,NAN,NAN,NAN,NAN,NAN
2017,11,23,11,0,NAN,NAN,NAN,NAN,NAN
2017,11,23,11,30,NAN,NAN,NAN,NAN,NAN
2017,11,23,12,0,NAN,NAN,NAN,NAN,NAN
2017,11,23,12,30,NAN,NAN,NAN,NAN,NAN
2017,11,23,13,0,NAN,NAN,NAN,NAN,NAN
2017,11,23,13,30,NAN,NAN,NAN,NAN,NAN
2017,11,23,14,0,NAN,NAN,NAN,NAN,NAN
2017,11,23,14,30,NAN,NAN,NAN,NAN,NAN
2017,11,23,15,0,NAN,NAN,NAN,NAN,NAN
2017,11,23,15,30,NAN,NAN,NAN,NAN,NAN
2017,11,23,16,0,NAN,NAN,NAN,NAN,NAN
2017,11,23,16,30,NAN,NAN,NAN,NAN,NAN
2017,11,23,17,0,NAN,NAN,NAN,NAN,NAN
2017,11,23,17,30,NAN,NAN,NAN,NAN,NAN
2017,11,23,18,0,NAN,NAN,NAN,NAN,NAN
2017,11,23,18,30,NAN,NAN,NAN,NAN,NAN
2017,11,23,19,0,NAN,NAN,NAN,NAN,NAN
2017,11,23,19,30,NAN,NAN,NAN,NAN,NAN
2017,11,23,20,0,NAN,NAN,NAN,NAN,NAN
2017,11,23,20,30,NAN,NAN,NAN,NAN,NAN
2017,11,23,21,0,NAN,NAN,NAN,NAN,NAN
2017,11,23,21,30,NAN,NAN,NAN,NAN,NAN
2017,11,23,22,0,NAN,NAN,NAN,NAN,NAN
2017,11,23,22,30,NAN,NAN,NAN,NAN,NAN
2017,11,23,23,0,NAN,NAN,NAN,NAN,NAN
2017,11,23,23,30,NAN,NAN,NAN,NAN,NAN
2017,11,23,24,0,NAN,NAN,NAN,NAN,NAN
2017,11,24,0,30,NAN,NAN,NAN,NAN,NAN
2017,11,24,1,0,NAN,NAN,NAN,NAN,NAN
2017,11,24,1,30,NAN,NAN,NAN,NAN,NAN
2017,11,24,2,0,NAN,NAN,NAN,NAN,NAN
2017,11,24,2,30,NAN,NAN,NAN,NAN,NAN
2017,11,24,3,0,NAN,NAN,NAN,NAN,NAN
2017,11,24,3,30,NAN,NAN,NAN,NAN,NAN
2017,11,24,4,0,NAN,NAN,NAN,NAN,NAN
2017,11,24,4,30,NAN,NAN,NAN,NAN,NAN
2017,11,24,5,0,NAN,NAN,NAN,NAN,NAN
2017,11,24,5,30,NAN,NAN,NAN,NAN,NAN
2017,11,24,6,0,NAN,NAN,NAN,NAN,NAN
2017,11,24,6,30,NAN,NAN,NAN,NAN,NAN
2017,11,24,7,0,NAN,NAN,NAN,NAN,NAN
2017,11,24,7,30,NAN,NAN,NAN,NAN,NAN
2017,11,24,8,0,NAN,NAN,NAN,NAN,NAN
2017,11,24,8,30,NAN,NAN,NAN,NAN,NAN
2017,11,24,9,0,NAN,NAN,NAN,NAN,NAN
2017,11,24,9,30,NAN,NAN,NAN,NAN,NAN
2017,11,24,10,0,NAN,NAN,NAN,NAN,NAN
2017,11,24,10,30,NAN,NAN,NAN,NAN,NAN
2017,11,24,11,0,NAN,NAN,NAN,NAN,NAN
2017,11,24,11,30,NAN,NAN,NAN,NAN,NAN
2017,11,24,12,0,NAN,NAN,NAN,NAN,NAN
2017,11,24,12,30,NAN,NAN,NAN,NAN,NAN
2017,11,24,13,0,NAN,NAN,NAN,NAN,NAN
2017,11,24,13,30,NAN,NAN,NAN,NAN,NAN
2017,11,24,14,0,NAN,NAN,NAN,NAN,NAN
2017,11,24,14,30,NAN,NAN,NAN,NAN,NAN
2017,11,24,15,0,NAN,NAN,NAN,NAN,NAN
2017,11,24,15,30,NAN,NAN,NAN,NAN,NAN
2017,11,24,16,0,NAN,NAN,NAN,NAN,NAN
2017,11,24,16,30,NAN,NAN,NAN,NAN,NAN
2017,11,24,17,0,NAN,NAN,NAN,NAN,NAN
2017,11,24,17,30,NAN,NAN,NAN,NAN,NAN
2017,11,24,18,0,NAN,NAN,NAN,NAN,NAN
2017,11,24,18,30,NAN,NAN,NAN,NAN,NAN
2017,11,24,19,0,NAN,NAN,NAN,NAN,NAN
2017,11,24,19,30,NAN,NAN,NAN,NAN,NAN
2017,11,24,20,0,NAN,NAN,NAN,NAN,NAN
2017,11,24,20,30,NAN,NAN,NAN,NAN,NAN
2017,11,24,21,0,NAN,NAN,NAN,NAN,NAN
2017,11,24,21,30,NAN,NAN,NAN,NAN,NAN
2017,11,24,22,0,NAN,NAN,NAN,NAN,NAN
2017,11,24,22,30,NAN,NAN,NAN,NAN,NAN
2017,11,24,23,0,NAN,NAN,NAN,NAN,NAN
2017,11,24,23,30,NAN,NAN,NAN,NAN,NAN
2017,11,24,24,0,NAN,NAN,NAN,NAN,NAN
2017,11,25,0,30,NAN,NAN,NAN,NAN,NAN
2017,11,25,1,0,NAN,NAN,NAN,NAN,NAN
2017,11,25,1,30,NAN,NAN,NAN,NAN,NAN
2017,11,25,2,0,NAN,NAN,NAN,NAN,NAN
2017,11,25,2,30,NAN,NAN,NAN,NAN,NAN
2017,11,25,3,0,NAN,NAN,NAN,NAN,NAN
2017,11,25,3,30,NAN,NAN,NAN,NAN,NAN
2017,11,25,4,0,NAN,NAN,NAN,NAN,NAN
2017,11,25,4,30,NAN,NAN,NAN,NAN,NAN
2017,11,25,5,0,NAN,NAN,NAN,NAN,NAN
2017,11,25,5,30,NAN,NAN,NAN,NAN,NAN
2017,11,25,6,0,NAN,NAN,NAN,NAN,NAN
2017,11,25,6,30,NAN,NAN,NAN,NAN,NAN
2017,11,25,7,0,NAN,NAN,NAN,NAN,NAN
2017,11,25,7,30,NAN,NAN,NAN,NAN,NAN
2017,11,25,8,0,NAN,NAN,NAN,NAN,NAN
2017,11,25,8,30,NAN,NAN,NAN,NAN,NAN
2017,11,25,9,0,NAN,NAN,NAN,NAN,NAN
2017,11,25,9,30,NAN,NAN,NAN,NAN,NAN
2017,11,25,10,0,NAN,NAN,NAN,NAN,NAN
2017,11,25,10,30,NAN,NAN,NAN,NAN,NAN
2017,11,25,11,0,NAN,NAN,NAN,NAN,NAN
2017,11,25,11,30,NAN,NAN,NAN,NAN,NAN
2017,11,25,12,0,NAN,NAN,NAN,NAN,NAN
2017,11,25,12,30,NAN,NAN,NAN,NAN,NAN
2017,11,25,13,0,NAN,NAN,NAN,NAN,NAN
2017,11,25,13,30,NAN,NAN,NAN,NAN,NAN
2017,11,25,14,0,NAN,NAN,NAN,NAN,NAN
2017,11,25,14,30,NAN,NAN,NAN,NAN,NAN
2017,11,25,15,0,NAN,NAN,NAN,NAN,NAN
2017,11,25,15,30,NAN,NAN,NAN,NAN,NAN
2017,11,25,16,0,NAN,NAN,NAN,NAN,NAN
2017,11,25,16,30,NAN,NAN,NAN,NAN,NAN
2017,11,25,17,0,NAN,NAN,NAN,NAN,NAN
2017,11,25,17,30,NAN,NAN,NAN,NAN,NAN
2017,11,25,18,0,NAN,NAN,NAN,NAN,NAN
2017,11,25,18,30,NAN,NAN,NAN,NAN,NAN
2017,11,25,19,0,NAN,NAN,NAN,NAN,NAN
2017,11,25,19,30,NAN,NAN,NAN,NAN,NAN
2017,11,25,20,0,NAN,NAN,NAN,NAN,NAN
2017,11,25,20,30,NAN,NAN,NAN,NAN,NAN
2017,11,25,21,0,NAN,NAN,NAN,NAN,NAN
2017,11,25,21,30,NAN,NAN,NAN,NAN,NAN
2017,11,25,22,0,NAN,NAN,NAN,NAN,NAN
2017,11,25,22,30,NAN,NAN,NAN,NAN,NAN
2017,11,25,23,0,NAN,NAN,NAN,NAN,NAN
2017,11,25,23,30,NAN,NAN,NAN,NAN,NAN
2017,11,25,24,0,NAN,NAN,NAN,NAN,NAN
2017,11,26,0,30,NAN,NAN,NAN,NAN,NAN
2017,11,26,1,0,NAN,NAN,NAN,NAN,NAN
2017,11,26,1,30,NAN,NAN,NAN,NAN,NAN
2017,11,26,2,0,NAN,NAN,NAN,NAN,NAN
2017,11,26,2,30,NAN,NAN,NAN,NAN,NAN
2017,11,26,3,0,NAN,NAN,NAN,NAN,NAN
2017,11,26,3,30,NAN,NAN,NAN,NAN,NAN
2017,11,26,4,0,NAN,NAN,NAN,NAN,NAN
2017,11,26,4,30,NAN,NAN,NAN,NAN,NAN
2017,11,26,5,0,NAN,NAN,NAN,NAN,NAN
2017,11,26,5,30,NAN,NAN,NAN,NAN,NAN
2017,11,26,6,0,NAN,NAN,NAN,NAN,NAN
2017,11,26,6,30,NAN,NAN,NAN,NAN,NAN
2017,11,26,7,0,NAN,NAN,NAN,NAN,NAN
2017,11,26,7,30,NAN,NAN,NAN,NAN,NAN
2017,11,26,8,0,NAN,NAN,NAN,NAN,NAN
2017,11,26,8,30,NAN,NAN,NAN,NAN,NAN
2017,11,26,9,0,NAN,NAN,NAN,NAN,NAN
2017,11,26,9,30,NAN,NAN,NAN,NAN,NAN
2017,11,26,10,0,NAN,NAN,NAN,NAN,NAN
2017,11,26,10,30,NAN,NAN,NAN,NAN,NAN
2017,11,26,11,0,NAN,NAN,NAN,NAN,NAN
2017,11,26,11,30,NAN,NAN,NAN,NAN,NAN
2017,11,26,12,0,NAN,NAN,NAN,NAN,NAN
2017,11,26,12,30,NAN,NAN,NAN,NAN,NAN
2017,11,26,13,0,NAN,NAN,NAN,NAN,NAN
2017,11,26,13,30,NAN,NAN,NAN,NAN,NAN
2017,11,26,14,0,NAN,NAN,NAN,NAN,NAN
2017,11,26,14,30,NAN,NAN,NAN,NAN,NAN
2017,11,26,15,0,NAN,NAN,NAN,NAN,NAN
2017,11,26,15,30,NAN,NAN,NAN,NAN,NAN
2017,11,26,16,0,NAN,NAN,NAN,NAN,NAN
2017,11,26,16,30,NAN,NAN,NAN,NAN,NAN
2017,11,26,17,0,NAN,NAN,NAN,NAN,NAN
2017,11,26,17,30,NAN,NAN,NAN,NAN,NAN
2017,11,26,18,0,NAN,NAN,NAN,NAN,NAN
2017,11,26,18,30,NAN,NAN,NAN,NAN,NAN
2017,11,26,19,0,NAN,NAN,NAN,NAN,NAN
2017,11,26,19,30,NAN,NAN,NAN,NAN,NAN
2017,11,26,20,0,NAN,NAN,NAN,NAN,NAN
2017,11,26,20,30,NAN,NAN,NAN,NAN,NAN
2017,11,26,21,0,NAN,NAN,NAN,NAN,NAN
2017,11,26,21,30,NAN,NAN,NAN,NAN,NAN
2017,11,26,22,0,NAN,NAN,NAN,NAN,NAN
2017,11,26,22,30,NAN,NAN,NAN,NAN,NAN
2017,11,26,23,0,NAN,NAN,NAN,NAN,NAN
2017,11,26,23,30,NAN,NAN,NAN,NAN,NAN
2017,11,26,24,0,NAN,NAN,NAN,NAN,NAN
2017,11,27,0,30,NAN,NAN,NAN,NAN,NAN
2017,11,27,1,0,NAN,NAN,NAN,NAN,NAN
2017,11,27,1,30,NAN,NAN,NAN,NAN,NAN
2017,11,27,2,0,NAN,NAN,NAN,NAN,NAN
2017,11,27,2,30,NAN,NAN,NAN,NAN,NAN
2017,11,27,3,0,NAN,NAN,NAN,NAN,NAN
2017,11,27,3,30,NAN,NAN,NAN,NAN,NAN
2017,11,27,4,0,NAN,NAN,NAN,NAN,NAN
2017,11,27,4,30,NAN,NAN,NAN,NAN,NAN
2017,11,27,5,0,NAN,NAN,NAN,NAN,NAN
2017,11,27,5,30,NAN,NAN,NAN,NAN,NAN
2017,11,27,6,0,NAN,NAN,NAN,NAN,NAN
2017,11,27,6,30,NAN,NAN,NAN,NAN,NAN
2017,11,27,7,0,NAN,NAN,NAN,NAN,NAN
2017,11,27,7,30,NAN,NAN,NAN,NAN,NAN
2017,11,27,8,0,NAN,NAN,NAN,NAN,NAN
2017,11,27,8,30,NAN,NAN,NAN,NAN,NAN
2017,11,27,9,0,NAN,NAN,NAN,NAN,NAN
2017,11,27,9,30,NAN,NAN,NAN,NAN,NAN
2017,11,27,10,0,NAN,NAN,NAN,NAN,NAN
2017,11,27,10,30,NAN,NAN,NAN,NAN,NAN
2017,11,27,11,0,NAN,NAN,NAN,NAN,NAN
2017,11,27,11,30,NAN,NAN,NAN,NAN,NAN
2017,11,27,12,0,NAN,NAN,NAN,NAN,NAN
2017,11,27,12,30,NAN,NAN,NAN,NAN,NAN
2017,11,27,13,0,NAN,NAN,NAN,NAN,NAN
2017,11,27,13,30,NAN,NAN,NAN,NAN,NAN
2017,11,27,14,0,NAN,NAN,NAN,NAN,NAN
2017,11,27,14,30,NAN,NAN,NAN,NAN,NAN
2017,11,27,15,0,NAN,NAN,NAN,NAN,NAN
2017,11,27,15,30,NAN,NAN,NAN,NAN,NAN
2017,11,27,16,0,NAN,NAN,NAN,NAN,NAN
2017,11,27,16,30,NAN,NAN,NAN,NAN,NAN
2017,11,27,17,0,NAN,NAN,NAN,NAN,NAN
2017,11,27,17,30,NAN,NAN,NAN,NAN,NAN
2017,11,27,18,0,NAN,NAN,NAN,NAN,NAN
2017,11,27,18,30,NAN,NAN,NAN,NAN,NAN
2017,11,27,19,0,NAN,NAN,NAN,NAN,NAN
2017,11,27,19,30,NAN,NAN,NAN,NAN,NAN
2017,11,27,20,0,NAN,NAN,NAN,NAN,NAN
2017,11,27,20,30,NAN,NAN,NAN,NAN,NAN
2017,11,27,21,0,NAN,NAN,NAN,NAN,NAN
2017,11,27,21,30,NAN,NAN,NAN,NAN,NAN
2017,11,27,22,0,NAN,NAN,NAN,NAN,NAN
2017,11,27,22,30,NAN,NAN,NAN,NAN,NAN
2017,11,27,23,0,NAN,NAN,NAN,NAN,NAN
2017,11,27,23,30,NAN,NAN,NAN,NAN,NAN
2017,11,27,24,0,NAN,NAN,NAN,NAN,NAN
2017,11,28,0,30,NAN,NAN,NAN,NAN,NAN
2017,11,28,1,0,NAN,NAN,NAN,NAN,NAN
2017,11,28,1,30,NAN,NAN,NAN,NAN,NAN
2017,11,28,2,0,NAN,NAN,NAN,NAN,NAN
2017,11,28,2,30,NAN,NAN,NAN,NAN,NAN
2017,11,28,3,0,NAN,NAN,NAN,NAN,NAN
2017,11,28,3,30,NAN,NAN,NAN,NAN,NAN
2017,11,28,4,0,NAN,NAN,NAN,NAN,NAN
2017,11,28,4,30,NAN,NAN,NAN,NAN,NAN
2017,11,28,5,0,NAN,NAN,NAN,NAN,NAN
2017,11,28,5,30,NAN,NAN,NAN,NAN,NAN
2017,11,28,6,0,NAN,NAN,NAN,NAN,NAN
2017,11,28,6,30,NAN,NAN,NAN,NAN,NAN
2017,11,28,7,0,NAN,NAN,NAN,NAN,NAN
2017,11,28,7,30,NAN,NAN,NAN,NAN,NAN
2017,11,28,8,0,NAN,NAN,NAN,NAN,NAN
2017,11,28,8,30,NAN,NAN,NAN,NAN,NAN
2017,11,28,9,0,NAN,NAN,NAN,NAN,NAN
2017,11,28,9,30,NAN,NAN,NAN,NAN,NAN
2017,11,28,10,0,NAN,NAN,NAN,NAN,NAN
2017,11,28,10,30,NAN,NAN,NAN,NAN,NAN
2017,11,28,11,0,NAN,NAN,NAN,NAN,NAN
2017,11,28,11,30,NAN,NAN,NAN,NAN,NAN
2017,11,28,12,0,NAN,NAN,NAN,NAN,NAN
2017,11,28,12,30,NAN,NAN,NAN,NAN,NAN
2017,11,28,13,0,NAN,NAN,NAN,NAN,NAN
2017,11,28,13,30,NAN,NAN,NAN,NAN,NAN
2017,11,28,14,0,NAN,NAN,NAN,NAN,NAN
2017,11,28,14,30,NAN,NAN,NAN,NAN,NAN
2017,11,28,15,0,NAN,NAN,NAN,NAN,NAN
2017,11,28,15,30,NAN,NAN,NAN,NAN,NAN
2017,11,28,16,0,NAN,NAN,NAN,NAN,NAN
2017,11,28,16,30,NAN,NAN,NAN,NAN,NAN
2017,11,28,17,0,NAN,NAN,NAN,NAN,NAN
2017,11,28,17,30,NAN,NAN,NAN,NAN,NAN
2017,11,28,18,0,NAN,NAN,NAN,NAN,NAN
2017,11,28,18,30,NAN,NAN,NAN,NAN,NAN
2017,11,28,19,0,NAN,NAN,NAN,NAN,NAN
2017,11,28,19,30,NAN,NAN,NAN,NAN,NAN
2017,11,28,20,0,NAN,NAN,NAN,NAN,NAN
2017,11,28,20,30,NAN,NAN,NAN,NAN,NAN
2017,11,28,21,0,NAN,NAN,NAN,NAN,NAN
2017,11,28,21,30,NAN,NAN,NAN,NAN,NAN
2017,11,28,22,0,NAN,NAN,NAN,NAN,NAN
2017,11,28,22,30,NAN,NAN,NAN,NAN,NAN
2017,11,28,23,0,NAN,NAN,NAN,NAN,NAN
2017,11,28,23,30,NAN,NAN,NAN,NAN,NAN
2017,11,28,24,0,NAN,NAN,NAN,NAN,NAN
2017,11,29,0,30,NAN,NAN,NAN,NAN,NAN
2017,11,29,1,0,NAN,NAN,NAN,NAN,NAN
2017,11,29,1,30,NAN,NAN,NAN,NAN,NAN
2017,11,29,2,0,NAN,NAN,NAN,NAN,NAN
2017,11,29,2,30,NAN,NAN,NAN,NAN,NAN
2017,11,29,3,0,NAN,NAN,NAN,NAN,NAN
2017,11,29,3,30,NAN,NAN,NAN,NAN,NAN
2017,11,29,4,0,NAN,NAN,NAN,NAN,NAN
2017,11,29,4,30,NAN,NAN,NAN,NAN,NAN
2017,11,29,5,0,NAN,NAN,NAN,NAN,NAN
2017,11,29,5,30,NAN,NAN,NAN,NAN,NAN
2017,11,29,6,0,NAN,NAN,NAN,NAN,NAN
2017,11,29,6,30,NAN,NAN,NAN,NAN,NAN
2017,11,29,7,0,NAN,NAN,NAN,NAN,NAN
2017,11,29,7,30,NAN,NAN,NAN,NAN,NAN
2017,11,29,8,0,NAN,NAN,NAN,NAN,NAN
2017,11,29,8,30,NAN,NAN,NAN,NAN,NAN
2017,11,29,9,0,NAN,NAN,NAN,NAN,NAN
2017,11,29,9,30,NAN,NAN,NAN,NAN,NAN
2017,11,29,10,0,NAN,NAN,NAN,NAN,NAN
2017,11,29,10,30,NAN,NAN,NAN,NAN,NAN
2017,11,29,11,0,NAN,NAN,NAN,NAN,NAN
2017,11,29,11,30,NAN,NAN,NAN,NAN,NAN
2017,11,29,12,0,NAN,NAN,NAN,NAN,NAN
2017,11,29,12,30,NAN,NAN,NAN,NAN,NAN
2017,11,29,13,0,NAN,NAN,NAN,NAN,NAN
2017,11,29,13,30,NAN,NAN,NAN,NAN,NAN
2017,11,29,14,0,NAN,NAN,NAN,NAN,NAN
2017,11,29,14,30,NAN,NAN,NAN,NAN,NAN
2017,11,29,15,0,NAN,NAN,NAN,NAN,NAN
2017,11,29,15,30,NAN,NAN,NAN,NAN,NAN
2017,11,29,16,0,NAN,NAN,NAN,NAN,NAN
2017,11,29,16,30,NAN,NAN,NAN,NAN,NAN
2017,11,29,17,0,NAN,NAN,NAN,NAN,NAN
2017,11,29,17,30,NAN,NAN,NAN,NAN,NAN
2017,11,29,18,0,NAN,NAN,NAN,NAN,NAN
2017,11,29,18,30,NAN,NAN,NAN,NAN,NAN
2017,11,29,19,0,NAN,NAN,NAN,NAN,NAN
2017,11,29,19,30,NAN,NAN,NAN,NAN,NAN
2017,11,29,20,0,NAN,NAN,NAN,NAN,NAN
2017,11,29,20,30,NAN,NAN,NAN,NAN,NAN
2017,11,29,21,0,NAN,NAN,NAN,NAN,NAN
2017,11,29,21,30,NAN,NAN,NAN,NAN,NAN
2017,11,29,22,0,NAN,NAN,NAN,NAN,NAN
2017,11,29,22,30,NAN,NAN,NAN,NAN,NAN
2017,11,29,23,0,NAN,NAN,NAN,NAN,NAN
2017,11,29,23,30,NAN,NAN,NAN,NAN,NAN
2017,11,29,24,0,NAN,NAN,NAN,NAN,NAN
2017,11,30,0,30,NAN,NAN,NAN,NAN,NAN
2017,11,30,1,0,NAN,NAN,NAN,NAN,NAN
2017,11,30,1,30,NAN,NAN,NAN,NAN,NAN
2017,11,30,2,0,NAN,NAN,NAN,NAN,NAN
2017,11,30,2,30,NAN,NAN,NAN,NAN,NAN
2017,11,30,3,0,NAN,NAN,NAN,NAN,NAN
2017,11,30,3,30,NAN,NAN,NAN,NAN,NAN
2017,11,30,4,0,NAN,NAN,NAN,NAN,NAN
2017,11,30,4,30,NAN,NAN,NAN,NAN,NAN
2017,11,30,5,0,NAN,NAN,NAN,NAN,NAN
2017,11,30,5,30,NAN,NAN,NAN,NAN,NAN
2017,11,30,6,0,NAN,NAN,NAN,NAN,NAN
2017,11,30,6,30,NAN,NAN,NAN,NAN,NAN
2017,11,30,7,0,NAN,NAN,NAN,NAN,NAN
2017,11,30,7,30,NAN,NAN,NAN,NAN,NAN
2017,11,30,8,0,NAN,NAN,NAN,NAN,NAN
2017,11,30,8,30,NAN,NAN,NAN,NAN,NAN
2017,11,30,9,0,NAN,NAN,NAN,NAN,NAN
2017,11,30,9,30,NAN,NAN,NAN,NAN,NAN
2017,11,30,10,0,NAN,NAN,NAN,NAN,NAN
2017,11,30,10,30,NAN,NAN,NAN,NAN,NAN
2017,11,30,11,0,NAN,NAN,NAN,NAN,NAN
2017,11,30,11,30,NAN,NAN,NAN,NAN,NAN
2017,11,30,12,0,NAN,NAN,NAN,NAN,NAN
2017,11,30,12,30,NAN,NAN,NAN,NAN,NAN
2017,11,30,13,0,NAN,NAN,NAN,NAN,NAN
2017,11,30,13,30,NAN,NAN,NAN,NAN,NAN
2017,11,30,14,0,NAN,NAN,NAN,NAN,NAN
2017,11,30,14,30,NAN,NAN,NAN,NAN,NAN
2017,11,30,15,0,NAN,NAN,NAN,NAN,NAN
2017,11,30,15,30,NAN,NAN,NAN,NAN,NAN
2017,11,30,16,0,NAN,NAN,NAN,NAN,NAN
2017,11,30,16,30,NAN,NAN,NAN,NAN,NAN
2017,11,30,17,0,NAN,NAN,NAN,NAN,NAN
2017,11,30,17,30,NAN,NAN,NAN,NAN,NAN
2017,11,30,18,0,NAN,NAN,NAN,NAN,NAN
2017,11,30,18,30,NAN,NAN,NAN,NAN,NAN
2017,11,30,19,0,NAN,NAN,NAN,NAN,NAN
2017,11,30,19,30,NAN,NAN,NAN,NAN,NAN
2017,11,30,20,0,NAN,NAN,NAN,NAN,NAN
2017,11,30,20,30,NAN,NAN,NAN,NAN,NAN
2017,11,30,21,0,NAN,NAN,NAN,NAN,NAN
2017,11,30,21,30,NAN,NAN,NAN,NAN,NAN
2017,11,30,22,0,NAN,NAN,NAN,NAN,NAN
2017,11,30,22,30,NAN,NAN,NAN,NAN,NAN
2017,11,30,23,0,NAN,NAN,NAN,NAN,NAN
2017,11,30,23,30,NAN,NAN,NAN,NAN,NAN
2017,11,30,24,0,NAN,NAN,NAN,NAN,NAN
2017,12,1,0,30,NAN,NAN,NAN,NAN,NAN
2017,12,1,1,0,NAN,NAN,NAN,NAN,NAN
2017,12,1,1,30,NAN,NAN,NAN,NAN,NAN
2017,12,1,2,0,NAN,NAN,NAN,NAN,NAN
2017,12,1,2,30,NAN,NAN,NAN,NAN,NAN
2017,12,1,3,0,NAN,NAN,NAN,NAN,NAN
2017,12,1,3,30,NAN,NAN,NAN,NAN,NAN
2017,12,1,4,0,NAN,NAN,NAN,NAN,NAN
2017,12,1,4,30,NAN,NAN,NAN,NAN,NAN
2017,12,1,5,0,NAN,NAN,NAN,NAN,NAN
2017,12,1,5,30,NAN,NAN,NAN,NAN,NAN
2017,12,1,6,0,NAN,NAN,NAN,NAN,NAN
2017,12,1,6,30,NAN,NAN,NAN,NAN,NAN
2017,12,1,7,0,NAN,NAN,NAN,NAN,NAN
2017,12,1,7,30,NAN,NAN,NAN,NAN,NAN
2017,12,1,8,0,NAN,NAN,NAN,NAN,NAN
2017,12,1,8,30,NAN,NAN,NAN,NAN,NAN
2017,12,1,9,0,NAN,NAN,NAN,NAN,NAN
2017,12,1,9,30,NAN,NAN,NAN,NAN,NAN
2017,12,1,10,0,NAN,NAN,NAN,NAN,NAN
2017,12,1,10,30,NAN,NAN,NAN,NAN,NAN
2017,12,1,11,0,NAN,NAN,NAN,NAN,NAN
2017,12,1,11,30,NAN,NAN,NAN,NAN,NAN
2017,12,1,12,0,NAN,NAN,NAN,NAN,NAN
2017,12,1,12,30,NAN,NAN,NAN,NAN,NAN
2017,12,1,13,0,NAN,NAN,NAN,NAN,NAN
2017,12,1,13,30,NAN,NAN,NAN,NAN,NAN
2017,12,1,14,0,NAN,NAN,NAN,NAN,NAN
2017,12,1,14,30,NAN,NAN,NAN,NAN,NAN
2017,12,1,15,0,NAN,NAN,NAN,NAN,NAN
2017,12,1,15,30,NAN,NAN,NAN,NAN,NAN
2017,12,1,16,0,NAN,NAN,NAN,NAN,NAN
2017,12,1,16,30,NAN,NAN,NAN,NAN,NAN
2017,12,1,17,0,NAN,NAN,NAN,NAN,NAN
2017,12,1,17,30,NAN,NAN,NAN,NAN,NAN
2017,12,1,18,0,NAN,NAN,NAN,NAN,NAN
2017,12,1,18,30,NAN,NAN,NAN,NAN,NAN
2017,12,1,19,0,NAN,NAN,NAN,NAN,NAN
2017,12,1,19,30,NAN,NAN,NAN,NAN,NAN
2017,12,1,20,0,NAN,NAN,NAN,NAN,NAN
2017,12,1,20,30,NAN,NAN,NAN,NAN,NAN
2017,12,1,21,0,NAN,NAN,NAN,NAN,NAN
2017,12,1,21,30,NAN,NAN,NAN,NAN,NAN
2017,12,1,22,0,NAN,NAN,NAN,NAN,NAN
2017,12,1,22,30,NAN,NAN,NAN,NAN,NAN
2017,12,1,23,0,NAN,NAN,NAN,NAN,NAN
2017,12,1,23,30,NAN,NAN,NAN,NAN,NAN
2017,12,1,24,0,NAN,NAN,NAN,NAN,NAN
2017,12,2,0,30,NAN,NAN,NAN,NAN,NAN
2017,12,2,1,0,NAN,NAN,NAN,NAN,NAN
2017,12,2,1,30,NAN,NAN,NAN,NAN,NAN
2017,12,2,2,0,NAN,NAN,NAN,NAN,NAN
2017,12,2,2,30,NAN,NAN,NAN,NAN,NAN
2017,12,2,3,0,NAN,NAN,NAN,NAN,NAN
2017,12,2,3,30,NAN,NAN,NAN,NAN,NAN
2017,12,2,4,0,NAN,NAN,NAN,NAN,NAN
2017,12,2,4,30,NAN,NAN,NAN,NAN,NAN
2017,12,2,5,0,NAN,NAN,NAN,NAN,NAN
2017,12,2,5,30,NAN,NAN,NAN,NAN,NAN
2017,12,2,6,0,NAN,NAN,NAN,NAN,NAN
2017,12,2,6,30,NAN,NAN,NAN,NAN,NAN
2017,12,2,7,0,NAN,NAN,NAN,NAN,NAN
2017,12,2,7,30,NAN,NAN,NAN,NAN,NAN
2017,12,2,8,0,NAN,NAN,NAN,NAN,NAN
2017,12,2,8,30,NAN,NAN,NAN,NAN,NAN
2017,12,2,9,0,NAN,NAN,NAN,NAN,NAN
2017,12,2,9,30,NAN,NAN,NAN,NAN,NAN
2017,12,2,10,0,NAN,NAN,NAN,NAN,NAN
2017,12,2,10,30,NAN,NAN,NAN,NAN,NAN
2017,12,2,11,0,NAN,NAN,NAN,NAN,NAN
2017,12,2,11,30,NAN,NAN,NAN,NAN,NAN
2017,12,2,12,0,NAN,NAN,NAN,NAN,NAN
2017,12,2,12,30,NAN,NAN,NAN,NAN,NAN
2017,12,2,13,0,NAN,NAN,NAN,NAN,NAN
2017,12,2,13,30,NAN,NAN,NAN,NAN,NAN
2017,12,2,14,0,NAN,NAN,NAN,NAN,NAN
2017,12,2,14,30,NAN,NAN,NAN,NAN,NAN
2017,12,2,15,0,NAN,NAN,NAN,NAN,NAN
2017,12,2,15,30,NAN,NAN,NAN,NAN,NAN
2017,12,2,16,0,NAN,NAN,NAN,NAN,NAN
2017,12,2,16,30,NAN,NAN,NAN,NAN,NAN
2017,12,2,17,0,NAN,NAN,NAN,NAN,NAN
2017,12,2,17,30,NAN,NAN,NAN,NAN,NAN
2017,12,2,18,0,NAN,NAN,NAN,NAN,NAN
2017,12,2,18,30,NAN,NAN,NAN,NAN,NAN
2017,12,2,19,0,NAN,NAN,NAN,NAN,NAN
2017,12,2,19,30,NAN,NAN,NAN,NAN,NAN
2017,12,2,20,0,NAN,NAN,NAN,NAN,NAN
2017,12,2,20,30,NAN,NAN,NAN,NAN,NAN
2017,12,2,21,0,NAN,NAN,NAN,NAN,NAN
2017,12,2,21,30,NAN,NAN,NAN,NAN,NAN
2017,12,2,22,0,NAN,NAN,NAN,NAN,NAN
2017,12,2,22,30,NAN,NAN,NAN,NAN,NAN
2017,12,2,23,0,NAN,NAN,NAN,NAN,NAN
2017,12,2,23,30,NAN,NAN,NAN,NAN,NAN
2017,12,2,24,0,NAN,NAN,NAN,NAN,NAN
2017,12,3,0,30,NAN,NAN,NAN,NAN,NAN
2017,12,3,1,0,NAN,NAN,NAN,NAN,NAN
2017,12,3,1,30,NAN,NAN,NAN,NAN,NAN
2017,12,3,2,0,NAN,NAN,NAN,NAN,NAN
2017,12,3,2,30,NAN,NAN,NAN,NAN,NAN
2017,12,3,3,0,NAN,NAN,NAN,NAN,NAN
2017,12,3,3,30,NAN,NAN,NAN,NAN,NAN
2017,12,3,4,0,NAN,NAN,NAN,NAN,NAN
2017,12,3,4,30,NAN,NAN,NAN,NAN,NAN
2017,12,3,5,0,NAN,NAN,NAN,NAN,NAN
2017,12,3,5,30,NAN,NAN,NAN,NAN,NAN
2017,12,3,6,0,NAN,NAN,NAN,NAN,NAN
2017,12,3,6,30,NAN,NAN,NAN,NAN,NAN
2017,12,3,7,0,NAN,NAN,NAN,NAN,NAN
2017,12,3,7,30,NAN,NAN,NAN,NAN,NAN
2017,12,3,8,0,NAN,NAN,NAN,NAN,NAN
2017,12,3,8,30,NAN,NAN,NAN,NAN,NAN
2017,12,3,9,0,NAN,NAN,NAN,NAN,NAN
2017,12,3,9,30,NAN,NAN,NAN,NAN,NAN
2017,12,3,10,0,NAN,NAN,NAN,NAN,NAN
2017,12,3,10,30,NAN,NAN,NAN,NAN,NAN
2017,12,3,11,0,NAN,NAN,NAN,NAN,NAN
2017,12,3,11,30,NAN,NAN,NAN,NAN,NAN
2017,12,3,12,0,NAN,NAN,NAN,NAN,NAN
2017,12,3,12,30,NAN,NAN,NAN,NAN,NAN
2017,12,3,13,0,NAN,NAN,NAN,NAN,NAN
2017,12,3,13,30,NAN,NAN,NAN,NAN,NAN
2017,12,3,14,0,NAN,NAN,NAN,NAN,NAN
2017,12,3,14,30,NAN,NAN,NAN,NAN,NAN
2017,12,3,15,0,NAN,NAN,NAN,NAN,NAN
2017,12,3,15,30,NAN,NAN,NAN,NAN,NAN
2017,12,3,16,0,NAN,NAN,NAN,NAN,NAN
2017,12,3,16,30,NAN,NAN,NAN,NAN,NAN
2017,12,3,17,0,NAN,NAN,NAN,NAN,NAN
2017,12,3,17,30,NAN,NAN,NAN,NAN,NAN
2017,12,3,18,0,NAN,NAN,NAN,NAN,NAN
2017,12,3,18,30,NAN,NAN,NAN,NAN,NAN
2017,12,3,19,0,NAN,NAN,NAN,NAN,NAN
2017,12,3,19,30,NAN,NAN,NAN,NAN,NAN
2017,12,3,20,0,NAN,NAN,NAN,NAN,NAN
2017,12,3,20,30,NAN,NAN,NAN,NAN,NAN
2017,12,3,21,0,NAN,NAN,NAN,NAN,NAN
2017,12,3,21,30,NAN,NAN,NAN,NAN,NAN
2017,12,3,22,0,NAN,NAN,NAN,NAN,NAN
2017,12,3,22,30,NAN,NAN,NAN,NAN,NAN
2017,12,3,23,0,NAN,NAN,NAN,NAN,NAN
2017,12,3,23,30,NAN,NAN,NAN,NAN,NAN
2017,12,3,24,0,NAN,NAN,NAN,NAN,NAN
2017,12,4,0,30,NAN,NAN,NAN,NAN,NAN
2017,12,4,1,0,NAN,NAN,NAN,NAN,NAN
2017,12,4,1,30,NAN,NAN,NAN,NAN,NAN
2017,12,4,2,0,NAN,NAN,NAN,NAN,NAN
2017,12,4,2,30,NAN,NAN,NAN,NAN,NAN
2017,12,4,3,0,NAN,NAN,NAN,NAN,NAN
2017,12,4,3,30,NAN,NAN,NAN,NAN,NAN
2017,12,4,4,0,NAN,NAN,NAN,NAN,NAN
2017,12,4,4,30,NAN,NAN,NAN,NAN,NAN
2017,12,4,5,0,NAN,NAN,NAN,NAN,NAN
2017,12,4,5,30,NAN,NAN,NAN,NAN,NAN
2017,12,4,6,0,NAN,NAN,NAN,NAN,NAN
2017,12,4,6,30,NAN,NAN,NAN,NAN,NAN
2017,12,4,7,0,NAN,NAN,NAN,NAN,NAN
2017,12,4,7,30,NAN,NAN,NAN,NAN,NAN
2017,12,4,8,0,NAN,NAN,NAN,NAN,NAN
2017,12,4,8,30,NAN,NAN,NAN,NAN,NAN
2017,12,4,9,0,NAN,NAN,NAN,NAN,NAN
2017,12,4,9,30,NAN,NAN,NAN,NAN,NAN
2017,12,4,10,0,NAN,NAN,NAN,NAN,NAN
2017,12,4,10,30,NAN,NAN,NAN,NAN,NAN
2017,12,4,11,0,NAN,NAN,NAN,NAN,NAN
2017,12,4,11,30,NAN,NAN,NAN,NAN,NAN
2017,12,4,12,0,NAN,NAN,NAN,NAN,NAN
2017,12,4,12,30,NAN,NAN,NAN,NAN,NAN
2017,12,4,13,0,NAN,NAN,NAN,NAN,NAN
2017,12,4,13,30,NAN,NAN,NAN,NAN,NAN
2017,12,4,14,0,NAN,NAN,NAN,NAN,NAN
2017,12,4,14,30,NAN,NAN,NAN,NAN,NAN
2017,12,4,15,0,NAN,NAN,NAN,NAN,NAN
2017,12,4,15,30,NAN,NAN,NAN,NAN,NAN
2017,12,4,16,0,NAN,NAN,NAN,NAN,NAN
2017,12,4,16,30,NAN,NAN,NAN,NAN,NAN
2017,12,4,17,0,NAN,NAN,NAN,NAN,NAN
2017,12,4,17,30,NAN,NAN,NAN,NAN,NAN
2017,12,4,18,0,NAN,NAN,NAN,NAN,NAN
2017,12,4,18,30,NAN,NAN,NAN,NAN,NAN
2017,12,4,19,0,NAN,NAN,NAN,NAN,NAN
2017,12,4,19,30,NAN,NAN,NAN,NAN,NAN
2017,12,4,20,0,NAN,NAN,NAN,NAN,NAN
2017,12,4,20,30,NAN,NAN,NAN,NAN,NAN
2017,12,4,21,0,NAN,NAN,NAN,NAN,NAN
2017,12,4,21,30,NAN,NAN,NAN,NAN,NAN
2017,12,4,22,0,NAN,NAN,NAN,NAN,NAN
2017,12,4,22,30,NAN,NAN,NAN,NAN,NAN
2017,12,4,23,0,NAN,NAN,NAN,NAN,NAN
2017,12,4,23,30,NAN,NAN,NAN,NAN,NAN
2017,12,4,24,0,NAN,NAN,NAN,NAN,NAN
2017,12,5,0,30,NAN,NAN,NAN,NAN,NAN
2017,12,5,1,0,NAN,NAN,NAN,NAN,NAN
2017,12,5,1,30,NAN,NAN,NAN,NAN,NAN
2017,12,5,2,0,NAN,NAN,NAN,NAN,NAN
2017,12,5,2,30,NAN,NAN,NAN,NAN,NAN
2017,12,5,3,0,NAN,NAN,NAN,NAN,NAN
2017,12,5,3,30,NAN,NAN,NAN,NAN,NAN
2017,12,5,4,0,NAN,NAN,NAN,NAN,NAN
2017,12,5,4,30,NAN,NAN,NAN,NAN,NAN
2017,12,5,5,0,NAN,NAN,NAN,NAN,NAN
2017,12,5,5,30,NAN,NAN,NAN,NAN,NAN
2017,12,5,6,0,NAN,NAN,NAN,NAN,NAN
2017,12,5,6,30,NAN,NAN,NAN,NAN,NAN
2017,12,5,7,0,NAN,NAN,NAN,NAN,NAN
2017,12,5,7,30,NAN,NAN,NAN,NAN,NAN
2017,12,5,8,0,NAN,NAN,NAN,NAN,NAN
2017,12,5,8,30,NAN,NAN,NAN,NAN,NAN
2017,12,5,9,0,NAN,NAN,NAN,NAN,NAN
2017,12,5,9,30,NAN,NAN,NAN,NAN,NAN
2017,12,5,10,0,NAN,NAN,NAN,NAN,NAN
2017,12,5,10,30,NAN,NAN,NAN,NAN,NAN
2017,12,5,11,0,NAN,NAN,NAN,NAN,NAN
2017,12,5,11,30,NAN,NAN,NAN,NAN,NAN
2017,12,5,12,0,NAN,NAN,NAN,NAN,NAN
2017,12,5,12,30,NAN,NAN,NAN,NAN,NAN
2017,12,5,13,0,NAN,NAN,NAN,NAN,NAN
2017,12,5,13,30,NAN,NAN,NAN,NAN,NAN
2017,12,5,14,0,NAN,NAN,NAN,NAN,NAN
2017,12,5,14,30,NAN,NAN,NAN,NAN,NAN
2017,12,5,15,0,NAN,NAN,NAN,NAN,NAN
2017,12,5,15,30,NAN,NAN,NAN,NAN,NAN
2017,12,5,16,0,NAN,NAN,NAN,NAN,NAN
2017,12,5,16,30,NAN,NAN,NAN,NAN,NAN
2017,12,5,17,0,NAN,NAN,NAN,NAN,NAN
2017,12,5,17,30,NAN,NAN,NAN,NAN,NAN
2017,12,5,18,0,NAN,NAN,NAN,NAN,NAN
2017,12,5,18,30,NAN,NAN,NAN,NAN,NAN
2017,12,5,19,0,NAN,NAN,NAN,NAN,NAN
2017,12,5,19,30,NAN,NAN,NAN,NAN,NAN
2017,12,5,20,0,NAN,NAN,NAN,NAN,NAN
2017,12,5,20,30,NAN,NAN,NAN,NAN,NAN
2017,12,5,21,0,NAN,NAN,NAN,NAN,NAN
2017,12,5,21,30,NAN,NAN,NAN,NAN,NAN
2017,12,5,22,0,NAN,NAN,NAN,NAN,NAN
2017,12,5,22,30,NAN,NAN,NAN,NAN,NAN
2017,12,5,23,0,NAN,NAN,NAN,NAN,NAN
2017,12,5,23,30,NAN,NAN,NAN,NAN,NAN
2017,12,5,24,0,NAN,NAN,NAN,NAN,NAN
2017,12,6,0,30,NAN,NAN,NAN,NAN,NAN
2017,12,6,1,0,NAN,NAN,NAN,NAN,NAN
2017,12,6,1,30,NAN,NAN,NAN,NAN,NAN
2017,12,6,2,0,NAN,NAN,NAN,NAN,NAN
2017,12,6,2,30,NAN,NAN,NAN,NAN,NAN
2017,12,6,3,0,NAN,NAN,NAN,NAN,NAN
2017,12,6,3,30,NAN,NAN,NAN,NAN,NAN
2017,12,6,4,0,NAN,NAN,NAN,NAN,NAN
2017,12,6,4,30,NAN,NAN,NAN,NAN,NAN
2017,12,6,5,0,NAN,NAN,NAN,NAN,NAN
2017,12,6,5,30,NAN,NAN,NAN,NAN,NAN
2017,12,6,6,0,NAN,NAN,NAN,NAN,NAN
2017,12,6,6,30,NAN,NAN,NAN,NAN,NAN
2017,12,6,7,0,NAN,NAN,NAN,NAN,NAN
2017,12,6,7,30,NAN,NAN,NAN,NAN,NAN
2017,12,6,8,0,NAN,NAN,NAN,NAN,NAN
2017,12,6,8,30,NAN,NAN,NAN,NAN,NAN
2017,12,6,9,0,NAN,NAN,NAN,NAN,NAN
2017,12,6,9,30,NAN,NAN,NAN,NAN,NAN
2017,12,6,10,0,NAN,NAN,NAN,NAN,NAN
2017,12,6,10,30,NAN,NAN,NAN,NAN,NAN
2017,12,6,11,0,NAN,NAN,NAN,NAN,NAN
2017,12,6,11,30,NAN,NAN,NAN,NAN,NAN
2017,12,6,12,0,NAN,NAN,NAN,NAN,NAN
2017,12,6,12,30,NAN,NAN,NAN,NAN,NAN
2017,12,6,13,0,NAN,NAN,NAN,NAN,NAN
2017,12,6,13,30,NAN,NAN,NAN,NAN,NAN
2017,12,6,14,0,NAN,NAN,NAN,NAN,NAN
2017,12,6,14,30,NAN,NAN,NAN,NAN,NAN
2017,12,6,15,0,NAN,NAN,NAN,NAN,NAN
2017,12,6,15,30,NAN,NAN,NAN,NAN,NAN
2017,12,6,16,0,NAN,NAN,NAN,NAN,NAN
2017,12,6,16,30,NAN,NAN,NAN,NAN,NAN
2017,12,6,17,0,NAN,NAN,NAN,NAN,NAN
2017,12,6,17,30,NAN,NAN,NAN,NAN,NAN
2017,12,6,18,0,NAN,NAN,NAN,NAN,NAN
2017,12,6,18,30,NAN,NAN,NAN,NAN,NAN
2017,12,6,19,0,NAN,NAN,NAN,NAN,NAN
2017,12,6,19,30,NAN,NAN,NAN,NAN,NAN
2017,12,6,20,0,NAN,NAN,NAN,NAN,NAN
2017,12,6,20,30,NAN,NAN,NAN,NAN,NAN
2017,12,6,21,0,NAN,NAN,NAN,NAN,NAN
2017,12,6,21,30,NAN,NAN,NAN,NAN,NAN
2017,12,6,22,0,NAN,NAN,NAN,NAN,NAN
2017,12,6,22,30,NAN,NAN,NAN,NAN,NAN
2017,12,6,23,0,NAN,NAN,NAN,NAN,NAN
2017,12,6,23,30,NAN,NAN,NAN,NAN,NAN
2017,12,6,24,0,NAN,NAN,NAN,NAN,NAN
2017,12,7,0,30,NAN,NAN,NAN,NAN,NAN
2017,12,7,1,0,NAN,NAN,NAN,NAN,NAN
2017,12,7,1,30,NAN,NAN,NAN,NAN,NAN
2017,12,7,2,0,NAN,NAN,NAN,NAN,NAN
2017,12,7,2,30,NAN,NAN,NAN,NAN,NAN
2017,12,7,3,0,NAN,NAN,NAN,NAN,NAN
2017,12,7,3,30,NAN,NAN,NAN,NAN,NAN
2017,12,7,4,0,NAN,NAN,NAN,NAN,NAN
2017,12,7,4,30,NAN,NAN,NAN,NAN,NAN
2017,12,7,5,0,NAN,NAN,NAN,NAN,NAN
2017,12,7,5,30,NAN,NAN,NAN,NAN,NAN
2017,12,7,6,0,NAN,NAN,NAN,NAN,NAN
2017,12,7,6,30,NAN,NAN,NAN,NAN,NAN
2017,12,7,7,0,NAN,NAN,NAN,NAN,NAN
2017,12,7,7,30,NAN,NAN,NAN,NAN,NAN
2017,12,7,8,0,NAN,NAN,NAN,NAN,NAN
2017,12,7,8,30,NAN,NAN,NAN,NAN,NAN
2017,12,7,9,0,NAN,NAN,NAN,NAN,NAN
2017,12,7,9,30,NAN,NAN,NAN,NAN,NAN
2017,12,7,10,0,NAN,NAN,NAN,NAN,NAN
2017,12,7,10,30,NAN,NAN,NAN,NAN,NAN
2017,12,7,11,0,NAN,NAN,NAN,NAN,NAN
2017,12,7,11,30,NAN,NAN,NAN,NAN,NAN
2017,12,7,12,0,NAN,NAN,NAN,NAN,NAN
2017,12,7,12,30,NAN,NAN,NAN,NAN,NAN
2017,12,7,13,0,NAN,NAN,NAN,NAN,NAN
2017,12,7,13,30,NAN,NAN,NAN,NAN,NAN
2017,12,7,14,0,NAN,NAN,NAN,NAN,NAN
2017,12,7,14,30,NAN,NAN,NAN,NAN,NAN
2017,12,7,15,0,NAN,NAN,NAN,NAN,NAN
2017,12,7,15,30,NAN,NAN,NAN,NAN,NAN
2017,12,7,16,0,NAN,NAN,NAN,NAN,NAN
2017,12,7,16,30,NAN,NAN,NAN,NAN,NAN
2017,12,7,17,0,NAN,NAN,NAN,NAN,NAN
2017,12,7,17,30,NAN,NAN,NAN,NAN,NAN
2017,12,7,18,0,NAN,NAN,NAN,NAN,NAN
2017,12,7,18,30,NAN,NAN,NAN,NAN,NAN
2017,12,7,19,0,NAN,NAN,NAN,NAN,NAN
2017,12,7,19,30,NAN,NAN,NAN,NAN,NAN
2017,12,7,20,0,NAN,NAN,NAN,NAN,NAN
2017,12,7,20,30,NAN,NAN,NAN,NAN,NAN
2017,12,7,21,0,NAN,NAN,NAN,NAN,NAN
2017,12,7,21,30,NAN,NAN,NAN,NAN,NAN
2017,12,7,22,0,NAN,NAN,NAN,NAN,NAN
2017,12,7,22,30,NAN,NAN,NAN,NAN,NAN
2017,12,7,23,0,NAN,NAN,NAN,NAN,NAN
2017,12,7,23,30,NAN,NAN,NAN,NAN,NAN
2017,12,7,24,0,NAN,NAN,NAN,NAN,NAN
2017,12,8,0,30,NAN,NAN,NAN,NAN,NAN
2017,12,8,1,0,NAN,NAN,NAN,NAN,NAN
2017,12,8,1,30,NAN,NAN,NAN,NAN,NAN
2017,12,8,2,0,NAN,NAN,NAN,NAN,NAN
2017,12,8,2,30,NAN,NAN,NAN,NAN,NAN
2017,12,8,3,0,NAN,NAN,NAN,NAN,NAN
2017,12,8,3,30,NAN,NAN,NAN,NAN,NAN
2017,12,8,4,0,NAN,NAN,NAN,NAN,NAN
2017,12,8,4,30,NAN,NAN,NAN,NAN,NAN
2017,12,8,5,0,NAN,NAN,NAN,NAN,NAN
2017,12,8,5,30,NAN,NAN,NAN,NAN,NAN
2017,12,8,6,0,NAN,NAN,NAN,NAN,NAN
2017,12,8,6,30,NAN,NAN,NAN,NAN,NAN
2017,12,8,7,0,NAN,NAN,NAN,NAN,NAN
2017,12,8,7,30,NAN,NAN,NAN,NAN,NAN
2017,12,8,8,0,NAN,NAN,NAN,NAN,NAN
2017,12,8,8,30,NAN,NAN,NAN,NAN,NAN
2017,12,8,9,0,NAN,NAN,NAN,NAN,NAN
2017,12,8,9,30,NAN,NAN,NAN,NAN,NAN
2017,12,8,10,0,NAN,NAN,NAN,NAN,NAN
2017,12,8,10,30,NAN,NAN,NAN,NAN,NAN
2017,12,8,11,0,NAN,NAN,NAN,NAN,NAN
2017,12,8,11,30,NAN,NAN,NAN,NAN,NAN
2017,12,8,12,0,NAN,NAN,NAN,NAN,NAN
2017,12,8,12,30,NAN,NAN,NAN,NAN,NAN
2017,12,8,13,0,NAN,NAN,NAN,NAN,NAN
2017,12,8,13,30,NAN,NAN,NAN,NAN,NAN
2017,12,8,14,0,NAN,NAN,NAN,NAN,NAN
2017,12,8,14,30,NAN,NAN,NAN,NAN,NAN
2017,12,8,15,0,NAN,NAN,NAN,NAN,NAN
2017,12,8,15,30,NAN,NAN,NAN,NAN,NAN
2017,12,8,16,0,NAN,NAN,NAN,NAN,NAN
2017,12,8,16,30,NAN,NAN,NAN,NAN,NAN
2017,12,8,17,0,NAN,NAN,NAN,NAN,NAN
2017,12,8,17,30,NAN,NAN,NAN,NAN,NAN
2017,12,8,18,0,NAN,NAN,NAN,NAN,NAN
2017,12,8,18,30,NAN,NAN,NAN,NAN,NAN
2017,12,8,19,0,NAN,NAN,NAN,NAN,NAN
2017,12,8,19,30,NAN,NAN,NAN,NAN,NAN
2017,12,8,20,0,NAN,NAN,NAN,NAN,NAN
2017,12,8,20,30,NAN,NAN,NAN,NAN,NAN
2017,12,8,21,0,NAN,NAN,NAN,NAN,NAN
2017,12,8,21,30,NAN,NAN,NAN,NAN,NAN
2017,12,8,22,0,NAN,NAN,NAN,NAN,NAN
2017,12,8,22,30,NAN,NAN,NAN,NAN,NAN
2017,12,8,23,0,NAN,NAN,NAN,NAN,NAN
2017,12,8,23,30,NAN,NAN,NAN,NAN,NAN
2017,12,8,24,0,NAN,NAN,NAN,NAN,NAN
2017,12,9,0,30,NAN,NAN,NAN,NAN,NAN
2017,12,9,1,0,NAN,NAN,NAN,NAN,NAN
2017,12,9,1,30,NAN,NAN,NAN,NAN,NAN
2017,12,9,2,0,NAN,NAN,NAN,NAN,NAN
2017,12,9,2,30,NAN,NAN,NAN,NAN,NAN
2017,12,9,3,0,NAN,NAN,NAN,NAN,NAN
2017,12,9,3,30,NAN,NAN,NAN,NAN,NAN
2017,12,9,4,0,NAN,NAN,NAN,NAN,NAN
2017,12,9,4,30,NAN,NAN,NAN,NAN,NAN
2017,12,9,5,0,NAN,NAN,NAN,NAN,NAN
2017,12,9,5,30,NAN,NAN,NAN,NAN,NAN
2017,12,9,6,0,NAN,NAN,NAN,NAN,NAN
2017,12,9,6,30,NAN,NAN,NAN,NAN,NAN
2017,12,9,7,0,NAN,NAN,NAN,NAN,NAN
2017,12,9,7,30,NAN,NAN,NAN,NAN,NAN
2017,12,9,8,0,NAN,NAN,NAN,NAN,NAN
2017,12,9,8,30,NAN,NAN,NAN,NAN,NAN
2017,12,9,9,0,NAN,NAN,NAN,NAN,NAN
2017,12,9,9,30,NAN,NAN,NAN,NAN,NAN
2017,12,9,10,0,NAN,NAN,NAN,NAN,NAN
2017,12,9,10,30,NAN,NAN,NAN,NAN,NAN
2017,12,9,11,0,NAN,NAN,NAN,NAN,NAN
2017,12,9,11,30,NAN,NAN,NAN,NAN,NAN
2017,12,9,12,0,NAN,NAN,NAN,NAN,NAN
2017,12,9,12,30,NAN,NAN,NAN,NAN,NAN
2017,12,9,13,0,NAN,NAN,NAN,NAN,NAN
2017,12,9,13,30,NAN,NAN,NAN,NAN,NAN
2017,12,9,14,0,NAN,NAN,NAN,NAN,NAN
2017,12,9,14,30,NAN,NAN,NAN,NAN,NAN
2017,12,9,15,0,NAN,NAN,NAN,NAN,NAN
2017,12,9,15,30,NAN,NAN,NAN,NAN,NAN
2017,12,9,16,0,NAN,NAN,NAN,NAN,NAN
2017,12,9,16,30,NAN,NAN,NAN,NAN,NAN
2017,12,9,17,0,NAN,NAN,NAN,NAN,NAN
2017,12,9,17,30,NAN,NAN,NAN,NAN,NAN
2017,12,9,18,0,NAN,NAN,NAN,NAN,NAN
2017,12,9,18,30,NAN,NAN,NAN,NAN,NAN
2017,12,9,19,0,NAN,NAN,NAN,NAN,NAN
2017,12,9,19,30,NAN,NAN,NAN,NAN,NAN
2017,12,9,20,0,NAN,NAN,NAN,NAN,NAN
2017,12,9,20,30,NAN,NAN,NAN,NAN,NAN
2017,12,9,21,0,NAN,NAN,NAN,NAN,NAN
2017,12,9,21,30,NAN,NAN,NAN,NAN,NAN
2017,12,9,22,0,NAN,NAN,NAN,NAN,NAN
2017,12,9,22,30,NAN,NAN,NAN,NAN,NAN
2017,12,9,23,0,NAN,NAN,NAN,NAN,NAN
2017,12,9,23,30,NAN,NAN,NAN,NAN,NAN
2017,12,9,24,0,NAN,NAN,NAN,NAN,NAN
2017,12,10,0,30,NAN,NAN,NAN,NAN,NAN
2017,12,10,1,0,NAN,NAN,NAN,NAN,NAN
2017,12,10,1,30,NAN,NAN,NAN,NAN,NAN
2017,12,10,2,0,NAN,NAN,NAN,NAN,NAN
2017,12,10,2,30,NAN,NAN,NAN,NAN,NAN
2017,12,10,3,0,NAN,NAN,NAN,NAN,NAN
2017,12,10,3,30,NAN,NAN,NAN,NAN,NAN
2017,12,10,4,0,NAN,NAN,NAN,NAN,NAN
2017,12,10,4,30,NAN,NAN,NAN,NAN,NAN
2017,12,10,5,0,NAN,NAN,NAN,NAN,NAN
2017,12,10,5,30,NAN,NAN,NAN,NAN,NAN
2017,12,10,6,0,NAN,NAN,NAN,NAN,NAN
2017,12,10,6,30,NAN,NAN,NAN,NAN,NAN
2017,12,10,7,0,NAN,NAN,NAN,NAN,NAN
2017,12,10,7,30,NAN,NAN,NAN,NAN,NAN
2017,12,10,8,0,NAN,NAN,NAN,NAN,NAN
2017,12,10,8,30,NAN,NAN,NAN,NAN,NAN
2017,12,10,9,0,NAN,NAN,NAN,NAN,NAN
2017,12,10,9,30,NAN,NAN,NAN,NAN,NAN
2017,12,10,10,0,NAN,NAN,NAN,NAN,NAN
2017,12,10,10,30,NAN,NAN,NAN,NAN,NAN
2017,12,10,11,0,NAN,NAN,NAN,NAN,NAN
2017,12,10,11,30,NAN,NAN,NAN,NAN,NAN
2017,12,10,12,0,NAN,NAN,NAN,NAN,NAN
2017,12,10,12,30,NAN,NAN,NAN,NAN,NAN
2017,12,10,13,0,NAN,NAN,NAN,NAN,NAN
2017,12,10,13,30,NAN,NAN,NAN,NAN,NAN
2017,12,10,14,0,NAN,NAN,NAN,NAN,NAN
2017,12,10,14,30,NAN,NAN,NAN,NAN,NAN
2017,12,10,15,0,NAN,NAN,NAN,NAN,NAN
2017,12,10,15,30,NAN,NAN,NAN,NAN,NAN
2017,12,10,16,0,NAN,NAN,NAN,NAN,NAN
2017,12,10,16,30,NAN,NAN,NAN,NAN,NAN
2017,12,10,17,0,NAN,NAN,NAN,NAN,NAN
2017,12,10,17,30,NAN,NAN,NAN,NAN,NAN
2017,12,10,18,0,NAN,NAN,NAN,NAN,NAN
2017,12,10,18,30,NAN,NAN,NAN,NAN,NAN
2017,12,10,19,0,NAN,NAN,NAN,NAN,NAN
2017,12,10,19,30,NAN,NAN,NAN,NAN,NAN
2017,12,10,20,0,NAN,NAN,NAN,NAN,NAN
2017,12,10,20,30,NAN,NAN,NAN,NAN,NAN
2017,12,10,21,0,NAN,NAN,NAN,NAN,NAN
2017,12,10,21,30,NAN,NAN,NAN,NAN,NAN
2017,12,10,22,0,NAN,NAN,NAN,NAN,NAN
2017,12,10,22,30,NAN,NAN,NAN,NAN,NAN
2017,12,10,23,0,NAN,NAN,NAN,NAN,NAN
2017,12,10,23,30,NAN,NAN,NAN,NAN,NAN
2017,12,10,24,0,NAN,NAN,NAN,NAN,NAN
2017,12,11,0,30,NAN,NAN,NAN,NAN,NAN
2017,12,11,1,0,NAN,NAN,NAN,NAN,NAN
2017,12,11,1,30,NAN,NAN,NAN,NAN,NAN
2017,12,11,2,0,NAN,NAN,NAN,NAN,NAN
2017,12,11,2,30,NAN,NAN,NAN,NAN,NAN
2017,12,11,3,0,NAN,NAN,NAN,NAN,NAN
2017,12,11,3,30,NAN,NAN,NAN,NAN,NAN
2017,12,11,4,0,NAN,NAN,NAN,NAN,NAN
2017,12,11,4,30,NAN,NAN,NAN,NAN,NAN
2017,12,11,5,0,NAN,NAN,NAN,NAN,NAN
2017,12,11,5,30,NAN,NAN,NAN,NAN,NAN
2017,12,11,6,0,NAN,NAN,NAN,NAN,NAN
2017,12,11,6,30,NAN,NAN,NAN,NAN,NAN
2017,12,11,7,0,NAN,NAN,NAN,NAN,NAN
2017,12,11,7,30,NAN,NAN,NAN,NAN,NAN
2017,12,11,8,0,NAN,NAN,NAN,NAN,NAN
2017,12,11,8,30,NAN,NAN,NAN,NAN,NAN
2017,12,11,9,0,NAN,NAN,NAN,NAN,NAN
2017,12,11,9,30,NAN,NAN,NAN,NAN,NAN
2017,12,11,10,0,NAN,NAN,NAN,NAN,NAN
2017,12,11,10,30,NAN,NAN,NAN,NAN,NAN
2017,12,11,11,0,NAN,NAN,NAN,NAN,NAN
2017,12,11,11,30,NAN,NAN,NAN,NAN,NAN
2017,12,11,12,0,NAN,NAN,NAN,NAN,NAN
2017,12,11,12,30,NAN,NAN,NAN,NAN,NAN
2017,12,11,13,0,NAN,NAN,NAN,NAN,NAN
2017,12,11,13,30,NAN,NAN,NAN,NAN,NAN
2017,12,11,14,0,NAN,NAN,NAN,NAN,NAN
2017,12,11,14,30,NAN,NAN,NAN,NAN,NAN
2017,12,11,15,0,NAN,NAN,NAN,NAN,NAN
2017,12,11,15,30,NAN,NAN,NAN,NAN,NAN
2017,12,11,16,0,NAN,NAN,NAN,NAN,NAN
2017,12,11,16,30,NAN,NAN,NAN,NAN,NAN
2017,12,11,17,0,NAN,NAN,NAN,NAN,NAN
2017,12,11,17,30,NAN,NAN,NAN,NAN,NAN
2017,12,11,18,0,NAN,NAN,NAN,NAN,NAN
2017,12,11,18,30,NAN,NAN,NAN,NAN,NAN
2017,12,11,19,0,NAN,NAN,NAN,NAN,NAN
2017,12,11,19,30,NAN,NAN,NAN,NAN,NAN
2017,12,11,20,0,NAN,NAN,NAN,NAN,NAN
2017,12,11,20,30,NAN,NAN,NAN,NAN,NAN
2017,12,11,21,0,NAN,NAN,NAN,NAN,NAN
2017,12,11,21,30,NAN,NAN,NAN,NAN,NAN
2017,12,11,22,0,NAN,NAN,NAN,NAN,NAN
2017,12,11,22,30,NAN,NAN,NAN,NAN,NAN
2017,12,11,23,0,NAN,NAN,NAN,NAN,NAN
2017,12,11,23,30,NAN,NAN,NAN,NAN,NAN
2017,12,11,24,0,NAN,NAN,NAN,NAN,NAN
2017,12,12,0,30,NAN,NAN,NAN,NAN,NAN
2017,12,12,1,0,NAN,NAN,NAN,NAN,NAN
2017,12,12,1,30,NAN,NAN,NAN,NAN,NAN
2017,12,12,2,0,NAN,NAN,NAN,NAN,NAN
2017,12,12,2,30,NAN,NAN,NAN,NAN,NAN
2017,12,12,3,0,NAN,NAN,NAN,NAN,NAN
2017,12,12,3,30,NAN,NAN,NAN,NAN,NAN
2017,12,12,4,0,NAN,NAN,NAN,NAN,NAN
2017,12,12,4,30,NAN,NAN,NAN,NAN,NAN
2017,12,12,5,0,NAN,NAN,NAN,NAN,NAN
2017,12,12,5,30,NAN,NAN,NAN,NAN,NAN
2017,12,12,6,0,NAN,NAN,NAN,NAN,NAN
2017,12,12,6,30,NAN,NAN,NAN,NAN,NAN
2017,12,12,7,0,NAN,NAN,NAN,NAN,NAN
2017,12,12,7,30,NAN,NAN,NAN,NAN,NAN
2017,12,12,8,0,NAN,NAN,NAN,NAN,NAN
2017,12,12,8,30,NAN,NAN,NAN,NAN,NAN
2017,12,12,9,0,NAN,NAN,NAN,NAN,NAN
2017,12,12,9,30,NAN,NAN,NAN,NAN,NAN
2017,12,12,10,0,NAN,NAN,NAN,NAN,NAN
2017,12,12,10,30,NAN,NAN,NAN,NAN,NAN
2017,12,12,11,0,NAN,NAN,NAN,NAN,NAN
2017,12,12,11,30,NAN,NAN,NAN,NAN,NAN
2017,12,12,12,0,NAN,NAN,NAN,NAN,NAN
2017,12,12,12,30,NAN,NAN,NAN,NAN,NAN
2017,12,12,13,0,NAN,NAN,NAN,NAN,NAN
2017,12,12,13,30,NAN,NAN,NAN,NAN,NAN
2017,12,12,14,0,NAN,NAN,NAN,NAN,NAN
2017,12,12,14,30,NAN,NAN,NAN,NAN,NAN
2017,12,12,15,0,NAN,NAN,NAN,NAN,NAN
2017,12,12,15,30,NAN,NAN,NAN,NAN,NAN
2017,12,12,16,0,NAN,NAN,NAN,NAN,NAN
2017,12,12,16,30,NAN,NAN,NAN,NAN,NAN
2017,12,12,17,0,NAN,NAN,NAN,NAN,NAN
2017,12,12,17,30,NAN,NAN,NAN,NAN,NAN
2017,12,12,18,0,NAN,NAN,NAN,NAN,NAN
2017,12,12,18,30,NAN,NAN,NAN,NAN,NAN
2017,12,12,19,0,NAN,NAN,NAN,NAN,NAN
2017,12,12,19,30,NAN,NAN,NAN,NAN,NAN
2017,12,12,20,0,NAN,NAN,NAN,NAN,NAN
2017,12,12,20,30,NAN,NAN,NAN,NAN,NAN
2017,12,12,21,0,NAN,NAN,NAN,NAN,NAN
2017,12,12,21,30,NAN,NAN,NAN,NAN,NAN
2017,12,12,22,0,NAN,NAN,NAN,NAN,NAN
2017,12,12,22,30,NAN,NAN,NAN,NAN,NAN
2017,12,12,23,0,NAN,NAN,NAN,NAN,NAN
2017,12,12,23,30,NAN,NAN,NAN,NAN,NAN
2017,12,12,24,0,NAN,NAN,NAN,NAN,NAN
2017,12,13,0,30,NAN,NAN,NAN,NAN,NAN
2017,12,13,1,0,NAN,NAN,NAN,NAN,NAN
2017,12,13,1,30,NAN,NAN,NAN,NAN,NAN
2017,12,13,2,0,NAN,NAN,NAN,NAN,NAN
2017,12,13,2,30,NAN,NAN,NAN,NAN,NAN
2017,12,13,3,0,NAN,NAN,NAN,NAN,NAN
2017,12,13,3,30,NAN,NAN,NAN,NAN,NAN
2017,12,13,4,0,NAN,NAN,NAN,NAN,NAN
2017,12,13,4,30,NAN,NAN,NAN,NAN,NAN
2017,12,13,5,0,NAN,NAN,NAN,NAN,NAN
2017,12,13,5,30,NAN,NAN,NAN,NAN,NAN
2017,12,13,6,0,NAN,NAN,NAN,NAN,NAN
2017,12,13,6,30,NAN,NAN,NAN,NAN,NAN
2017,12,13,7,0,NAN,NAN,NAN,NAN,NAN
2017,12,13,7,30,NAN,NAN,NAN,NAN,NAN
2017,12,13,8,0,NAN,NAN,NAN,NAN,NAN
2017,12,13,8,30,NAN,NAN,NAN,NAN,NAN
2017,12,13,9,0,NAN,NAN,NAN,NAN,NAN
2017,12,13,9,30,NAN,NAN,NAN,NAN,NAN
2017,12,13,10,0,NAN,NAN,NAN,NAN,NAN
2017,12,13,10,30,NAN,NAN,NAN,NAN,NAN
2017,12,13,11,0,NAN,NAN,NAN,NAN,NAN
2017,12,13,11,30,NAN,NAN,NAN,NAN,NAN
2017,12,13,12,0,NAN,NAN,NAN,NAN,NAN
2017,12,13,12,30,NAN,NAN,NAN,NAN,NAN
2017,12,13,13,0,NAN,NAN,NAN,NAN,NAN
2017,12,13,13,30,NAN,NAN,NAN,NAN,NAN
2017,12,13,14,0,NAN,NAN,NAN,NAN,NAN
2017,12,13,14,30,NAN,NAN,NAN,NAN,NAN
2017,12,13,15,0,NAN,NAN,NAN,NAN,NAN
2017,12,13,15,30,NAN,NAN,NAN,NAN,NAN
2017,12,13,16,0,NAN,NAN,NAN,NAN,NAN
2017,12,13,16,30,NAN,NAN,NAN,NAN,NAN
2017,12,13,17,0,NAN,NAN,NAN,NAN,NAN
2017,12,13,17,30,NAN,NAN,NAN,NAN,NAN
2017,12,13,18,0,NAN,NAN,NAN,NAN,NAN
2017,12,13,18,30,NAN,NAN,NAN,NAN,NAN
2017,12,13,19,0,NAN,NAN,NAN,NAN,NAN
2017,12,13,19,30,NAN,NAN,NAN,NAN,NAN
2017,12,13,20,0,NAN,NAN,NAN,NAN,NAN
2017,12,13,20,30,NAN,NAN,NAN,NAN,NAN
2017,12,13,21,0,NAN,NAN,NAN,NAN,NAN
2017,12,13,21,30,NAN,NAN,NAN,NAN,NAN
2017,12,13,22,0,NAN,NAN,NAN,NAN,NAN
2017,12,13,22,30,NAN,NAN,NAN,NAN,NAN
2017,12,13,23,0,NAN,NAN,NAN,NAN,NAN
2017,12,13,23,30,NAN,NAN,NAN,NAN,NAN
2017,12,13,24,0,NAN,NAN,NAN,NAN,NAN
2017,12,14,0,30,NAN,NAN,NAN,NAN,NAN
2017,12,14,1,0,NAN,NAN,NAN,NAN,NAN
2017,12,14,1,30,NAN,NAN,NAN,NAN,NAN
2017,12,14,2,0,NAN,NAN,NAN,NAN,NAN
2017,12,14,2,30,NAN,NAN,NAN,NAN,NAN
2017,12,14,3,0,NAN,NAN,NAN,NAN,NAN
2017,12,14,3,30,NAN,NAN,NAN,NAN,NAN
2017,12,14,4,0,NAN,NAN,NAN,NAN,NAN
2017,12,14,4,30,NAN,NAN,NAN,NAN,NAN
2017,12,14,5,0,NAN,NAN,NAN,NAN,NAN
2017,12,14,5,30,NAN,NAN,NAN,NAN,NAN
2017,12,14,6,0,NAN,NAN,NAN,NAN,NAN
2017,12,14,6,30,NAN,NAN,NAN,NAN,NAN
2017,12,14,7,0,NAN,NAN,NAN,NAN,NAN
2017,12,14,7,30,NAN,NAN,NAN,NAN,NAN
2017,12,14,8,0,NAN,NAN,NAN,NAN,NAN
2017,12,14,8,30,NAN,NAN,NAN,NAN,NAN
2017,12,14,9,0,NAN,NAN,NAN,NAN,NAN
2017,12,14,9,30,NAN,NAN,NAN,NAN,NAN
2017,12,14,10,0,NAN,NAN,NAN,NAN,NAN
2017,12,14,10,30,NAN,NAN,NAN,NAN,NAN
2017,12,14,11,0,NAN,NAN,NAN,NAN,NAN
2017,12,14,11,30,NAN,NAN,NAN,NAN,NAN
2017,12,14,12,0,NAN,NAN,NAN,NAN,NAN
2017,12,14,12,30,NAN,NAN,NAN,NAN,NAN
2017,12,14,13,0,NAN,NAN,NAN,NAN,NAN
2017,12,14,13,30,NAN,NAN,NAN,NAN,NAN
2017,12,14,14,0,NAN,NAN,NAN,NAN,NAN
2017,12,14,14,30,NAN,NAN,NAN,NAN,NAN
2017,12,14,15,0,NAN,NAN,NAN,NAN,NAN
2017,12,14,15,30,NAN,NAN,NAN,NAN,NAN
2017,12,14,16,0,NAN,NAN,NAN,NAN,NAN
2017,12,14,16,30,NAN,NAN,NAN,NAN,NAN
2017,12,14,17,0,NAN,NAN,NAN,NAN,NAN
2017,12,14,17,30,NAN,NAN,NAN,NAN,NAN
2017,12,14,18,0,NAN,NAN,NAN,NAN,NAN
2017,12,14,18,30,NAN,NAN,NAN,NAN,NAN
2017,12,14,19,0,NAN,NAN,NAN,NAN,NAN
2017,12,14,19,30,NAN,NAN,NAN,NAN,NAN
2017,12,14,20,0,NAN,NAN,NAN,NAN,NAN
2017,12,14,20,30,NAN,NAN,NAN,NAN,NAN
2017,12,14,21,0,NAN,NAN,NAN,NAN,NAN
2017,12,14,21,30,NAN,NAN,NAN,NAN,NAN
2017,12,14,22,0,NAN,NAN,NAN,NAN,NAN
2017,12,14,22,30,NAN,NAN,NAN,NAN,NAN
2017,12,14,23,0,NAN,NAN,NAN,NAN,NAN
2017,12,14,23,30,NAN,NAN,NAN,NAN,NAN
2017,12,14,24,0,NAN,NAN,NAN,NAN,NAN
2017,12,15,0,30,NAN,NAN,NAN,NAN,NAN
2017,12,15,1,0,NAN,NAN,NAN,NAN,NAN
2017,12,15,1,30,NAN,NAN,NAN,NAN,NAN
2017,12,15,2,0,NAN,NAN,NAN,NAN,NAN
2017,12,15,2,30,NAN,NAN,NAN,NAN,NAN
2017,12,15,3,0,NAN,NAN,NAN,NAN,NAN
2017,12,15,3,30,NAN,NAN,NAN,NAN,NAN
2017,12,15,4,0,NAN,NAN,NAN,NAN,NAN
2017,12,15,4,30,NAN,NAN,NAN,NAN,NAN
2017,12,15,5,0,NAN,NAN,NAN,NAN,NAN
2017,12,15,5,30,NAN,NAN,NAN,NAN,NAN
2017,12,15,6,0,NAN,NAN,NAN,NAN,NAN
2017,12,15,6,30,NAN,NAN,NAN,NAN,NAN
2017,12,15,7,0,NAN,NAN,NAN,NAN,NAN
2017,12,15,7,30,NAN,NAN,NAN,NAN,NAN
2017,12,15,8,0,NAN,NAN,NAN,NAN,NAN
2017,12,15,8,30,NAN,NAN,NAN,NAN,NAN
2017,12,15,9,0,NAN,NAN,NAN,NAN,NAN
2017,12,15,9,30,NAN,NAN,NAN,NAN,NAN
2017,12,15,10,0,NAN,NAN,NAN,NAN,NAN
2017,12,15,10,30,NAN,NAN,NAN,NAN,NAN
2017,12,15,11,0,NAN,NAN,NAN,NAN,NAN
2017,12,15,11,30,NAN,NAN,NAN,NAN,NAN
2017,12,15,12,0,NAN,NAN,NAN,NAN,NAN
2017,12,15,12,30,NAN,NAN,NAN,NAN,NAN
2017,12,15,13,0,NAN,NAN,NAN,NAN,NAN
2017,12,15,13,30,NAN,NAN,NAN,NAN,NAN
2017,12,15,14,0,NAN,NAN,NAN,NAN,NAN
2017,12,15,14,30,NAN,NAN,NAN,NAN,NAN
2017,12,15,15,0,NAN,NAN,NAN,NAN,NAN
2017,12,15,15,30,NAN,NAN,NAN,NAN,NAN
2017,12,15,16,0,NAN,NAN,NAN,NAN,NAN
2017,12,15,16,30,NAN,NAN,NAN,NAN,NAN
2017,12,15,17,0,NAN,NAN,NAN,NAN,NAN
2017,12,15,17,30,NAN,NAN,NAN,NAN,NAN
2017,12,15,18,0,NAN,NAN,NAN,NAN,NAN
2017,12,15,18,30,NAN,NAN,NAN,NAN,NAN
2017,12,15,19,0,NAN,NAN,NAN,NAN,NAN
2017,12,15,19,30,NAN,NAN,NAN,NAN,NAN
2017,12,15,20,0,NAN,NAN,NAN,NAN,NAN
2017,12,15,20,30,NAN,NAN,NAN,NAN,NAN
2017,12,15,21,0,NAN,NAN,NAN,NAN,NAN
2017,12,15,21,30,NAN,NAN,NAN,NAN,NAN
2017,12,15,22,0,NAN,NAN,NAN,NAN,NAN
2017,12,15,22,30,NAN,NAN,NAN,NAN,NAN
2017,12,15,23,0,NAN,NAN,NAN,NAN,NAN
2017,12,15,23,30,NAN,NAN,NAN,NAN,NAN
2017,12,15,24,0,NAN,NAN,NAN,NAN,NAN
2017,12,16,0,30,NAN,NAN,NAN,NAN,NAN
2017,12,16,1,0,NAN,NAN,NAN,NAN,NAN
2017,12,16,1,30,NAN,NAN,NAN,NAN,NAN
2017,12,16,2,0,NAN,NAN,NAN,NAN,NAN
2017,12,16,2,30,NAN,NAN,NAN,NAN,NAN
2017,12,16,3,0,NAN,NAN,NAN,NAN,NAN
2017,12,16,3,30,NAN,NAN,NAN,NAN,NAN
2017,12,16,4,0,NAN,NAN,NAN,NAN,NAN
2017,12,16,4,30,NAN,NAN,NAN,NAN,NAN
2017,12,16,5,0,NAN,NAN,NAN,NAN,NAN
2017,12,16,5,30,NAN,NAN,NAN,NAN,NAN
2017,12,16,6,0,NAN,NAN,NAN,NAN,NAN
2017,12,16,6,30,NAN,NAN,NAN,NAN,NAN
2017,12,16,7,0,NAN,NAN,NAN,NAN,NAN
2017,12,16,7,30,NAN,NAN,NAN,NAN,NAN
2017,12,16,8,0,NAN,NAN,NAN,NAN,NAN
2017,12,16,8,30,NAN,NAN,NAN,NAN,NAN
2017,12,16,9,0,NAN,NAN,NAN,NAN,NAN
2017,12,16,9,30,NAN,NAN,NAN,NAN,NAN
2017,12,16,10,0,NAN,NAN,NAN,NAN,NAN
2017,12,16,10,30,NAN,NAN,NAN,NAN,NAN
2017,12,16,11,0,NAN,NAN,NAN,NAN,NAN
2017,12,16,11,30,NAN,NAN,NAN,NAN,NAN
2017,12,16,12,0,NAN,NAN,NAN,NAN,NAN
2017,12,16,12,30,NAN,NAN,NAN,NAN,NAN
2017,12,16,13,0,NAN,NAN,NAN,NAN,NAN
2017,12,16,13,30,NAN,NAN,NAN,NAN,NAN
2017,12,16,14,0,NAN,NAN,NAN,NAN,NAN
2017,12,16,14,30,NAN,NAN,NAN,NAN,NAN
2017,12,16,15,0,NAN,NAN,NAN,NAN,NAN
2017,12,16,15,30,NAN,NAN,NAN,NAN,NAN
2017,12,16,16,0,NAN,NAN,NAN,NAN,NAN
2017,12,16,16,30,NAN,NAN,NAN,NAN,NAN
2017,12,16,17,0,NAN,NAN,NAN,NAN,NAN
2017,12,16,17,30,NAN,NAN,NAN,NAN,NAN
2017,12,16,18,0,NAN,NAN,NAN,NAN,NAN
2017,12,16,18,30,NAN,NAN,NAN,NAN,NAN
2017,12,16,19,0,NAN,NAN,NAN,NAN,NAN
2017,12,16,19,30,NAN,NAN,NAN,NAN,NAN
2017,12,16,20,0,NAN,NAN,NAN,NAN,NAN
2017,12,16,20,30,NAN,NAN,NAN,NAN,NAN
2017,12,16,21,0,NAN,NAN,NAN,NAN,NAN
2017,12,16,21,30,NAN,NAN,NAN,NAN,NAN
2017,12,16,22,0,NAN,NAN,NAN,NAN,NAN
2017,12,16,22,30,NAN,NAN,NAN,NAN,NAN
2017,12,16,23,0,NAN,NAN,NAN,NAN,NAN
2017,12,16,23,30,NAN,NAN,NAN,NAN,NAN
2017,12,16,24,0,NAN,NAN,NAN,NAN,NAN
2017,12,17,0,30,NAN,NAN,NAN,NAN,NAN
2017,12,17,1,0,NAN,NAN,NAN,NAN,NAN
2017,12,17,1,30,NAN,NAN,NAN,NAN,NAN
2017,12,17,2,0,NAN,NAN,NAN,NAN,NAN
2017,12,17,2,30,NAN,NAN,NAN,NAN,NAN
2017,12,17,3,0,NAN,NAN,NAN,NAN,NAN
2017,12,17,3,30,NAN,NAN,NAN,NAN,NAN
2017,12,17,4,0,NAN,NAN,NAN,NAN,NAN
2017,12,17,4,30,NAN,NAN,NAN,NAN,NAN
2017,12,17,5,0,NAN,NAN,NAN,NAN,NAN
2017,12,17,5,30,NAN,NAN,NAN,NAN,NAN
2017,12,17,6,0,NAN,NAN,NAN,NAN,NAN
2017,12,17,6,30,NAN,NAN,NAN,NAN,NAN
2017,12,17,7,0,NAN,NAN,NAN,NAN,NAN
2017,12,17,7,30,NAN,NAN,NAN,NAN,NAN
2017,12,17,8,0,NAN,NAN,NAN,NAN,NAN
2017,12,17,8,30,NAN,NAN,NAN,NAN,NAN
2017,12,17,9,0,NAN,NAN,NAN,NAN,NAN
2017,12,17,9,30,NAN,NAN,NAN,NAN,NAN
2017,12,17,10,0,NAN,NAN,NAN,NAN,NAN
2017,12,17,10,30,NAN,NAN,NAN,NAN,NAN
2017,12,17,11,0,NAN,NAN,NAN,NAN,NAN
2017,12,17,11,30,NAN,NAN,NAN,NAN,NAN
2017,12,17,12,0,NAN,NAN,NAN,NAN,NAN
2017,12,17,12,30,NAN,NAN,NAN,NAN,NAN
2017,12,17,13,0,NAN,NAN,NAN,NAN,NAN
2017,12,17,13,30,NAN,NAN,NAN,NAN,NAN
2017,12,17,14,0,NAN,NAN,NAN,NAN,NAN
2017,12,17,14,30,NAN,NAN,NAN,NAN,NAN
2017,12,17,15,0,NAN,NAN,NAN,NAN,NAN
2017,12,17,15,30,NAN,NAN,NAN,NAN,NAN
2017,12,17,16,0,NAN,NAN,NAN,NAN,NAN
2017,12,17,16,30,NAN,NAN,NAN,NAN,NAN
2017,12,17,17,0,NAN,NAN,NAN,NAN,NAN
2017,12,17,17,30,NAN,NAN,NAN,NAN,NAN
2017,12,17,18,0,NAN,NAN,NAN,NAN,NAN
2017,12,17,18,30,NAN,NAN,NAN,NAN,NAN
2017,12,17,19,0,NAN,NAN,NAN,NAN,NAN
2017,12,17,19,30,NAN,NAN,NAN,NAN,NAN
2017,12,17,20,0,NAN,NAN,NAN,NAN,NAN
2017,12,17,20,30,NAN,NAN,NAN,NAN,NAN
2017,12,17,21,0,NAN,NAN,NAN,NAN,NAN
2017,12,17,21,30,NAN,NAN,NAN,NAN,NAN
2017,12,17,22,0,NAN,NAN,NAN,NAN,NAN
2017,12,17,22,30,NAN,NAN,NAN,NAN,NAN
2017,12,17,23,0,NAN,NAN,NAN,NAN,NAN
2017,12,17,23,30,NAN,NAN,NAN,NAN,NAN
2017,12,17,24,0,NAN,NAN,NAN,NAN,NAN
2017,12,18,0,30,NAN,NAN,NAN,NAN,NAN
2017,12,18,1,0,NAN,NAN,NAN,NAN,NAN
2017,12,18,1,30,NAN,NAN,NAN,NAN,NAN
2017,12,18,2,0,NAN,NAN,NAN,NAN,NAN
2017,12,18,2,30,NAN,NAN,NAN,NAN,NAN
2017,12,18,3,0,NAN,NAN,NAN,NAN,NAN
2017,12,18,3,30,NAN,NAN,NAN,NAN,NAN
2017,12,18,4,0,NAN,NAN,NAN,NAN,NAN
2017,12,18,4,30,NAN,NAN,NAN,NAN,NAN
2017,12,18,5,0,NAN,NAN,NAN,NAN,NAN
2017,12,18,5,30,NAN,NAN,NAN,NAN,NAN
2017,12,18,6,0,NAN,NAN,NAN,NAN,NAN
2017,12,18,6,30,NAN,NAN,NAN,NAN,NAN
2017,12,18,7,0,NAN,NAN,NAN,NAN,NAN
2017,12,18,7,30,NAN,NAN,NAN,NAN,NAN
2017,12,18,8,0,NAN,NAN,NAN,NAN,NAN
2017,12,18,8,30,NAN,NAN,NAN,NAN,NAN
2017,12,18,9,0,NAN,NAN,NAN,NAN,NAN
2017,12,18,9,30,NAN,NAN,NAN,NAN,NAN
2017,12,18,10,0,NAN,NAN,NAN,NAN,NAN
2017,12,18,10,30,NAN,NAN,NAN,NAN,NAN
2017,12,18,11,0,NAN,NAN,NAN,NAN,NAN
2017,12,18,11,30,NAN,NAN,NAN,NAN,NAN
2017,12,18,12,0,NAN,NAN,NAN,NAN,NAN
2017,12,18,12,30,NAN,NAN,NAN,NAN,NAN
2017,12,18,13,0,NAN,NAN,NAN,NAN,NAN
2017,12,18,13,30,NAN,NAN,NAN,NAN,NAN
2017,12,18,14,0,NAN,NAN,NAN,NAN,NAN
2017,12,18,14,30,NAN,NAN,NAN,NAN,NAN
2017,12,18,15,0,NAN,NAN,NAN,NAN,NAN
2017,12,18,15,30,NAN,NAN,NAN,NAN,NAN
2017,12,18,16,0,NAN,NAN,NAN,NAN,NAN
2017,12,18,16,30,NAN,NAN,NAN,NAN,NAN
2017,12,18,17,0,NAN,NAN,NAN,NAN,NAN
2017,12,18,17,30,NAN,NAN,NAN,NAN,NAN
2017,12,18,18,0,NAN,NAN,NAN,NAN,NAN
2017,12,18,18,30,NAN,NAN,NAN,NAN,NAN
2017,12,18,19,0,NAN,NAN,NAN,NAN,NAN
2017,12,18,19,30,NAN,NAN,NAN,NAN,NAN
2017,12,18,20,0,NAN,NAN,NAN,NAN,NAN
2017,12,18,20,30,NAN,NAN,NAN,NAN,NAN
2017,12,18,21,0,NAN,NAN,NAN,NAN,NAN
2017,12,18,21,30,NAN,NAN,NAN,NAN,NAN
2017,12,18,22,0,NAN,NAN,NAN,NAN,NAN
2017,12,18,22,30,NAN,NAN,NAN,NAN,NAN
2017,12,18,23,0,NAN,NAN,NAN,NAN,NAN
2017,12,18,23,30,NAN,NAN,NAN,NAN,NAN
2017,12,18,24,0,NAN,NAN,NAN,NAN,NAN
2017,12,19,0,30,NAN,NAN,NAN,NAN,NAN
2017,12,19,1,0,NAN,NAN,NAN,NAN,NAN
2017,12,19,1,30,NAN,NAN,NAN,NAN,NAN
2017,12,19,2,0,NAN,NAN,NAN,NAN,NAN
2017,12,19,2,30,NAN,NAN,NAN,NAN,NAN
2017,12,19,3,0,NAN,NAN,NAN,NAN,NAN
2017,12,19,3,30,NAN,NAN,NAN,NAN,NAN
2017,12,19,4,0,NAN,NAN,NAN,NAN,NAN
2017,12,19,4,30,NAN,NAN,NAN,NAN,NAN
2017,12,19,5,0,NAN,NAN,NAN,NAN,NAN
2017,12,19,5,30,NAN,NAN,NAN,NAN,NAN
2017,12,19,6,0,NAN,NAN,NAN,NAN,NAN
2017,12,19,6,30,NAN,NAN,NAN,NAN,NAN
2017,12,19,7,0,NAN,NAN,NAN,NAN,NAN
2017,12,19,7,30,NAN,NAN,NAN,NAN,NAN
2017,12,19,8,0,NAN,NAN,NAN,NAN,NAN
2017,12,19,8,30,NAN,NAN,NAN,NAN,NAN
2017,12,19,9,0,NAN,NAN,NAN,NAN,NAN
2017,12,19,9,30,NAN,NAN,NAN,NAN,NAN
2017,12,19,10,0,NAN,NAN,NAN,NAN,NAN
2017,12,19,10,30,NAN,NAN,NAN,NAN,NAN
2017,12,19,11,0,NAN,NAN,NAN,NAN,NAN
2017,12,19,11,30,NAN,NAN,NAN,NAN,NAN
2017,12,19,12,0,NAN,NAN,NAN,NAN,NAN
2017,12,19,12,30,NAN,NAN,NAN,NAN,NAN
2017,12,19,13,0,NAN,NAN,NAN,NAN,NAN
2017,12,19,13,30,NAN,NAN,NAN,NAN,NAN
2017,12,19,14,0,NAN,NAN,NAN,NAN,NAN
2017,12,19,14,30,NAN,NAN,NAN,NAN,NAN
2017,12,19,15,0,NAN,NAN,NAN,NAN,NAN
2017,12,19,15,30,NAN,NAN,NAN,NAN,NAN
2017,12,19,16,0,NAN,NAN,NAN,NAN,NAN
2017,12,19,16,30,NAN,NAN,NAN,NAN,NAN
2017,12,19,17,0,NAN,NAN,NAN,NAN,NAN
2017,12,19,17,30,NAN,NAN,NAN,NAN,NAN
2017,12,19,18,0,NAN,NAN,NAN,NAN,NAN
2017,12,19,18,30,NAN,NAN,NAN,NAN,NAN
2017,12,19,19,0,NAN,NAN,NAN,NAN,NAN
2017,12,19,19,30,NAN,NAN,NAN,NAN,NAN
2017,12,19,20,0,NAN,NAN,NAN,NAN,NAN
2017,12,19,20,30,NAN,NAN,NAN,NAN,NAN
2017,12,19,21,0,NAN,NAN,NAN,NAN,NAN
2017,12,19,21,30,NAN,NAN,NAN,NAN,NAN
2017,12,19,22,0,NAN,NAN,NAN,NAN,NAN
2017,12,19,22,30,NAN,NAN,NAN,NAN,NAN
2017,12,19,23,0,NAN,NAN,NAN,NAN,NAN
2017,12,19,23,30,NAN,NAN,NAN,NAN,NAN
2017,12,19,24,0,NAN,NAN,NAN,NAN,NAN
2017,12,20,0,30,NAN,NAN,NAN,NAN,NAN
2017,12,20,1,0,NAN,NAN,NAN,NAN,NAN
2017,12,20,1,30,NAN,NAN,NAN,NAN,NAN
2017,12,20,2,0,NAN,NAN,NAN,NAN,NAN
2017,12,20,2,30,NAN,NAN,NAN,NAN,NAN
2017,12,20,3,0,NAN,NAN,NAN,NAN,NAN
2017,12,20,3,30,NAN,NAN,NAN,NAN,NAN
2017,12,20,4,0,NAN,NAN,NAN,NAN,NAN
2017,12,20,4,30,NAN,NAN,NAN,NAN,NAN
2017,12,20,5,0,NAN,NAN,NAN,NAN,NAN
2017,12,20,5,30,NAN,NAN,NAN,NAN,NAN
2017,12,20,6,0,NAN,NAN,NAN,NAN,NAN
2017,12,20,6,30,NAN,NAN,NAN,NAN,NAN
2017,12,20,7,0,NAN,NAN,NAN,NAN,NAN
2017,12,20,7,30,NAN,NAN,NAN,NAN,NAN
2017,12,20,8,0,NAN,NAN,NAN,NAN,NAN
2017,12,20,8,30,NAN,NAN,NAN,NAN,NAN
2017,12,20,9,0,NAN,NAN,NAN,NAN,NAN
2017,12,20,9,30,NAN,NAN,NAN,NAN,NAN
2017,12,20,10,0,NAN,NAN,NAN,NAN,NAN
2017,12,20,10,30,NAN,NAN,NAN,NAN,NAN
2017,12,20,11,0,NAN,NAN,NAN,NAN,NAN
2017,12,20,11,30,NAN,NAN,NAN,NAN,NAN
2017,12,20,12,0,NAN,NAN,NAN,NAN,NAN
2017,12,20,12,30,NAN,NAN,NAN,NAN,NAN
2017,12,20,13,0,NAN,NAN,NAN,NAN,NAN
2017,12,20,13,30,NAN,NAN,NAN,NAN,NAN
2017,12,20,14,0,NAN,NAN,NAN,NAN,NAN
2017,12,20,14,30,NAN,NAN,NAN,NAN,NAN
2017,12,20,15,0,NAN,NAN,NAN,NAN,NAN
2017,12,20,15,30,NAN,NAN,NAN,NAN,NAN
2017,12,20,16,0,NAN,NAN,NAN,NAN,NAN
2017,12,20,16,30,NAN,NAN,NAN,NAN,NAN
2017,12,20,17,0,NAN,NAN,NAN,NAN,NAN
2017,12,20,17,30,NAN,NAN,NAN,NAN,NAN
2017,12,20,18,0,NAN,NAN,NAN,NAN,NAN
2017,12,20,18,30,NAN,NAN,NAN,NAN,NAN
2017,12,20,19,0,NAN,NAN,NAN,NAN,NAN
2017,12,20,19,30,NAN,NAN,NAN,NAN,NAN
2017,12,20,20,0,NAN,NAN,NAN,NAN,NAN
2017,12,20,20,30,NAN,NAN,NAN,NAN,NAN
2017,12,20,21,0,NAN,NAN,NAN,NAN,NAN
2017,12,20,21,30,NAN,NAN,NAN,NAN,NAN
2017,12,20,22,0,NAN,NAN,NAN,NAN,NAN
2017,12,20,22,30,NAN,NAN,NAN,NAN,NAN
2017,12,20,23,0,NAN,NAN,NAN,NAN,NAN
2017,12,20,23,30,NAN,NAN,NAN,NAN,NAN
2017,12,20,24,0,NAN,NAN,NAN,NAN,NAN
2017,12,21,0,30,NAN,NAN,NAN,NAN,NAN
2017,12,21,1,0,NAN,NAN,NAN,NAN,NAN
2017,12,21,1,30,NAN,NAN,NAN,NAN,NAN
2017,12,21,2,0,NAN,NAN,NAN,NAN,NAN
2017,12,21,2,30,NAN,NAN,NAN,NAN,NAN
2017,12,21,3,0,NAN,NAN,NAN,NAN,NAN
2017,12,21,3,30,NAN,NAN,NAN,NAN,NAN
2017,12,21,4,0,NAN,NAN,NAN,NAN,NAN
2017,12,21,4,30,NAN,NAN,NAN,NAN,NAN
2017,12,21,5,0,NAN,NAN,NAN,NAN,NAN
2017,12,21,5,30,NAN,NAN,NAN,NAN,NAN
2017,12,21,6,0,NAN,NAN,NAN,NAN,NAN
2017,12,21,6,30,NAN,NAN,NAN,NAN,NAN
2017,12,21,7,0,NAN,NAN,NAN,NAN,NAN
2017,12,21,7,30,NAN,NAN,NAN,NAN,NAN
2017,12,21,8,0,NAN,NAN,NAN,NAN,NAN
2017,12,21,8,30,NAN,NAN,NAN,NAN,NAN
2017,12,21,9,0,NAN,NAN,NAN,NAN,NAN
2017,12,21,9,30,NAN,NAN,NAN,NAN,NAN
2017,12,21,10,0,NAN,NAN,NAN,NAN,NAN
2017,12,21,10,30,NAN,NAN,NAN,NAN,NAN
2017,12,21,11,0,NAN,NAN,NAN,NAN,NAN
2017,12,21,11,30,NAN,NAN,NAN,NAN,NAN
2017,12,21,12,0,NAN,NAN,NAN,NAN,NAN
2017,12,21,12,30,NAN,NAN,NAN,NAN,NAN
2017,12,21,13,0,NAN,NAN,NAN,NAN,NAN
2017,12,21,13,30,NAN,NAN,NAN,NAN,NAN
2017,12,21,14,0,NAN,NAN,NAN,NAN,NAN
2017,12,21,14,30,NAN,NAN,NAN,NAN,NAN
2017,12,21,15,0,NAN,NAN,NAN,NAN,NAN
2017,12,21,15,30,NAN,NAN,NAN,NAN,NAN
2017,12,21,16,0,NAN,NAN,NAN,NAN,NAN
2017,12,21,16,30,NAN,NAN,NAN,NAN,NAN
2017,12,21,17,0,NAN,NAN,NAN,NAN,NAN
2017,12,21,17,30,NAN,NAN,NAN,NAN,NAN
2017,12,21,18,0,NAN,NAN,NAN,NAN,NAN
2017,12,21,18,30,NAN,NAN,NAN,NAN,NAN
2017,12,21,19,0,NAN,NAN,NAN,NAN,NAN
2017,12,21,19,30,NAN,NAN,NAN,NAN,NAN
2017,12,21,20,0,NAN,NAN,NAN,NAN,NAN
2017,12,21,20,30,NAN,NAN,NAN,NAN,NAN
2017,12,21,21,0,NAN,NAN,NAN,NAN,NAN
2017,12,21,21,30,NAN,NAN,NAN,NAN,NAN
2017,12,21,22,0,NAN,NAN,NAN,NAN,NAN
2017,12,21,22,30,NAN,NAN,NAN,NAN,NAN
2017,12,21,23,0,NAN,NAN,NAN,NAN,NAN
2017,12,21,23,30,NAN,NAN,NAN,NAN,NAN
2017,12,21,24,0,NAN,NAN,NAN,NAN,NAN
2017,12,22,0,30,NAN,NAN,NAN,NAN,NAN
2017,12,22,1,0,NAN,NAN,NAN,NAN,NAN
2017,12,22,1,30,NAN,NAN,NAN,NAN,NAN
2017,12,22,2,0,NAN,NAN,NAN,NAN,NAN
2017,12,22,2,30,NAN,NAN,NAN,NAN,NAN
2017,12,22,3,0,NAN,NAN,NAN,NAN,NAN
2017,12,22,3,30,NAN,NAN,NAN,NAN,NAN
2017,12,22,4,0,NAN,NAN,NAN,NAN,NAN
2017,12,22,4,30,NAN,NAN,NAN,NAN,NAN
2017,12,22,5,0,NAN,NAN,NAN,NAN,NAN
2017,12,22,5,30,NAN,NAN,NAN,NAN,NAN
2017,12,22,6,0,NAN,NAN,NAN,NAN,NAN
2017,12,22,6,30,NAN,NAN,NAN,NAN,NAN
2017,12,22,7,0,NAN,NAN,NAN,NAN,NAN
2017,12,22,7,30,NAN,NAN,NAN,NAN,NAN
2017,12,22,8,0,NAN,NAN,NAN,NAN,NAN
2017,12,22,8,30,NAN,NAN,NAN,NAN,NAN
2017,12,22,9,0,NAN,NAN,NAN,NAN,NAN
2017,12,22,9,30,NAN,NAN,NAN,NAN,NAN
2017,12,22,10,0,NAN,NAN,NAN,NAN,NAN
2017,12,22,10,30,NAN,NAN,NAN,NAN,NAN
2017,12,22,11,0,NAN,NAN,NAN,NAN,NAN
2017,12,22,11,30,NAN,NAN,NAN,NAN,NAN
2017,12,22,12,0,NAN,NAN,NAN,NAN,NAN
2017,12,22,12,30,NAN,NAN,NAN,NAN,NAN
2017,12,22,13,0,NAN,NAN,NAN,NAN,NAN
2017,12,22,13,30,NAN,NAN,NAN,NAN,NAN
2017,12,22,14,0,NAN,NAN,NAN,NAN,NAN
2017,12,22,14,30,NAN,NAN,NAN,NAN,NAN
2017,12,22,15,0,NAN,NAN,NAN,NAN,NAN
2017,12,22,15,30,NAN,NAN,NAN,NAN,NAN
2017,12,22,16,0,NAN,NAN,NAN,NAN,NAN
2017,12,22,16,30,NAN,NAN,NAN,NAN,NAN
2017,12,22,17,0,NAN,NAN,NAN,NAN,NAN
2017,12,22,17,30,NAN,NAN,NAN,NAN,NAN
2017,12,22,18,0,NAN,NAN,NAN,NAN,NAN
2017,12,22,18,30,NAN,NAN,NAN,NAN,NAN
2017,12,22,19,0,NAN,NAN,NAN,NAN,NAN
2017,12,22,19,30,NAN,NAN,NAN,NAN,NAN
2017,12,22,20,0,NAN,NAN,NAN,NAN,NAN
2017,12,22,20,30,NAN,NAN,NAN,NAN,NAN
2017,12,22,21,0,NAN,NAN,NAN,NAN,NAN
2017,12,22,21,30,NAN,NAN,NAN,NAN,NAN
2017,12,22,22,0,NAN,NAN,NAN,NAN,NAN
2017,12,22,22,30,NAN,NAN,NAN,NAN,NAN
2017,12,22,23,0,NAN,NAN,NAN,NAN,NAN
2017,12,22,23,30,NAN,NAN,NAN,NAN,NAN
2017,12,22,24,0,NAN,NAN,NAN,NAN,NAN
2017,12,23,0,30,NAN,NAN,NAN,NAN,NAN
2017,12,23,1,0,NAN,NAN,NAN,NAN,NAN
2017,12,23,1,30,NAN,NAN,NAN,NAN,NAN
2017,12,23,2,0,NAN,NAN,NAN,NAN,NAN
2017,12,23,2,30,NAN,NAN,NAN,NAN,NAN
2017,12,23,3,0,NAN,NAN,NAN,NAN,NAN
2017,12,23,3,30,NAN,NAN,NAN,NAN,NAN
2017,12,23,4,0,NAN,NAN,NAN,NAN,NAN
2017,12,23,4,30,NAN,NAN,NAN,NAN,NAN
2017,12,23,5,0,NAN,NAN,NAN,NAN,NAN
2017,12,23,5,30,NAN,NAN,NAN,NAN,NAN
2017,12,23,6,0,NAN,NAN,NAN,NAN,NAN
2017,12,23,6,30,NAN,NAN,NAN,NAN,NAN
2017,12,23,7,0,NAN,NAN,NAN,NAN,NAN
2017,12,23,7,30,NAN,NAN,NAN,NAN,NAN
2017,12,23,8,0,NAN,NAN,NAN,NAN,NAN
2017,12,23,8,30,NAN,NAN,NAN,NAN,NAN
2017,12,23,9,0,NAN,NAN,NAN,NAN,NAN
2017,12,23,9,30,NAN,NAN,NAN,NAN,NAN
2017,12,23,10,0,NAN,NAN,NAN,NAN,NAN
2017,12,23,10,30,NAN,NAN,NAN,NAN,NAN
2017,12,23,11,0,NAN,NAN,NAN,NAN,NAN
2017,12,23,11,30,NAN,NAN,NAN,NAN,NAN
2017,12,23,12,0,NAN,NAN,NAN,NAN,NAN
2017,12,23,12,30,NAN,NAN,NAN,NAN,NAN
2017,12,23,13,0,NAN,NAN,NAN,NAN,NAN
2017,12,23,13,30,NAN,NAN,NAN,NAN,NAN
2017,12,23,14,0,NAN,NAN,NAN,NAN,NAN
2017,12,23,14,30,NAN,NAN,NAN,NAN,NAN
2017,12,23,15,0,NAN,NAN,NAN,NAN,NAN
2017,12,23,15,30,NAN,NAN,NAN,NAN,NAN
2017,12,23,16,0,NAN,NAN,NAN,NAN,NAN
2017,12,23,16,30,NAN,NAN,NAN,NAN,NAN
2017,12,23,17,0,NAN,NAN,NAN,NAN,NAN
2017,12,23,17,30,NAN,NAN,NAN,NAN,NAN
2017,12,23,18,0,NAN,NAN,NAN,NAN,NAN
2017,12,23,18,30,NAN,NAN,NAN,NAN,NAN
2017,12,23,19,0,NAN,NAN,NAN,NAN,NAN
2017,12,23,19,30,NAN,NAN,NAN,NAN,NAN
2017,12,23,20,0,NAN,NAN,NAN,NAN,NAN
2017,12,23,20,30,NAN,NAN,NAN,NAN,NAN
2017,12,23,21,0,NAN,NAN,NAN,NAN,NAN
2017,12,23,21,30,NAN,NAN,NAN,NAN,NAN
2017,12,23,22,0,NAN,NAN,NAN,NAN,NAN
2017,12,23,22,30,NAN,NAN,NAN,NAN,NAN
2017,12,23,23,0,NAN,NAN,NAN,NAN,NAN
2017,12,23,23,30,NAN,NAN,NAN,NAN,NAN
2017,12,23,24,0,NAN,NAN,NAN,NAN,NAN
2017,12,24,0,30,NAN,NAN,NAN,NAN,NAN
2017,12,24,1,0,NAN,NAN,NAN,NAN,NAN
2017,12,24,1,30,NAN,NAN,NAN,NAN,NAN
2017,12,24,2,0,NAN,NAN,NAN,NAN,NAN
2017,12,24,2,30,NAN,NAN,NAN,NAN,NAN
2017,12,24,3,0,NAN,NAN,NAN,NAN,NAN
2017,12,24,3,30,NAN,NAN,NAN,NAN,NAN
2017,12,24,4,0,NAN,NAN,NAN,NAN,NAN
2017,12,24,4,30,NAN,NAN,NAN,NAN,NAN
2017,12,24,5,0,NAN,NAN,NAN,NAN,NAN
2017,12,24,5,30,NAN,NAN,NAN,NAN,NAN
2017,12,24,6,0,NAN,NAN,NAN,NAN,NAN
2017,12,24,6,30,NAN,NAN,NAN,NAN,NAN
2017,12,24,7,0,NAN,NAN,NAN,NAN,NAN
2017,12,24,7,30,NAN,NAN,NAN,NAN,NAN
2017,12,24,8,0,NAN,NAN,NAN,NAN,NAN
2017,12,24,8,30,NAN,NAN,NAN,NAN,NAN
2017,12,24,9,0,NAN,NAN,NAN,NAN,NAN
2017,12,24,9,30,NAN,NAN,NAN,NAN,NAN
2017,12,24,10,0,NAN,NAN,NAN,NAN,NAN
2017,12,24,10,30,NAN,NAN,NAN,NAN,NAN
2017,12,24,11,0,NAN,NAN,NAN,NAN,NAN
2017,12,24,11,30,NAN,NAN,NAN,NAN,NAN
2017,12,24,12,0,NAN,NAN,NAN,NAN,NAN
2017,12,24,12,30,NAN,NAN,NAN,NAN,NAN
2017,12,24,13,0,NAN,NAN,NAN,NAN,NAN
2017,12,24,13,30,NAN,NAN,NAN,NAN,NAN
2017,12,24,14,0,NAN,NAN,NAN,NAN,NAN
2017,12,24,14,30,NAN,NAN,NAN,NAN,NAN
2017,12,24,15,0,NAN,NAN,NAN,NAN,NAN
2017,12,24,15,30,NAN,NAN,NAN,NAN,NAN
2017,12,24,16,0,NAN,NAN,NAN,NAN,NAN
2017,12,24,16,30,NAN,NAN,NAN,NAN,NAN
2017,12,24,17,0,NAN,NAN,NAN,NAN,NAN
2017,12,24,17,30,NAN,NAN,NAN,NAN,NAN
2017,12,24,18,0,NAN,NAN,NAN,NAN,NAN
2017,12,24,18,30,NAN,NAN,NAN,NAN,NAN
2017,12,24,19,0,NAN,NAN,NAN,NAN,NAN
2017,12,24,19,30,NAN,NAN,NAN,NAN,NAN
2017,12,24,20,0,NAN,NAN,NAN,NAN,NAN
2017,12,24,20,30,NAN,NAN,NAN,NAN,NAN
2017,12,24,21,0,NAN,NAN,NAN,NAN,NAN
2017,12,24,21,30,NAN,NAN,NAN,NAN,NAN
2017,12,24,22,0,NAN,NAN,NAN,NAN,NAN
2017,12,24,22,30,NAN,NAN,NAN,NAN,NAN
2017,12,24,23,0,NAN,NAN,NAN,NAN,NAN
2017,12,24,23,30,NAN,NAN,NAN,NAN,NAN
2017,12,24,24,0,NAN,NAN,NAN,NAN,NAN
2017,12,25,0,30,NAN,NAN,NAN,NAN,NAN
2017,12,25,1,0,NAN,NAN,NAN,NAN,NAN
2017,12,25,1,30,NAN,NAN,NAN,NAN,NAN
2017,12,25,2,0,NAN,NAN,NAN,NAN,NAN
2017,12,25,2,30,NAN,NAN,NAN,NAN,NAN
2017,12,25,3,0,NAN,NAN,NAN,NAN,NAN
2017,12,25,3,30,NAN,NAN,NAN,NAN,NAN
2017,12,25,4,0,NAN,NAN,NAN,NAN,NAN
2017,12,25,4,30,NAN,NAN,NAN,NAN,NAN
2017,12,25,5,0,NAN,NAN,NAN,NAN,NAN
2017,12,25,5,30,NAN,NAN,NAN,NAN,NAN
2017,12,25,6,0,NAN,NAN,NAN,NAN,NAN
2017,12,25,6,30,NAN,NAN,NAN,NAN,NAN
2017,12,25,7,0,NAN,NAN,NAN,NAN,NAN
2017,12,25,7,30,NAN,NAN,NAN,NAN,NAN
2017,12,25,8,0,NAN,NAN,NAN,NAN,NAN
2017,12,25,8,30,NAN,NAN,NAN,NAN,NAN
2017,12,25,9,0,NAN,NAN,NAN,NAN,NAN
2017,12,25,9,30,NAN,NAN,NAN,NAN,NAN
2017,12,25,10,0,NAN,NAN,NAN,NAN,NAN
2017,12,25,10,30,NAN,NAN,NAN,NAN,NAN
2017,12,25,11,0,NAN,NAN,NAN,NAN,NAN
2017,12,25,11,30,NAN,NAN,NAN,NAN,NAN
2017,12,25,12,0,NAN,NAN,NAN,NAN,NAN
2017,12,25,12,30,NAN,NAN,NAN,NAN,NAN
2017,12,25,13,0,NAN,NAN,NAN,NAN,NAN
2017,12,25,13,30,NAN,NAN,NAN,NAN,NAN
2017,12,25,14,0,NAN,NAN,NAN,NAN,NAN
2017,12,25,14,30,NAN,NAN,NAN,NAN,NAN
2017,12,25,15,0,NAN,NAN,NAN,NAN,NAN
2017,12,25,15,30,NAN,NAN,NAN,NAN,NAN
2017,12,25,16,0,NAN,NAN,NAN,NAN,NAN
2017,12,25,16,30,NAN,NAN,NAN,NAN,NAN
2017,12,25,17,0,NAN,NAN,NAN,NAN,NAN
2017,12,25,17,30,NAN,NAN,NAN,NAN,NAN
2017,12,25,18,0,NAN,NAN,NAN,NAN,NAN
2017,12,25,18,30,NAN,NAN,NAN,NAN,NAN
2017,12,25,19,0,NAN,NAN,NAN,NAN,NAN
2017,12,25,19,30,NAN,NAN,NAN,NAN,NAN
2017,12,25,20,0,NAN,NAN,NAN,NAN,NAN
2017,12,25,20,30,NAN,NAN,NAN,NAN,NAN
2017,12,25,21,0,NAN,NAN,NAN,NAN,NAN
2017,12,25,21,30,NAN,NAN,NAN,NAN,NAN
2017,12,25,22,0,NAN,NAN,NAN,NAN,NAN
2017,12,25,22,30,NAN,NAN,NAN,NAN,NAN
2017,12,25,23,0,NAN,NAN,NAN,NAN,NAN
2017,12,25,23,30,NAN,NAN,NAN,NAN,NAN
2017,12,25,24,0,NAN,NAN,NAN,NAN,NAN
2017,12,26,0,30,NAN,NAN,NAN,NAN,NAN
2017,12,26,1,0,NAN,NAN,NAN,NAN,NAN
2017,12,26,1,30,NAN,NAN,NAN,NAN,NAN
2017,12,26,2,0,NAN,NAN,NAN,NAN,NAN
2017,12,26,2,30,NAN,NAN,NAN,NAN,NAN
2017,12,26,3,0,NAN,NAN,NAN,NAN,NAN
2017,12,26,3,30,NAN,NAN,NAN,NAN,NAN
2017,12,26,4,0,NAN,NAN,NAN,NAN,NAN
2017,12,26,4,30,NAN,NAN,NAN,NAN,NAN
2017,12,26,5,0,NAN,NAN,NAN,NAN,NAN
2017,12,26,5,30,NAN,NAN,NAN,NAN,NAN
2017,12,26,6,0,NAN,NAN,NAN,NAN,NAN
2017,12,26,6,30,NAN,NAN,NAN,NAN,NAN
2017,12,26,7,0,NAN,NAN,NAN,NAN,NAN
2017,12,26,7,30,NAN,NAN,NAN,NAN,NAN
2017,12,26,8,0,NAN,NAN,NAN,NAN,NAN
2017,12,26,8,30,NAN,NAN,NAN,NAN,NAN
2017,12,26,9,0,NAN,NAN,NAN,NAN,NAN
2017,12,26,9,30,NAN,NAN,NAN,NAN,NAN
2017,12,26,10,0,NAN,NAN,NAN,NAN,NAN
2017,12,26,10,30,NAN,NAN,NAN,NAN,NAN
2017,12,26,11,0,NAN,NAN,NAN,NAN,NAN
2017,12,26,11,30,NAN,NAN,NAN,NAN,NAN
2017,12,26,12,0,NAN,NAN,NAN,NAN,NAN
2017,12,26,12,30,NAN,NAN,NAN,NAN,NAN
2017,12,26,13,0,NAN,NAN,NAN,NAN,NAN
2017,12,26,13,30,NAN,NAN,NAN,NAN,NAN
2017,12,26,14,0,NAN,NAN,NAN,NAN,NAN
2017,12,26,14,30,NAN,NAN,NAN,NAN,NAN
2017,12,26,15,0,NAN,NAN,NAN,NAN,NAN
2017,12,26,15,30,NAN,NAN,NAN,NAN,NAN
2017,12,26,16,0,NAN,NAN,NAN,NAN,NAN
2017,12,26,16,30,NAN,NAN,NAN,NAN,NAN
2017,12,26,17,0,NAN,NAN,NAN,NAN,NAN
2017,12,26,17,30,NAN,NAN,NAN,NAN,NAN
2017,12,26,18,0,NAN,NAN,NAN,NAN,NAN
2017,12,26,18,30,NAN,NAN,NAN,NAN,NAN
2017,12,26,19,0,NAN,NAN,NAN,NAN,NAN
2017,12,26,19,30,NAN,NAN,NAN,NAN,NAN
2017,12,26,20,0,NAN,NAN,NAN,NAN,NAN
2017,12,26,20,30,NAN,NAN,NAN,NAN,NAN
2017,12,26,21,0,NAN,NAN,NAN,NAN,NAN
2017,12,26,21,30,NAN,NAN,NAN,NAN,NAN
2017,12,26,22,0,NAN,NAN,NAN,NAN,NAN
2017,12,26,22,30,NAN,NAN,NAN,NAN,NAN
2017,12,26,23,0,NAN,NAN,NAN,NAN,NAN
2017,12,26,23,30,NAN,NAN,NAN,NAN,NAN
2017,12,26,24,0,NAN,NAN,NAN,NAN,NAN
2017,12,27,0,30,NAN,NAN,NAN,NAN,NAN
2017,12,27,1,0,NAN,NAN,NAN,NAN,NAN
2017,12,27,1,30,NAN,NAN,NAN,NAN,NAN
2017,12,27,2,0,NAN,NAN,NAN,NAN,NAN
2017,12,27,2,30,NAN,NAN,NAN,NAN,NAN
2017,12,27,3,0,NAN,NAN,NAN,NAN,NAN
2017,12,27,3,30,NAN,NAN,NAN,NAN,NAN
2017,12,27,4,0,NAN,NAN,NAN,NAN,NAN
2017,12,27,4,30,NAN,NAN,NAN,NAN,NAN
2017,12,27,5,0,NAN,NAN,NAN,NAN,NAN
2017,12,27,5,30,NAN,NAN,NAN,NAN,NAN
2017,12,27,6,0,NAN,NAN,NAN,NAN,NAN
2017,12,27,6,30,NAN,NAN,NAN,NAN,NAN
2017,12,27,7,0,NAN,NAN,NAN,NAN,NAN
2017,12,27,7,30,NAN,NAN,NAN,NAN,NAN
2017,12,27,8,0,NAN,NAN,NAN,NAN,NAN
2017,12,27,8,30,NAN,NAN,NAN,NAN,NAN
2017,12,27,9,0,NAN,NAN,NAN,NAN,NAN
2017,12,27,9,30,NAN,NAN,NAN,NAN,NAN
2017,12,27,10,0,NAN,NAN,NAN,NAN,NAN
2017,12,27,10,30,NAN,NAN,NAN,NAN,NAN
2017,12,27,11,0,NAN,NAN,NAN,NAN,NAN
2017,12,27,11,30,NAN,NAN,NAN,NAN,NAN
2017,12,27,12,0,NAN,NAN,NAN,NAN,NAN
2017,12,27,12,30,NAN,NAN,NAN,NAN,NAN
2017,12,27,13,0,NAN,NAN,NAN,NAN,NAN
2017,12,27,13,30,NAN,NAN,NAN,NAN,NAN
2017,12,27,14,0,NAN,NAN,NAN,NAN,NAN
2017,12,27,14,30,NAN,NAN,NAN,NAN,NAN
2017,12,27,15,0,NAN,NAN,NAN,NAN,NAN
2017,12,27,15,30,NAN,NAN,NAN,NAN,NAN
2017,12,27,16,0,NAN,NAN,NAN,NAN,NAN
2017,12,27,16,30,NAN,NAN,NAN,NAN,NAN
2017,12,27,17,0,NAN,NAN,NAN,NAN,NAN
2017,12,27,17,30,NAN,NAN,NAN,NAN,NAN
2017,12,27,18,0,NAN,NAN,NAN,NAN,NAN
2017,12,27,18,30,NAN,NAN,NAN,NAN,NAN
2017,12,27,19,0,NAN,NAN,NAN,NAN,NAN
2017,12,27,19,30,NAN,NAN,NAN,NAN,NAN
2017,12,27,20,0,NAN,NAN,NAN,NAN,NAN
2017,12,27,20,30,NAN,NAN,NAN,NAN,NAN
2017,12,27,21,0,NAN,NAN,NAN,NAN,NAN
2017,12,27,21,30,NAN,NAN,NAN,NAN,NAN
2017,12,27,22,0,NAN,NAN,NAN,NAN,NAN
2017,12,27,22,30,NAN,NAN,NAN,NAN,NAN
2017,12,27,23,0,NAN,NAN,NAN,NAN,NAN
2017,12,27,23,30,NAN,NAN,NAN,NAN,NAN
2017,12,27,24,0,NAN,NAN,NAN,NAN,NAN
2017,12,28,0,30,NAN,NAN,NAN,NAN,NAN
2017,12,28,1,0,NAN,NAN,NAN,NAN,NAN
2017,12,28,1,30,NAN,NAN,NAN,NAN,NAN
2017,12,28,2,0,NAN,NAN,NAN,NAN,NAN
2017,12,28,2,30,NAN,NAN,NAN,NAN,NAN
2017,12,28,3,0,NAN,NAN,NAN,NAN,NAN
2017,12,28,3,30,NAN,NAN,NAN,NAN,NAN
2017,12,28,4,0,NAN,NAN,NAN,NAN,NAN
2017,12,28,4,30,NAN,NAN,NAN,NAN,NAN
2017,12,28,5,0,NAN,NAN,NAN,NAN,NAN
2017,12,28,5,30,NAN,NAN,NAN,NAN,NAN
2017,12,28,6,0,NAN,NAN,NAN,NAN,NAN
2017,12,28,6,30,NAN,NAN,NAN,NAN,NAN
2017,12,28,7,0,NAN,NAN,NAN,NAN,NAN
2017,12,28,7,30,NAN,NAN,NAN,NAN,NAN
2017,12,28,8,0,NAN,NAN,NAN,NAN,NAN
2017,12,28,8,30,NAN,NAN,NAN,NAN,NAN
2017,12,28,9,0,NAN,NAN,NAN,NAN,NAN
2017,12,28,9,30,NAN,NAN,NAN,NAN,NAN
2017,12,28,10,0,NAN,NAN,NAN,NAN,NAN
2017,12,28,10,30,NAN,NAN,NAN,NAN,NAN
2017,12,28,11,0,NAN,NAN,NAN,NAN,NAN
2017,12,28,11,30,NAN,NAN,NAN,NAN,NAN
2017,12,28,12,0,NAN,NAN,NAN,NAN,NAN
2017,12,28,12,30,NAN,NAN,NAN,NAN,NAN
2017,12,28,13,0,NAN,NAN,NAN,NAN,NAN
2017,12,28,13,30,NAN,NAN,NAN,NAN,NAN
2017,12,28,14,0,NAN,NAN,NAN,NAN,NAN
2017,12,28,14,30,NAN,NAN,NAN,NAN,NAN
2017,12,28,15,0,NAN,NAN,NAN,NAN,NAN
2017,12,28,15,30,NAN,NAN,NAN,NAN,NAN
2017,12,28,16,0,NAN,NAN,NAN,NAN,NAN
2017,12,28,16,30,NAN,NAN,NAN,NAN,NAN
2017,12,28,17,0,NAN,NAN,NAN,NAN,NAN
2017,12,28,17,30,NAN,NAN,NAN,NAN,NAN
2017,12,28,18,0,NAN,NAN,NAN,NAN,NAN
2017,12,28,18,30,NAN,NAN,NAN,NAN,NAN
2017,12,28,19,0,NAN,NAN,NAN,NAN,NAN
2017,12,28,19,30,NAN,NAN,NAN,NAN,NAN
2017,12,28,20,0,NAN,NAN,NAN,NAN,NAN
2017,12,28,20,30,NAN,NAN,NAN,NAN,NAN
2017,12,28,21,0,NAN,NAN,NAN,NAN,NAN
2017,12,28,21,30,NAN,NAN,NAN,NAN,NAN
2017,12,28,22,0,NAN,NAN,NAN,NAN,NAN
2017,12,28,22,30,NAN,NAN,NAN,NAN,NAN
2017,12,28,23,0,NAN,NAN,NAN,NAN,NAN
2017,12,28,23,30,NAN,NAN,NAN,NAN,NAN
2017,12,28,24,0,NAN,NAN,NAN,NAN,NAN
2017,12,29,0,30,NAN,NAN,NAN,NAN,NAN
2017,12,29,1,0,NAN,NAN,NAN,NAN,NAN
2017,12,29,1,30,NAN,NAN,NAN,NAN,NAN
2017,12,29,2,0,NAN,NAN,NAN,NAN,NAN
2017,12,29,2,30,NAN,NAN,NAN,NAN,NAN
2017,12,29,3,0,NAN,NAN,NAN,NAN,NAN
2017,12,29,3,30,NAN,NAN,NAN,NAN,NAN
2017,12,29,4,0,NAN,NAN,NAN,NAN,NAN
2017,12,29,4,30,NAN,NAN,NAN,NAN,NAN
2017,12,29,5,0,NAN,NAN,NAN,NAN,NAN
2017,12,29,5,30,NAN,NAN,NAN,NAN,NAN
2017,12,29,6,0,NAN,NAN,NAN,NAN,NAN
2017,12,29,6,30,NAN,NAN,NAN,NAN,NAN
2017,12,29,7,0,NAN,NAN,NAN,NAN,NAN
2017,12,29,7,30,NAN,NAN,NAN,NAN,NAN
2017,12,29,8,0,NAN,NAN,NAN,NAN,NAN
2017,12,29,8,30,NAN,NAN,NAN,NAN,NAN
2017,12,29,9,0,NAN,NAN,NAN,NAN,NAN
2017,12,29,9,30,NAN,NAN,NAN,NAN,NAN
2017,12,29,10,0,NAN,NAN,NAN,NAN,NAN
2017,12,29,10,30,NAN,NAN,NAN,NAN,NAN
2017,12,29,11,0,NAN,NAN,NAN,NAN,NAN
2017,12,29,11,30,NAN,NAN,NAN,NAN,NAN
2017,12,29,12,0,NAN,NAN,NAN,NAN,NAN
2017,12,29,12,30,NAN,NAN,NAN,NAN,NAN
2017,12,29,13,0,NAN,NAN,NAN,NAN,NAN
2017,12,29,13,30,NAN,NAN,NAN,NAN,NAN
2017,12,29,14,0,NAN,NAN,NAN,NAN,NAN
2017,12,29,14,30,NAN,NAN,NAN,NAN,NAN
2017,12,29,15,0,NAN,NAN,NAN,NAN,NAN
2017,12,29,15,30,NAN,NAN,NAN,NAN,NAN
2017,12,29,16,0,NAN,NAN,NAN,NAN,NAN
2017,12,29,16,30,NAN,NAN,NAN,NAN,NAN
2017,12,29,17,0,NAN,NAN,NAN,NAN,NAN
2017,12,29,17,30,NAN,NAN,NAN,NAN,NAN
2017,12,29,18,0,NAN,NAN,NAN,NAN,NAN
2017,12,29,18,30,NAN,NAN,NAN,NAN,NAN
2017,12,29,19,0,NAN,NAN,NAN,NAN,NAN
2017,12,29,19,30,NAN,NAN,NAN,NAN,NAN
2017,12,29,20,0,NAN,NAN,NAN,NAN,NAN
2017,12,29,20,30,NAN,NAN,NAN,NAN,NAN
2017,12,29,21,0,NAN,NAN,NAN,NAN,NAN
2017,12,29,21,30,NAN,NAN,NAN,NAN,NAN
2017,12,29,22,0,NAN,NAN,NAN,NAN,NAN
2017,12,29,22,30,NAN,NAN,NAN,NAN,NAN
2017,12,29,23,0,NAN,NAN,NAN,NAN,NAN
2017,12,29,23,30,NAN,NAN,NAN,NAN,NAN
2017,12,29,24,0,NAN,NAN,NAN,NAN,NAN
2017,12,30,0,30,NAN,NAN,NAN,NAN,NAN
2017,12,30,1,0,NAN,NAN,NAN,NAN,NAN
2017,12,30,1,30,NAN,NAN,NAN,NAN,NAN
2017,12,30,2,0,NAN,NAN,NAN,NAN,NAN
2017,12,30,2,30,NAN,NAN,NAN,NAN,NAN
2017,12,30,3,0,NAN,NAN,NAN,NAN,NAN
2017,12,30,3,30,NAN,NAN,NAN,NAN,NAN
2017,12,30,4,0,NAN,NAN,NAN,NAN,NAN
2017,12,30,4,30,NAN,NAN,NAN,NAN,NAN
2017,12,30,5,0,NAN,NAN,NAN,NAN,NAN
2017,12,30,5,30,NAN,NAN,NAN,NAN,NAN
2017,12,30,6,0,NAN,NAN,NAN,NAN,NAN
2017,12,30,6,30,NAN,NAN,NAN,NAN,NAN
2017,12,30,7,0,NAN,NAN,NAN,NAN,NAN
2017,12,30,7,30,NAN,NAN,NAN,NAN,NAN
2017,12,30,8,0,NAN,NAN,NAN,NAN,NAN
2017,12,30,8,30,NAN,NAN,NAN,NAN,NAN
2017,12,30,9,0,NAN,NAN,NAN,NAN,NAN
2017,12,30,9,30,NAN,NAN,NAN,NAN,NAN
2017,12,30,10,0,NAN,NAN,NAN,NAN,NAN
2017,12,30,10,30,NAN,NAN,NAN,NAN,NAN
2017,12,30,11,0,NAN,NAN,NAN,NAN,NAN
2017,12,30,11,30,NAN,NAN,NAN,NAN,NAN
2017,12,30,12,0,NAN,NAN,NAN,NAN,NAN
2017,12,30,12,30,NAN,NAN,NAN,NAN,NAN
2017,12,30,13,0,NAN,NAN,NAN,NAN,NAN
2017,12,30,13,30,NAN,NAN,NAN,NAN,NAN
2017,12,30,14,0,NAN,NAN,NAN,NAN,NAN
2017,12,30,14,30,NAN,NAN,NAN,NAN,NAN
2017,12,30,15,0,NAN,NAN,NAN,NAN,NAN
2017,12,30,15,30,NAN,NAN,NAN,NAN,NAN
2017,12,30,16,0,NAN,NAN,NAN,NAN,NAN
2017,12,30,16,30,NAN,NAN,NAN,NAN,NAN
2017,12,30,17,0,NAN,NAN,NAN,NAN,NAN
2017,12,30,17,30,NAN,NAN,NAN,NAN,NAN
2017,12,30,18,0,NAN,NAN,NAN,NAN,NAN
2017,12,30,18,30,NAN,NAN,NAN,NAN,NAN
2017,12,30,19,0,NAN,NAN,NAN,NAN,NAN
2017,12,30,19,30,NAN,NAN,NAN,NAN,NAN
2017,12,30,20,0,NAN,NAN,NAN,NAN,NAN
2017,12,30,20,30,NAN,NAN,NAN,NAN,NAN
2017,12,30,21,0,NAN,NAN,NAN,NAN,NAN
2017,12,30,21,30,NAN,NAN,NAN,NAN,NAN
2017,12,30,22,0,NAN,NAN,NAN,NAN,NAN
2017,12,30,22,30,NAN,NAN,NAN,NAN,NAN
2017,12,30,23,0,NAN,NAN,NAN,NAN,NAN
2017,12,30,23,30,NAN,NAN,NAN,NAN,NAN
2017,12,30,24,0,NAN,NAN,NAN,NAN,NAN
2017,12,31,0,30,NAN,NAN,NAN,NAN,NAN
2017,12,31,1,0,NAN,NAN,NAN,NAN,NAN
2017,12,31,1,30,NAN,NAN,NAN,NAN,NAN
2017,12,31,2,0,NAN,NAN,NAN,NAN,NAN
2017,12,31,2,30,NAN,NAN,NAN,NAN,NAN
2017,12,31,3,0,NAN,NAN,NAN,NAN,NAN
2017,12,31,3,30,NAN,NAN,NAN,NAN,NAN
2017,12,31,4,0,NAN,NAN,NAN,NAN,NAN
2017,12,31,4,30,NAN,NAN,NAN,NAN,NAN
2017,12,31,5,0,NAN,NAN,NAN,NAN,NAN
2017,12,31,5,30,NAN,NAN,NAN,NAN,NAN
2017,12,31,6,0,NAN,NAN,NAN,NAN,NAN
2017,12,31,6,30,NAN,NAN,NAN,NAN,NAN
2017,12,31,7,0,NAN,NAN,NAN,NAN,NAN
2017,12,31,7,30,NAN,NAN,NAN,NAN,NAN
2017,12,31,8,0,NAN,NAN,NAN,NAN,NAN
2017,12,31,8,30,NAN,NAN,NAN,NAN,NAN
2017,12,31,9,0,NAN,NAN,NAN,NAN,NAN
2017,12,31,9,30,NAN,NAN,NAN,NAN,NAN
2017,12,31,10,0,NAN,NAN,NAN,NAN,NAN
2017,12,31,10,30,NAN,NAN,NAN,NAN,NAN
2017,12,31,11,0,NAN,NAN,NAN,NAN,NAN
2017,12,31,11,30,NAN,NAN,NAN,NAN,NAN
2017,12,31,12,0,NAN,NAN,NAN,NAN,NAN
2017,12,31,12,30,NAN,NAN,NAN,NAN,NAN
2017,12,31,13,0,NAN,NAN,NAN,NAN,NAN
2017,12,31,13,30,NAN,NAN,NAN,NAN,NAN
2017,12,31,14,0,NAN,NAN,NAN,NAN,NAN
2017,12,31,14,30,NAN,NAN,NAN,NAN,NAN
2017,12,31,15,0,NAN,NAN,NAN,NAN,NAN
2017,12,31,15,30,NAN,NAN,NAN,NAN,NAN
2017,12,31,16,0,NAN,NAN,NAN,NAN,NAN
2017,12,31,16,30,NAN,NAN,NAN,NAN,NAN
2017,12,31,17,0,NAN,NAN,NAN,NAN,NAN
2017,12,31,17,30,NAN,NAN,NAN,NAN,NAN
2017,12,31,18,0,NAN,NAN,NAN,NAN,NAN
2017,12,31,18,30,NAN,NAN,NAN,NAN,NAN
2017,12,31,19,0,NAN,NAN,NAN,NAN,NAN
2017,12,31,19,30,NAN,NAN,NAN,NAN,NAN
2017,12,31,20,0,NAN,NAN,NAN,NAN,NAN
2017,12,31,20,30,NAN,NAN,NAN,NAN,NAN
2017,12,31,21,0,NAN,NAN,NAN,NAN,NAN
2017,12,31,21,30,NAN,NAN,NAN,NAN,NAN
2017,12,31,22,0,NAN,NAN,NAN,NAN,NAN
2017,12,31,22,30,NAN,NAN,NAN,NAN,NAN
2017,12,31,23,0,NAN,NAN,NAN,NAN,NAN
2017,12,31,23,30,NAN,NAN,NAN,NAN,NAN
2017,12,31,24,0,NAN,NAN,NAN,NAN,NAN
